Time,Weather,Temperature,Feels_Like,Wind_Speed
00:00:09,Light Rain,12,12,1
00:02:08,Light Rain,12,12,1
00:04:08,Light Rain,12,12,1
00:06:09,Light Rain,12,12,1
00:08:08,Light Rain,12,12,1
00:10:09,Light Rain,12,12,1
00:12:09,Light Rain,12,12,3
00:14:09,Light Rain,12,12,3
00:16:08,Light Rain,12,12,3
00:18:09,Light Rain,12,12,3
00:20:08,Light Rain,12,12,3
00:22:08,Light Rain,12,12,3
00:24:09,Light Rain,12,12,3
00:26:09,Light Rain,12,12,3
00:28:08,Light Rain,12,12,3
00:30:09,Light Rain,12,12,3
00:32:09,Light Rain,12,12,3
00:34:08,Light Rain,12,12,3
00:36:08,Light Rain,12,12,3
00:38:09,Light Rain,12,12,3
00:40:09,Light Rain,12,12,3
00:42:08,Light Rain,12,12,3
00:44:09,Light Rain,12,12,3
00:46:09,Light Rain,12,12,3
00:48:08,Light Rain,12,12,3
00:50:09,Light Rain,12,12,3
00:52:08,Light Rain,12,12,3
00:54:09,Light Rain,12,12,3
00:56:09,Light Rain,12,12,3
00:58:08,Light Rain,12,12,3
01:00:16,Light Rain,12,12,3
01:02:09,Light Rain,12,12,3
01:04:09,Light Rain,12,12,3
01:06:08,Light Rain,12,12,3
01:08:09,Mostly Cloudy,12,12,11
01:10:09,Mostly Cloudy,12,12,11
01:12:08,Mostly Cloudy,12,12,11
01:14:09,Mostly Cloudy,12,12,11
01:16:09,Mostly Cloudy,12,12,11
01:18:09,Mostly Cloudy,12,12,11
01:20:09,Mostly Cloudy,12,12,11
01:22:09,Mostly Cloudy,12,12,11
01:24:08,Mostly Cloudy,12,12,11
01:26:09,Mostly Cloudy,12,12,11
01:28:09,Mostly Cloudy,12,12,11
01:30:09,Mostly Cloudy,12,12,11
01:32:09,Mostly Cloudy,12,12,11
01:34:09,Mostly Cloudy,12,12,11
01:36:08,Mostly Cloudy,12,12,11
01:38:09,Mostly Cloudy,12,12,11
01:40:09,Mostly Cloudy,12,12,11
01:42:09,Mostly Cloudy,12,12,11
01:44:09,Mostly Cloudy,12,12,11
01:46:08,Mostly Cloudy,12,12,11
01:48:09,Mostly Cloudy,12,12,11
01:50:09,Mostly Cloudy,12,12,11
01:52:09,Mostly Cloudy,12,12,11
01:54:08,Mostly Cloudy,12,12,11
01:56:09,Mostly Cloudy,12,12,11
01:58:09,Mostly Cloudy,12,12,11
02:00:08,Mostly Cloudy,12,12,11
02:02:09,Mostly Cloudy,12,12,11
02:04:09,Mostly Cloudy,12,12,11
02:06:09,Mostly Cloudy,12,12,11
02:08:09,Mostly Cloudy,12,12,11
02:10:09,Mostly Cloudy,12,12,11
02:12:08,Mostly Cloudy,12,12,11
02:14:08,Mostly Cloudy,12,12,11
02:16:09,Mostly Cloudy,12,12,11
02:18:09,Light Drizzle,12,12,11
02:20:08,Light Drizzle,12,12,11
02:22:09,Light Drizzle,12,12,11
02:24:09,Light Drizzle,12,12,11
02:26:09,Light Drizzle,12,12,11
02:28:09,Light Drizzle,12,12,11
02:30:09,Light Drizzle,12,12,11
02:32:09,Light Drizzle,12,12,11
02:34:09,Light Drizzle,12,12,11
02:36:08,Light Drizzle,12,12,11
02:38:09,Light Drizzle,12,12,11
02:40:09,Light Drizzle,12,12,11
02:42:08,Light Drizzle,12,12,11
02:44:09,Light Drizzle,12,12,11
02:46:09,Light Drizzle,12,12,11
02:48:08,Light Drizzle,12,12,11
02:50:09,Light Drizzle,12,12,11
02:52:09,Light Drizzle,12,12,11
02:54:09,Light Drizzle,12,12,11
02:56:09,Light Drizzle,12,12,11
02:58:09,Light Drizzle,12,12,11
03:00:09,Light Drizzle,12,12,11
03:02:08,Light Drizzle,12,12,11
03:04:09,Light Drizzle,12,12,11
03:06:09,Light Drizzle,12,12,11
03:08:09,Light Drizzle,12,12,11
03:10:08,Light Drizzle,12,12,11
03:12:08,Light Drizzle,12,12,11
03:14:09,Light Drizzle,12,12,11
03:16:09,Light Drizzle,12,12,11
03:18:08,Mostly Cloudy,12,12,8
03:20:09,Mostly Cloudy,12,12,8
03:22:09,Mostly Cloudy,12,12,8
03:24:09,Mostly Cloudy,12,12,8
03:26:09,Mostly Cloudy,12,12,8
03:28:08,Mostly Cloudy,12,12,8
03:30:09,Mostly Cloudy,12,12,8
03:32:08,Mostly Cloudy,12,12,8
03:34:09,Mostly Cloudy,12,12,8
03:36:09,Mostly Cloudy,12,12,8
03:38:08,Mostly Cloudy,12,12,8
03:40:09,Mostly Cloudy,12,12,8
03:42:09,Mostly Cloudy,12,12,8
03:44:09,Mostly Cloudy,12,12,8
03:46:08,Mostly Cloudy,12,12,8
03:48:09,Mostly Cloudy,12,12,8
03:50:09,Mostly Cloudy,12,12,8
03:52:08,Mostly Cloudy,12,12,8
03:54:08,Mostly Cloudy,12,12,8
03:56:09,Mostly Cloudy,12,12,8
03:58:09,Mostly Cloudy,12,12,8
04:00:09,Mostly Cloudy,12,12,8
04:02:08,Mostly Cloudy,12,12,8
04:04:08,Mostly Cloudy,12,12,8
04:06:09,Mostly Cloudy,12,12,8
04:08:09,Mostly Cloudy,12,12,8
04:10:09,Mostly Cloudy,12,12,8
04:12:09,Mostly Cloudy,12,12,12
04:14:09,Mostly Cloudy,12,12,12
04:16:09,Mostly Cloudy,12,12,12
04:18:08,Mostly Cloudy,12,12,12
04:20:09,Mostly Cloudy,12,12,12
04:22:08,Mostly Cloudy,12,12,12
04:24:09,Mostly Cloudy,12,12,12
04:26:09,Mostly Cloudy,12,12,12
04:28:09,Mostly Cloudy,12,12,12
04:30:09,Mostly Cloudy,12,12,12
04:32:09,Mostly Cloudy,12,12,12
04:34:08,Mostly Cloudy,12,12,12
04:36:09,Mostly Cloudy,12,12,12
04:38:09,Mostly Cloudy,12,12,12
04:40:08,Mostly Cloudy,12,12,12
04:42:09,Mostly Cloudy,12,12,12
04:44:08,Mostly Cloudy,12,12,12
04:46:08,Mostly Cloudy,12,12,12
04:48:09,Mostly Cloudy,12,12,12
04:50:09,Mostly Cloudy,12,12,12
04:52:09,Mostly Cloudy,12,12,12
04:54:08,Mostly Cloudy,12,12,12
04:56:09,Mostly Cloudy,12,12,12
04:58:09,Mostly Cloudy,12,12,12
05:00:08,Mostly Cloudy,12,12,12
05:02:09,Mostly Cloudy,12,12,12
05:04:09,Mostly Cloudy,12,12,12
05:06:09,Mostly Cloudy,12,12,12
05:08:09,Mostly Cloudy,12,12,12
05:10:09,Mostly Cloudy,12,12,12
05:12:09,Mostly Cloudy,12,12,12
05:14:08,Mostly Cloudy,12,12,12
05:16:08,Mostly Cloudy,12,12,12
05:18:09,Mostly Cloudy,12,12,11
05:20:08,Mostly Cloudy,12,12,11
05:22:08,Mostly Cloudy,12,12,11
05:24:09,Mostly Cloudy,12,12,11
05:26:09,Mostly Cloudy,12,12,11
05:28:08,Mostly Cloudy,12,12,11
05:30:08,Mostly Cloudy,12,12,11
05:32:09,Mostly Cloudy,12,12,11
05:34:09,Mostly Cloudy,12,12,11
05:36:08,Mostly Cloudy,12,12,11
05:38:09,Mostly Cloudy,12,12,11
05:40:09,Mostly Cloudy,12,12,11
05:42:09,Mostly Cloudy,12,12,11
05:44:09,Mostly Cloudy,12,12,11
05:46:09,Mostly Cloudy,12,12,11
05:48:09,Mostly Cloudy,12,12,11
05:50:08,Mostly Cloudy,12,12,11
05:52:09,Mostly Cloudy,12,12,11
05:54:09,Mostly Cloudy,12,12,11
05:56:08,Mostly Cloudy,12,12,11
05:58:09,Mostly Cloudy,12,12,11
06:00:09,Mostly Cloudy,12,12,11
06:02:08,Mostly Cloudy,12,12,11
06:04:09,Mostly Cloudy,12,12,11
06:06:09,Mostly Cloudy,12,12,11
06:08:08,Mostly Cloudy,12,12,11
06:10:09,Mostly Cloudy,12,12,11
06:12:09,Mostly Cloudy,12,12,11
06:14:08,Mostly Cloudy,12,12,11
06:16:09,Mostly Cloudy,12,12,12
06:18:08,Mostly Cloudy,12,12,12
06:20:09,Mostly Cloudy,12,12,12
06:22:09,Mostly Cloudy,12,12,12
06:24:08,Mostly Cloudy,12,12,12
06:26:08,Mostly Cloudy,12,12,12
06:28:09,Mostly Cloudy,12,12,12
06:30:09,Mostly Cloudy,12,12,12
06:32:09,Mostly Cloudy,12,12,12
06:34:09,Mostly Cloudy,12,12,12
06:36:08,Mostly Cloudy,12,12,12
06:38:09,Mostly Cloudy,12,12,12
06:40:09,Mostly Cloudy,12,12,12
06:42:08,Mostly Cloudy,12,12,12
06:44:09,Mostly Cloudy,12,12,12
06:46:09,Mostly Cloudy,12,12,12
06:48:08,Mostly Cloudy,12,12,12
06:50:08,Mostly Cloudy,12,12,12
06:52:09,Mostly Cloudy,12,12,12
06:54:09,Mostly Cloudy,12,12,12
06:56:08,Mostly Cloudy,12,12,12
06:58:08,Mostly Cloudy,12,12,12
07:00:09,Mostly Cloudy,12,12,12
07:02:09,Mostly Cloudy,12,12,12
07:04:08,Mostly Cloudy,12,12,12
07:06:09,Mostly Cloudy,12,12,12
07:08:09,Mostly Cloudy,12,12,12
07:10:08,Mostly Cloudy,12,12,11
07:12:09,Mostly Cloudy,12,12,11
07:14:09,Mostly Cloudy,12,12,11
07:16:08,Mostly Cloudy,12,12,11
07:18:09,Mostly Cloudy,12,12,11
07:20:09,Mostly Cloudy,12,12,11
07:22:09,Mostly Cloudy,12,12,11
07:24:09,Mostly Cloudy,12,12,11
07:26:09,Mostly Cloudy,12,12,11
07:28:09,Mostly Cloudy,12,12,11
07:30:08,Mostly Cloudy,12,12,11
07:32:09,Mostly Cloudy,12,12,11
07:34:09,Mostly Cloudy,12,12,11
07:36:09,Mostly Cloudy,12,12,11
07:38:08,Mostly Cloudy,12,12,11
07:40:09,Mostly Cloudy,12,12,11
07:42:09,Mostly Cloudy,12,12,11
07:44:09,Mostly Cloudy,12,12,11
07:46:08,Mostly Cloudy,12,12,11
07:48:09,Mostly Cloudy,12,12,11
07:50:09,Mostly Cloudy,12,12,11
07:52:08,Mostly Cloudy,12,12,11
07:54:09,Mostly Cloudy,12,12,11
07:56:09,Mostly Cloudy,12,12,11
07:58:09,Mostly Cloudy,12,12,11
08:00:09,Mostly Cloudy,12,12,11
08:02:08,Mostly Cloudy,12,12,11
08:04:09,Mostly Cloudy,12,12,11
08:06:08,Mostly Cloudy,12,12,11
08:08:08,Mostly Cloudy,12,12,11
08:10:09,Mostly Cloudy,12,12,11
08:12:08,Mostly Cloudy,12,12,11
08:14:09,Mostly Cloudy,12,12,11
08:16:08,Mostly Cloudy,13,13,9
08:18:09,Mostly Cloudy,13,13,9
08:20:08,Mostly Cloudy,13,13,9
08:22:09,Mostly Cloudy,13,13,9
08:24:09,Mostly Cloudy,13,13,9
08:26:08,Mostly Cloudy,13,13,9
08:28:09,Mostly Cloudy,13,13,9
08:30:09,Mostly Cloudy,13,13,9
08:32:08,Mostly Cloudy,13,13,9
08:34:09,Mostly Cloudy,13,13,9
08:36:08,Mostly Cloudy,13,13,9
08:38:09,Mostly Cloudy,13,13,9
08:40:08,Mostly Cloudy,13,13,9
08:42:09,Mostly Cloudy,13,13,9
08:44:09,Mostly Cloudy,13,13,9
08:46:08,Mostly Cloudy,13,13,9
08:48:09,Mostly Cloudy,13,13,9
08:50:09,Mostly Cloudy,13,13,8
08:52:08,Mostly Cloudy,13,13,8
08:54:09,Mostly Cloudy,13,13,8
08:56:09,Mostly Cloudy,13,13,8
08:58:09,Mostly Cloudy,13,13,8
09:00:09,Mostly Cloudy,13,13,8
09:02:08,Mostly Cloudy,13,13,8
09:04:09,Mostly Cloudy,13,13,8
09:06:09,Mostly Cloudy,13,13,8
09:08:08,Mostly Cloudy,13,13,8
09:10:09,Mostly Cloudy,13,13,8
09:12:08,Mostly Cloudy,13,13,8
09:14:09,Mostly Cloudy,13,13,4
09:16:08,Mostly Cloudy,13,13,4
09:18:09,Mostly Cloudy,13,13,4
09:20:08,Mostly Cloudy,13,13,4
09:22:09,Mostly Cloudy,13,13,4
09:24:09,Mostly Cloudy,13,13,4
09:26:08,Mostly Cloudy,13,13,4
09:28:09,Mostly Cloudy,13,13,4
09:30:09,Mostly Cloudy,13,13,4
09:32:08,Mostly Cloudy,13,13,4
09:34:09,Mostly Cloudy,13,13,4
09:36:09,Mostly Cloudy,13,13,4
09:38:09,Mostly Cloudy,13,13,4
09:40:09,Mostly Cloudy,13,13,4
09:42:09,Mostly Cloudy,13,13,4
09:44:08,Mostly Cloudy,13,13,11
09:46:09,Mostly Cloudy,13,13,11
09:48:09,Mostly Cloudy,13,13,11
09:50:08,Mostly Cloudy,13,13,11
09:52:09,Mostly Cloudy,13,13,11
09:54:09,Mostly Cloudy,13,13,11
09:56:08,Mostly Cloudy,13,13,11
09:58:09,Mostly Cloudy,13,13,11
10:00:08,Mostly Cloudy,13,13,11
10:02:09,Mostly Cloudy,13,13,11
10:04:08,Mostly Cloudy,13,13,11
10:06:09,Mostly Cloudy,13,13,11
10:08:08,Mostly Cloudy,13,13,11
10:10:09,Mostly Cloudy,13,13,11
10:12:09,Light Drizzle,13,13,12
10:14:08,Light Drizzle,13,13,12
10:16:08,Light Drizzle,13,13,12
10:18:09,Light Drizzle,13,13,12
10:20:08,Light Drizzle,13,13,12
10:22:09,Light Drizzle,13,13,12
10:24:09,Light Drizzle,13,13,12
10:26:08,Light Drizzle,13,13,12
10:28:09,Light Drizzle,13,13,12
10:30:09,Light Drizzle,13,13,12
10:32:09,Light Drizzle,13,13,12
10:34:09,Light Drizzle,13,13,12
10:36:08,Light Drizzle,13,13,12
10:38:09,Light Drizzle,13,13,12
10:40:09,Light Drizzle,13,13,12
10:42:08,Light Drizzle,12,12,12
10:44:09,Light Drizzle,12,12,12
10:46:09,Light Drizzle,12,12,12
10:48:08,Light Drizzle,12,12,12
10:50:09,Light Drizzle,12,12,12
10:52:08,Light Drizzle,12,12,12
10:54:09,Light Drizzle,12,12,12
10:56:09,Light Drizzle,12,12,12
10:58:09,Light Drizzle,12,12,12
11:00:09,Light Drizzle,12,12,12
11:02:08,Light Drizzle,12,12,12
11:04:08,Light Drizzle,12,12,12
11:06:09,Light Drizzle,12,12,12
11:08:08,Light Drizzle,12,12,12
11:10:08,Light Drizzle,12,12,12
11:12:09,Light Drizzle,12,12,12
11:14:08,Light Drizzle,12,12,12
11:16:09,Light Drizzle,12,12,12
11:18:08,Light Drizzle,12,12,12
11:20:09,Light Drizzle,12,12,12
11:22:09,Light Drizzle,12,12,12
11:24:09,Light Drizzle,12,12,12
11:26:08,Light Drizzle,12,12,12
11:28:09,Light Drizzle,12,12,12
11:30:09,Light Drizzle,12,12,12
11:32:09,Light Drizzle,12,12,12
11:34:09,Light Drizzle,12,12,12
11:36:08,Light Drizzle,12,12,12
11:38:09,Light Drizzle,12,12,12
11:40:09,Light Drizzle,12,12,12
11:42:08,Light Drizzle,12,12,12
11:44:09,Light Drizzle,12,12,12
11:46:09,Light Drizzle,12,12,12
11:48:08,Light Drizzle,12,12,12
11:50:09,Light Drizzle,12,12,12
11:52:09,Light Drizzle,12,12,12
11:54:08,Light Drizzle,12,12,12
11:56:09,Light Drizzle,12,12,12
11:58:09,Light Drizzle,12,12,12
12:00:09,Light Drizzle,12,12,12
12:02:09,Light Drizzle,12,12,12
12:04:08,Light Drizzle,12,12,12
12:06:09,Light Drizzle,12,12,12
12:08:09,Light Drizzle,12,12,12
12:10:09,Light Drizzle,12,12,12
12:12:09,Light Drizzle,12,12,12
12:14:08,Light Drizzle,12,12,12
12:16:08,Light Drizzle,12,12,12
12:18:09,Light Drizzle,12,12,14
12:20:09,Light Drizzle,12,12,14
12:22:09,Light Drizzle,12,12,14
12:24:08,Light Drizzle,12,12,14
12:26:09,Light Drizzle,12,12,14
12:28:09,Light Drizzle,12,12,14
12:30:08,Light Drizzle,12,12,14
12:32:09,Light Drizzle,12,12,14
12:34:09,Light Drizzle,12,12,14
12:36:09,Light Drizzle,12,12,14
12:38:09,Light Drizzle,12,12,14
12:40:09,Light Drizzle,12,12,14
12:42:09,Light Drizzle,12,12,14
12:44:08,Light Drizzle,12,12,14
12:46:09,Light Drizzle,12,12,14
12:48:09,Light Drizzle,12,12,14
12:50:09,Light Drizzle,12,12,14
12:52:08,Light Drizzle,12,12,14
12:54:09,Light Drizzle,12,12,14
12:56:09,Light Drizzle,12,12,14
12:58:09,Light Drizzle,12,12,14
13:00:08,Light Drizzle,12,12,14
13:02:09,Light Drizzle,12,12,14
13:04:08,Light Drizzle,12,12,14
13:06:09,Light Drizzle,12,12,14
13:08:08,Light Drizzle,12,12,14
13:10:09,Light Drizzle,12,12,14
13:12:08,Light Drizzle,12,12,14
13:14:08,Light Drizzle,12,12,12
13:16:09,Light Drizzle,12,12,12
13:18:09,Light Drizzle,12,12,12
13:20:08,Light Drizzle,12,12,12
13:22:09,Light Drizzle,12,12,12
13:24:09,Light Drizzle,12,12,12
13:26:08,Light Drizzle,12,12,12
13:28:09,Light Drizzle,12,12,12
13:30:09,Light Drizzle,12,12,12
13:32:08,Light Drizzle,12,12,12
13:34:09,Light Drizzle,12,12,12
13:36:09,Light Drizzle,12,12,12
13:38:08,Light Drizzle,12,12,12
13:40:09,Light Drizzle,12,12,12
13:42:08,Light Drizzle,12,12,12
13:44:09,Light Drizzle,12,12,14
13:46:09,Light Drizzle,12,12,14
13:48:08,Light Drizzle,12,12,14
13:50:09,Light Drizzle,12,12,14
13:52:08,Light Drizzle,12,12,14
13:54:09,Light Drizzle,12,12,14
13:56:09,Light Drizzle,12,12,14
13:58:08,Light Drizzle,12,12,14
14:00:09,Light Drizzle,12,12,14
14:02:09,Light Drizzle,12,12,14
14:04:09,Light Drizzle,12,12,14
14:06:09,Light Drizzle,12,12,14
14:08:09,Light Drizzle,12,12,14
14:10:08,Light Drizzle,12,12,14
14:12:09,Light Drizzle,12,12,14
14:14:09,Mostly Cloudy,12,12,16
14:16:08,Mostly Cloudy,12,12,16
14:18:09,Mostly Cloudy,12,12,16
14:20:09,Mostly Cloudy,12,12,16
14:22:08,Mostly Cloudy,12,12,16
14:24:09,Mostly Cloudy,12,12,16
14:26:09,Mostly Cloudy,12,12,16
14:28:08,Mostly Cloudy,12,12,16
14:30:09,Mostly Cloudy,12,12,16
14:32:09,Mostly Cloudy,12,12,16
14:34:08,Mostly Cloudy,12,12,16
14:36:09,Mostly Cloudy,12,12,16
14:38:09,Light Drizzle,12,12,19
14:40:09,Light Drizzle,12,12,19
14:42:09,Light Drizzle,12,12,19
14:44:09,Light Drizzle,12,12,19
14:46:08,Light Drizzle,12,12,19
14:48:09,Light Drizzle,12,12,19
14:50:09,Light Drizzle,12,12,19
14:52:08,Light Drizzle,12,12,19
14:54:09,Light Drizzle,12,12,19
14:56:09,Light Drizzle,12,12,19
14:58:08,Light Drizzle,12,12,19
15:00:09,Light Drizzle,12,12,19
15:02:09,Light Drizzle,12,12,19
15:04:09,Light Drizzle,12,12,19
15:06:09,Light Drizzle,12,12,19
15:08:09,Light Drizzle,12,12,19
15:10:09,Light Drizzle,12,12,19
15:12:08,Light Drizzle,12,12,19
15:14:09,Light Drizzle,12,12,19
15:16:09,Light Drizzle,12,12,16
15:18:09,Light Drizzle,12,12,16
15:20:09,Light Drizzle,12,12,16
15:22:09,Light Drizzle,12,12,16
15:24:09,Light Drizzle,12,12,16
15:26:09,Light Drizzle,12,12,16
15:28:09,Light Drizzle,12,12,16
15:30:09,Light Drizzle,12,12,16
15:32:08,Light Drizzle,12,12,16
15:34:09,Light Drizzle,12,12,16
15:36:08,Light Drizzle,12,12,16
15:38:09,Light Drizzle,12,12,16
15:40:09,Light Drizzle,12,12,16
15:42:08,Light Drizzle,12,12,16
15:44:08,Light Drizzle,12,12,16
15:46:09,Light Drizzle,12,12,16
15:48:08,Light Drizzle,12,12,16
15:50:09,Light Drizzle,12,12,16
15:52:09,Light Drizzle,12,12,16
15:54:09,Light Drizzle,12,12,16
15:56:09,Light Drizzle,12,12,16
15:58:09,Light Drizzle,12,12,16
16:00:08,Light Drizzle,12,12,16
16:02:09,Light Drizzle,12,12,16
16:04:08,Light Drizzle,12,12,16
16:06:09,Light Drizzle,12,12,16
16:08:09,Light Drizzle,12,12,16
16:10:09,Light Drizzle,12,12,16
16:12:09,Light Drizzle,12,12,16
16:14:08,Light Drizzle,12,12,16
16:16:09,Light Drizzle,13,13,16
16:18:09,Light Drizzle,13,13,16
16:20:09,Light Drizzle,13,13,16
16:22:09,Light Drizzle,13,13,16
16:24:09,Light Drizzle,13,13,16
16:26:09,Light Drizzle,13,13,16
16:28:08,Light Drizzle,13,13,16
16:30:09,Light Drizzle,13,13,16
16:32:08,Light Drizzle,13,13,16
16:34:09,Light Drizzle,13,13,16
16:36:09,Light Drizzle,13,13,16
16:38:08,Light Drizzle,13,13,16
16:40:09,Light Drizzle,13,13,16
16:42:09,Light Drizzle,13,13,16
16:44:08,Light Drizzle,13,13,16
16:46:09,Light Drizzle,13,13,16
16:48:09,Light Drizzle,13,13,16
16:50:09,Light Drizzle,13,13,16
16:52:08,Light Drizzle,13,13,16
16:54:09,Light Drizzle,13,13,16
16:56:08,Light Drizzle,13,13,16
16:58:09,Light Drizzle,13,13,16
17:00:09,Light Drizzle,13,13,16
17:02:08,Light Drizzle,13,13,16
17:04:09,Light Drizzle,13,13,16
17:06:08,Light Drizzle,13,13,16
17:08:08,Light Drizzle,13,13,16
17:10:09,Light Drizzle,13,13,16
17:12:09,Light Drizzle,13,13,16
17:14:08,Light Drizzle,13,13,16
17:16:09,Light Drizzle,13,13,19
17:18:09,Light Drizzle,13,13,19
17:20:09,Light Drizzle,13,13,19
17:22:08,Light Drizzle,13,13,19
17:24:09,Light Drizzle,13,13,19
17:26:09,Light Drizzle,13,13,19
17:28:08,Light Drizzle,13,13,19
17:30:09,Light Drizzle,13,13,19
17:32:09,Light Drizzle,13,13,19
17:34:08,Light Drizzle,13,13,19
17:36:09,Light Drizzle,13,13,19
17:38:09,Light Drizzle,13,13,19
17:40:08,Light Drizzle,13,13,19
17:42:08,Light Drizzle,13,13,19
17:44:09,Light Drizzle,13,13,19
17:46:09,Light Drizzle,13,13,19
17:48:08,Light Drizzle,13,13,19
17:50:09,Light Drizzle,13,13,19
17:52:09,Light Drizzle,13,13,19
17:54:08,Light Drizzle,13,13,19
17:56:09,Light Drizzle,13,13,19
17:58:09,Light Drizzle,13,13,19
18:00:08,Light Drizzle,13,13,19
18:02:09,Light Drizzle,13,13,19
18:04:09,Light Drizzle,13,13,19
18:06:08,Light Drizzle,13,13,19
18:08:09,Light Drizzle,13,13,19
18:10:09,Light Drizzle,13,13,19
18:12:09,Light Drizzle,13,13,19
18:14:08,Light Drizzle,13,13,19
18:16:09,Light Drizzle,13,13,19
18:18:08,Mostly Cloudy,13,13,12
18:20:09,Mostly Cloudy,13,13,12
18:22:09,Mostly Cloudy,13,13,12
18:24:09,Mostly Cloudy,13,13,12
18:26:09,Mostly Cloudy,13,13,12
18:28:09,Mostly Cloudy,13,13,12
18:30:08,Mostly Cloudy,13,13,12
18:32:09,Mostly Cloudy,13,13,12
18:34:09,Mostly Cloudy,13,13,12
18:36:09,Mostly Cloudy,13,13,12
18:38:09,Mostly Cloudy,13,13,12
18:40:08,Mostly Cloudy,13,13,12
18:42:08,Mostly Cloudy,13,13,12
18:44:09,Mostly Cloudy,13,13,12
18:46:08,Mostly Cloudy,13,13,12
18:48:09,Mostly Cloudy,13,13,12
18:50:09,Mostly Cloudy,13,13,12
18:52:09,Mostly Cloudy,13,13,12
18:54:09,Mostly Cloudy,13,13,12
18:56:08,Mostly Cloudy,13,13,12
18:58:09,Mostly Cloudy,13,13,12
19:00:09,Mostly Cloudy,13,13,12
19:02:09,Mostly Cloudy,13,13,12
19:04:09,Mostly Cloudy,13,13,12
19:06:09,Mostly Cloudy,13,13,12
19:08:08,Mostly Cloudy,13,13,12
19:10:09,Mostly Cloudy,13,13,12
19:12:09,Mostly Cloudy,13,13,11
19:14:09,Mostly Cloudy,13,13,11
19:16:09,Mostly Cloudy,13,13,11
19:18:08,Mostly Cloudy,13,13,11
19:20:09,Mostly Cloudy,13,13,11
19:22:08,Mostly Cloudy,13,13,11
19:24:08,Mostly Cloudy,13,13,11
19:26:09,Mostly Cloudy,13,13,11
19:28:09,Mostly Cloudy,13,13,11
19:30:08,Mostly Cloudy,13,13,11
19:32:09,Mostly Cloudy,13,13,11
19:34:09,Mostly Cloudy,13,13,11
19:36:08,Mostly Cloudy,13,13,11
19:38:09,Mostly Cloudy,13,13,11
19:40:09,Mostly Cloudy,13,13,11
19:42:08,Mostly Cloudy,13,13,11
19:44:09,Mostly Cloudy,13,13,11
19:46:09,Mostly Cloudy,13,13,11
19:48:08,Mostly Cloudy,13,13,11
19:50:09,Mostly Cloudy,13,13,11
19:52:09,Mostly Cloudy,13,13,11
19:54:09,Mostly Cloudy,13,13,11
19:56:08,Mostly Cloudy,13,13,11
19:58:08,Mostly Cloudy,13,13,11
20:00:09,Mostly Cloudy,13,13,11
20:02:09,Mostly Cloudy,13,13,11
20:04:08,Mostly Cloudy,13,13,11
20:06:09,Mostly Cloudy,13,13,11
20:08:09,Mostly Cloudy,13,13,11
20:10:08,Mostly Cloudy,13,13,11
20:12:09,Mostly Cloudy,13,13,11
20:14:09,Mostly Cloudy,13,13,11
20:16:09,Partly Cloudy,13,13,11
20:18:09,Partly Cloudy,13,13,11
20:20:09,Partly Cloudy,13,13,11
20:22:08,Partly Cloudy,13,13,11
20:24:09,Partly Cloudy,13,13,11
20:26:09,Partly Cloudy,13,13,11
20:28:08,Partly Cloudy,13,13,11
20:30:09,Partly Cloudy,13,13,11
20:32:09,Partly Cloudy,13,13,11
20:34:09,Partly Cloudy,13,13,11
20:36:08,Partly Cloudy,13,13,11
20:38:09,Partly Cloudy,13,13,11
20:40:08,Partly Cloudy,13,13,11
20:42:09,Partly Cloudy,13,13,11
20:44:08,Partly Cloudy,13,13,11
20:46:08,Partly Cloudy,13,13,11
20:48:09,Partly Cloudy,13,13,11
20:50:08,Partly Cloudy,13,13,11
20:52:09,Partly Cloudy,13,13,11
20:54:09,Partly Cloudy,13,13,11
20:56:08,Partly Cloudy,13,13,11
20:58:09,Partly Cloudy,13,13,11
21:00:09,Partly Cloudy,13,13,11
21:02:08,Partly Cloudy,13,13,11
21:04:09,Partly Cloudy,13,13,11
21:06:09,Partly Cloudy,13,13,11
21:08:09,Partly Cloudy,13,13,11
21:10:09,Partly Cloudy,13,13,11
21:12:08,Partly Cloudy,13,13,11
21:14:09,Partly Cloudy,13,13,11
21:16:09,Partly Cloudy,13,13,11
21:18:09,Partly Cloudy,13,13,11
21:20:09,Fair,12,12,8
21:22:09,Fair,12,12,8
21:24:09,Fair,12,12,8
21:26:09,Fair,12,12,8
21:28:08,Fair,12,12,8
21:30:09,Fair,12,12,8
21:32:09,Fair,12,12,8
21:34:08,Fair,12,12,8
21:36:08,Fair,12,12,8
21:38:09,Fair,12,12,8
21:40:09,Fair,12,12,8
21:42:09,Fair,12,12,8
21:44:08,Fair,12,12,8
21:46:09,Fair,12,12,8
21:48:09,Fair,12,12,8
21:50:08,Fair,12,12,8
21:52:09,Fair,12,12,8
21:54:09,Fair,12,12,8
21:56:09,Fair,12,12,8
21:58:09,Fair,12,12,8
22:00:08,Fair,12,12,8
22:02:09,Fair,12,12,8
22:04:09,Fair,12,12,8
22:06:08,Fair,12,12,8
22:08:09,Fair,12,12,8
22:10:09,Fair,12,12,8
22:12:08,Fair,12,12,8
22:14:09,Fair,12,12,8
22:16:09,Fair,12,12,4
22:18:09,Fair,12,12,4
22:20:09,Fair,12,12,4
22:22:08,Fair,12,12,4
22:24:09,Fair,12,12,4
22:26:09,Fair,12,12,4
22:28:08,Fair,12,12,4
22:30:09,Fair,12,12,4
22:32:09,Fair,12,12,4
22:34:09,Fair,12,12,4
22:36:08,Fair,12,12,4
22:38:09,Fair,12,12,4
22:40:09,Fair,12,12,4
22:42:09,Fair,12,12,4
22:44:09,Fair,12,12,4
22:46:09,Fair,12,12,4
22:48:09,Fair,12,12,4
22:50:09,Fair,12,12,4
22:52:09,Fair,12,12,4
22:54:09,Fair,12,12,4
22:56:09,Fair,12,12,4
22:58:08,Fair,12,12,4
23:00:08,Fair,12,12,4
23:02:09,Fair,12,12,4
23:04:09,Fair,12,12,4
23:06:08,Fair,12,12,4
23:08:08,Fair,12,12,4
23:10:09,Fair,10,10,1
23:12:08,Fair,10,10,1
23:14:08,Fair,10,10,1
23:16:08,Fair,10,10,1
23:18:09,Fair,10,10,1
23:20:09,Fair,10,10,1
23:22:09,Fair,10,10,1
23:24:09,Fair,10,10,1
23:26:09,Fair,10,10,1
23:28:08,Fair,10,10,1
23:30:09,Fair,10,10,1
23:32:08,Fair,10,10,1
23:34:08,Fair,10,10,1
23:36:09,Fair,10,10,1
23:38:09,Fair,10,10,1
23:40:09,Fair,10,10,1
23:42:09,Fair,10,10,1
23:44:09,Fair,10,10,1
23:46:09,Fair,10,10,1
23:48:08,Fair,10,10,1
23:50:09,Fair,10,10,1
23:52:09,Fair,10,10,1
23:54:08,Fair,10,10,1
23:56:09,Fair,10,10,1
23:58:09,Fair,10,10,1
