Time,Weather,Temperature,Feels_Like,Wind_Speed
00:00:08,Partly Cloudy,5,2,12
00:02:09,Partly Cloudy,5,2,12
00:04:08,Partly Cloudy,5,2,12
00:06:08,Partly Cloudy,5,2,12
00:08:09,Partly Cloudy,5,2,12
00:10:09,Partly Cloudy,5,1,19
00:12:09,Partly Cloudy,5,1,19
00:14:09,Partly Cloudy,5,1,19
00:16:09,Partly Cloudy,5,1,19
00:18:09,Partly Cloudy,5,1,19
00:20:09,Partly Cloudy,5,1,19
00:22:09,Partly Cloudy,5,1,19
00:24:08,Partly Cloudy,5,1,19
00:26:09,Partly Cloudy,5,1,19
00:28:09,Partly Cloudy,5,1,19
00:30:09,Partly Cloudy,5,1,19
00:32:08,Partly Cloudy,5,1,19
00:34:08,Partly Cloudy,5,1,19
00:36:09,Partly Cloudy,5,1,19
00:38:09,Partly Cloudy,5,1,19
00:40:09,Partly Cloudy,5,1,19
00:42:08,Partly Cloudy,5,1,19
00:44:09,Partly Cloudy,5,1,19
00:46:09,Partly Cloudy,5,1,19
00:48:08,Partly Cloudy,5,1,19
00:50:08,Partly Cloudy,5,1,19
00:52:09,Partly Cloudy,5,1,19
00:54:09,Partly Cloudy,5,1,19
00:56:08,Partly Cloudy,5,1,19
00:58:08,Partly Cloudy,5,1,19
01:00:16,Partly Cloudy,5,1,19
01:02:08,Partly Cloudy,5,1,19
01:04:09,Partly Cloudy,5,1,19
01:06:09,Partly Cloudy,5,1,19
01:08:08,Partly Cloudy,5,1,19
01:10:08,Mostly Cloudy,5,1,19
01:12:09,Mostly Cloudy,5,1,19
01:14:09,Mostly Cloudy,5,1,19
01:16:08,Mostly Cloudy,5,1,19
01:18:09,Mostly Cloudy,5,1,19
01:20:09,Mostly Cloudy,5,1,19
01:22:08,Mostly Cloudy,5,1,19
01:24:09,Mostly Cloudy,5,1,19
01:26:09,Mostly Cloudy,5,1,19
01:28:09,Mostly Cloudy,5,1,19
01:30:08,Mostly Cloudy,5,1,19
01:32:09,Mostly Cloudy,5,1,19
01:34:09,Mostly Cloudy,5,1,19
01:36:08,Mostly Cloudy,5,1,19
01:38:08,Mostly Cloudy,5,1,19
01:40:09,Mostly Cloudy,5,1,19
01:42:09,Mostly Cloudy,5,1,19
01:44:09,Mostly Cloudy,5,1,19
01:46:08,Mostly Cloudy,5,1,19
01:48:09,Mostly Cloudy,5,1,19
01:50:09,Mostly Cloudy,5,1,19
01:52:08,Mostly Cloudy,5,1,19
01:54:09,Mostly Cloudy,5,1,19
01:56:09,Mostly Cloudy,5,1,19
01:58:09,Mostly Cloudy,5,1,19
02:00:08,Mostly Cloudy,5,1,19
02:02:09,Mostly Cloudy,5,1,19
02:04:09,Mostly Cloudy,5,1,19
02:06:09,Mostly Cloudy,5,1,19
02:08:08,Mostly Cloudy,5,1,19
02:10:09,Mostly Cloudy,5,1,19
02:12:09,Mostly Cloudy,5,1,19
02:14:09,Mostly Cloudy,5,1,19
02:16:09,Mostly Cloudy,5,1,20
02:18:09,Mostly Cloudy,5,1,20
02:20:09,Mostly Cloudy,5,1,20
02:22:09,Mostly Cloudy,5,1,20
02:24:08,Mostly Cloudy,5,1,20
02:26:09,Mostly Cloudy,5,1,20
02:28:09,Mostly Cloudy,5,1,20
02:30:09,Mostly Cloudy,5,1,20
02:32:09,Mostly Cloudy,5,1,20
02:34:09,Mostly Cloudy,5,1,20
02:36:08,Mostly Cloudy,5,1,20
02:38:09,Mostly Cloudy,5,1,20
02:40:09,Mostly Cloudy,5,1,20
02:42:09,Mostly Cloudy,5,1,20
02:44:08,Mostly Cloudy,5,1,20
02:46:09,Mostly Cloudy,5,1,20
02:48:09,Mostly Cloudy,5,1,20
02:50:09,Mostly Cloudy,5,1,20
02:52:08,Mostly Cloudy,5,1,20
02:54:09,Mostly Cloudy,5,1,20
02:56:09,Mostly Cloudy,5,1,20
02:58:09,Mostly Cloudy,5,1,20
03:00:08,Mostly Cloudy,5,1,20
03:02:09,Mostly Cloudy,5,1,20
03:04:09,Mostly Cloudy,5,1,20
03:06:09,Mostly Cloudy,5,1,20
03:08:08,Mostly Cloudy,5,1,20
03:10:08,Mostly Cloudy,5,1,20
03:12:09,Mostly Cloudy,5,1,20
03:14:09,Mostly Cloudy,5,1,20
03:16:10,Mostly Cloudy,5,1,16
03:18:09,Mostly Cloudy,5,1,16
03:20:08,Mostly Cloudy,5,1,16
03:22:09,Mostly Cloudy,5,1,16
03:24:09,Mostly Cloudy,5,1,16
03:26:08,Mostly Cloudy,5,1,16
03:28:08,Mostly Cloudy,5,1,16
03:30:09,Mostly Cloudy,5,1,16
03:32:09,Mostly Cloudy,5,1,16
03:34:09,Mostly Cloudy,5,1,16
03:36:08,Mostly Cloudy,5,1,16
03:38:09,Mostly Cloudy,5,1,16
03:40:09,Mostly Cloudy,5,1,16
03:42:09,Mostly Cloudy,5,1,16
03:44:08,Mostly Cloudy,5,1,16
03:46:08,Mostly Cloudy,5,1,16
03:48:08,Mostly Cloudy,5,1,16
03:50:09,Mostly Cloudy,5,1,16
03:52:09,Mostly Cloudy,5,1,16
03:54:08,Mostly Cloudy,5,1,16
03:56:09,Mostly Cloudy,5,1,16
03:58:09,Mostly Cloudy,5,1,16
04:00:08,Mostly Cloudy,5,1,16
04:02:08,Mostly Cloudy,5,1,16
04:04:08,Mostly Cloudy,5,1,16
04:06:09,Mostly Cloudy,5,1,16
04:08:09,Mostly Cloudy,5,1,16
04:10:09,Mostly Cloudy,5,1,16
04:12:08,Mostly Cloudy,5,1,16
04:14:08,Mostly Cloudy,5,1,16
04:16:09,Mostly Cloudy,5,1,16
04:18:09,Mostly Cloudy,5,1,16
04:20:08,Mostly Cloudy,5,1,16
04:22:09,Mostly Cloudy,3,0,19
04:24:09,Mostly Cloudy,3,0,19
04:26:08,Mostly Cloudy,3,0,19
04:28:08,Mostly Cloudy,3,0,19
04:30:09,Mostly Cloudy,3,0,19
04:32:08,Mostly Cloudy,3,0,19
04:34:08,Mostly Cloudy,3,0,19
04:36:09,Mostly Cloudy,3,0,19
04:38:09,Mostly Cloudy,3,0,19
04:40:09,Mostly Cloudy,3,0,19
04:42:08,Mostly Cloudy,3,0,19
04:44:09,Mostly Cloudy,3,0,19
04:46:09,Mostly Cloudy,3,0,19
04:48:09,Mostly Cloudy,3,0,19
04:50:08,Mostly Cloudy,3,0,19
04:52:08,Mostly Cloudy,3,0,19
04:54:09,Mostly Cloudy,3,0,19
04:56:09,Mostly Cloudy,3,0,19
04:58:09,Mostly Cloudy,3,0,19
05:00:08,Mostly Cloudy,3,0,19
05:02:08,Mostly Cloudy,3,0,19
05:04:08,Mostly Cloudy,3,0,19
05:06:08,Mostly Cloudy,3,0,19
05:08:09,Mostly Cloudy,3,0,19
05:10:09,Mostly Cloudy,3,0,19
05:12:09,Mostly Cloudy,3,0,19
05:14:09,Mostly Cloudy,3,0,19
05:16:09,Fair,2,-1,19
05:18:09,Fair,2,-1,19
05:20:09,Fair,2,-1,19
05:22:09,Fair,2,-1,19
05:24:08,Fair,2,-1,19
05:26:09,Fair,2,-1,19
05:28:09,Fair,2,-1,19
05:30:08,Fair,2,-1,19
05:32:09,Fair,2,-1,19
05:34:09,Fair,2,-1,19
05:36:09,Fair,2,-1,19
05:38:08,Fair,2,-1,19
05:40:09,Fair,2,-1,19
05:42:09,Fair,2,-1,19
05:44:08,Fair,2,-1,19
05:46:08,Fair,2,-1,19
05:48:09,Fair,2,-1,19
05:50:09,Fair,2,-1,19
05:52:09,Fair,2,-1,19
05:54:09,Fair,2,-1,19
05:56:09,Fair,2,-1,19
05:58:08,Fair,2,-1,19
06:00:08,Fair,2,-1,19
06:02:09,Fair,2,-1,19
06:04:09,Fair,2,-1,19
06:06:08,Fair,2,-1,19
06:08:08,Fair,2,-1,19
06:10:09,Fair,2,-1,19
06:12:09,Fair,2,-1,19
06:14:09,Fair,2,-1,19
06:16:09,Mostly Cloudy,2,-1,19
06:18:09,Mostly Cloudy,2,-1,19
06:20:09,Mostly Cloudy,2,-1,19
06:22:09,Mostly Cloudy,2,-1,19
06:24:09,Mostly Cloudy,2,-1,19
06:26:09,Mostly Cloudy,2,-1,19
06:28:09,Mostly Cloudy,2,-1,19
06:30:08,Mostly Cloudy,2,-1,19
06:32:08,Mostly Cloudy,2,-1,19
06:34:09,Mostly Cloudy,2,-1,19
06:36:09,Mostly Cloudy,2,-1,19
06:38:09,Mostly Cloudy,2,-1,19
06:40:08,Mostly Cloudy,2,-1,19
06:42:09,Mostly Cloudy,2,-1,19
06:44:09,Mostly Cloudy,2,-1,19
06:46:09,Mostly Cloudy,2,-1,19
06:48:09,Mostly Cloudy,2,-1,19
06:50:09,Mostly Cloudy,2,-1,19
06:52:09,Mostly Cloudy,2,-1,19
06:54:08,Mostly Cloudy,2,-1,19
06:56:09,Mostly Cloudy,2,-1,19
06:58:09,Mostly Cloudy,2,-1,19
07:00:09,Mostly Cloudy,2,-1,19
07:02:09,Mostly Cloudy,2,-1,19
07:04:09,Mostly Cloudy,2,-1,19
07:06:09,Mostly Cloudy,2,-1,19
07:08:09,Mostly Cloudy,2,-1,19
07:10:09,Mostly Cloudy,2,-1,19
07:12:08,Mostly Cloudy,2,-1,19
07:14:09,Mostly Cloudy,2,-1,19
07:16:09,Mostly Cloudy,5,1,20
07:18:09,Mostly Cloudy,5,1,20
07:20:09,Mostly Cloudy,5,1,20
07:22:08,Mostly Cloudy,5,1,20
07:24:09,Mostly Cloudy,5,1,20
07:26:09,Mostly Cloudy,5,1,20
07:28:08,Mostly Cloudy,5,1,20
07:30:09,Mostly Cloudy,5,1,20
07:32:09,Mostly Cloudy,5,1,20
07:34:08,Mostly Cloudy,5,1,20
07:36:09,Mostly Cloudy,5,1,20
07:38:09,Mostly Cloudy,5,1,20
07:40:09,Mostly Cloudy,5,1,20
07:42:09,Mostly Cloudy,5,1,20
07:44:09,Mostly Cloudy,5,1,20
07:46:09,Mostly Cloudy,5,1,20
07:48:08,Mostly Cloudy,5,1,20
07:50:09,Mostly Cloudy,5,1,20
07:52:09,Mostly Cloudy,5,1,20
07:54:08,Mostly Cloudy,5,1,20
07:56:09,Mostly Cloudy,5,1,20
07:58:09,Mostly Cloudy,5,1,20
08:00:09,Mostly Cloudy,5,1,20
08:02:09,Mostly Cloudy,5,1,20
08:04:09,Mostly Cloudy,5,1,20
08:06:09,Mostly Cloudy,5,1,20
08:08:09,Mostly Cloudy,5,1,20
08:10:09,Mostly Cloudy,5,1,20
08:12:08,Mostly Cloudy,5,1,20
08:14:09,Mostly Cloudy,5,1,20
08:16:09,Mostly Cloudy,6,2,16
08:18:08,Mostly Cloudy,6,2,16
08:20:08,Mostly Cloudy,6,2,16
08:22:09,Mostly Cloudy,6,2,16
08:24:09,Mostly Cloudy,6,2,16
08:26:09,Mostly Cloudy,6,2,16
08:28:08,Mostly Cloudy,6,2,16
08:30:09,Mostly Cloudy,6,2,16
08:32:09,Mostly Cloudy,6,2,16
08:34:08,Mostly Cloudy,6,2,16
08:36:08,Mostly Cloudy,6,2,16
08:38:09,Mostly Cloudy,6,2,16
08:40:09,Mostly Cloudy,7,3,19
08:42:08,Mostly Cloudy,7,3,19
08:44:09,Mostly Cloudy,7,3,19
08:46:09,Mostly Cloudy,7,3,19
08:48:08,Mostly Cloudy,7,3,19
08:50:08,Mostly Cloudy,7,3,19
08:52:09,Mostly Cloudy,7,3,19
08:54:09,Mostly Cloudy,7,3,19
08:56:09,Mostly Cloudy,7,3,19
08:58:08,Mostly Cloudy,7,3,19
09:00:09,Mostly Cloudy,7,3,19
09:02:09,Mostly Cloudy,7,3,19
09:04:08,Mostly Cloudy,7,3,19
09:06:08,Mostly Cloudy,7,3,19
09:08:09,Mostly Cloudy,7,3,19
09:10:09,Mostly Cloudy,7,3,19
09:12:09,Mostly Cloudy,7,3,19
09:14:09,Mostly Cloudy,7,3,19
09:16:09,Partly Cloudy,7,5,20
09:18:09,Partly Cloudy,7,5,20
09:20:09,Partly Cloudy,7,5,20
09:22:09,Partly Cloudy,7,5,20
09:24:08,Partly Cloudy,7,5,20
09:26:09,Partly Cloudy,7,5,20
09:28:09,Partly Cloudy,7,5,20
09:30:08,Partly Cloudy,7,5,20
09:32:09,Partly Cloudy,7,5,20
09:34:09,Partly Cloudy,7,5,20
09:36:08,Partly Cloudy,7,5,20
09:38:09,Partly Cloudy,7,5,20
09:40:09,Partly Cloudy,8,6,22
09:42:09,Partly Cloudy,8,6,22
09:44:08,Partly Cloudy,8,6,22
09:46:08,Partly Cloudy,8,6,22
09:48:09,Partly Cloudy,8,6,22
09:50:09,Partly Cloudy,8,6,22
09:52:09,Partly Cloudy,8,6,22
09:54:09,Partly Cloudy,8,6,22
09:56:09,Partly Cloudy,8,6,22
09:58:09,Partly Cloudy,8,6,22
10:00:08,Partly Cloudy,8,6,22
10:02:09,Partly Cloudy,8,6,22
10:04:08,Partly Cloudy,8,6,22
10:06:08,Partly Cloudy,8,6,22
10:08:09,Partly Cloudy,8,6,22
10:10:09,Partly Cloudy,8,7,12
10:12:08,Partly Cloudy,8,7,12
10:14:09,Partly Cloudy,8,7,12
10:16:09,Partly Cloudy,8,7,12
10:18:09,Partly Cloudy,8,7,12
10:20:09,Partly Cloudy,8,7,12
10:22:09,Partly Cloudy,8,7,12
10:24:08,Partly Cloudy,8,7,12
10:26:09,Partly Cloudy,8,7,12
10:28:09,Partly Cloudy,8,7,12
10:30:09,Partly Cloudy,8,7,12
10:32:08,Partly Cloudy,8,7,12
10:34:09,Partly Cloudy,8,7,12
10:36:09,Partly Cloudy,8,7,12
10:38:09,Partly Cloudy,8,7,12
10:40:09,Partly Cloudy,8,7,12
10:42:08,Partly Cloudy,8,7,12
10:44:08,Partly Cloudy,8,7,12
10:46:09,Partly Cloudy,8,7,12
10:48:08,Partly Cloudy,8,7,12
10:50:08,Partly Cloudy,8,7,12
10:52:09,Partly Cloudy,10,10,22
10:54:09,Partly Cloudy,10,10,22
10:56:09,Partly Cloudy,10,10,22
10:58:08,Partly Cloudy,10,10,22
11:00:09,Partly Cloudy,10,10,22
11:02:09,Partly Cloudy,10,10,22
11:04:08,Partly Cloudy,10,10,22
11:06:09,Partly Cloudy,10,10,22
11:08:09,Partly Cloudy,10,10,22
11:10:08,Partly Cloudy,10,10,16
11:12:09,Partly Cloudy,10,10,16
11:14:09,Partly Cloudy,10,10,16
11:16:09,Partly Cloudy,10,10,16
11:18:08,Partly Cloudy,10,10,16
11:20:09,Partly Cloudy,10,10,16
11:22:09,Partly Cloudy,10,10,16
11:24:08,Partly Cloudy,10,10,16
11:26:08,Partly Cloudy,10,10,16
11:28:09,Partly Cloudy,10,10,16
11:30:09,Partly Cloudy,10,10,16
11:32:09,Partly Cloudy,10,10,16
11:34:08,Partly Cloudy,10,10,16
11:36:09,Partly Cloudy,10,10,16
11:38:09,Partly Cloudy,10,10,16
11:40:09,Mostly Cloudy,10,10,16
11:42:08,Mostly Cloudy,10,10,16
11:44:09,Mostly Cloudy,10,10,16
11:46:09,Mostly Cloudy,10,10,16
11:48:08,Mostly Cloudy,10,10,16
11:50:09,Mostly Cloudy,10,10,16
11:52:09,Mostly Cloudy,10,10,16
11:54:08,Mostly Cloudy,10,10,16
11:56:08,Mostly Cloudy,10,10,16
11:58:09,Mostly Cloudy,10,10,16
12:00:09,Mostly Cloudy,10,10,16
12:02:08,Mostly Cloudy,10,10,16
12:04:08,Mostly Cloudy,10,10,16
12:06:09,Mostly Cloudy,10,10,16
12:08:09,Mostly Cloudy,10,10,16
12:10:09,Mostly Cloudy,10,10,16
12:12:08,Mostly Cloudy,10,10,16
12:14:09,Mostly Cloudy,10,10,16
12:16:09,Mostly Cloudy,10,10,16
12:18:09,Mostly Cloudy,10,10,16
12:20:09,Mostly Cloudy,10,10,16
12:22:09,Mostly Cloudy,10,10,16
12:24:09,Mostly Cloudy,10,10,16
12:26:08,Mostly Cloudy,10,10,16
12:28:08,Mostly Cloudy,10,10,16
12:30:09,Mostly Cloudy,10,10,16
12:32:09,Mostly Cloudy,10,10,16
12:34:09,Mostly Cloudy,10,10,16
12:36:09,Mostly Cloudy,10,10,16
12:38:09,Mostly Cloudy,10,10,16
12:40:09,Mostly Cloudy,10,10,16
12:42:08,Mostly Cloudy,10,10,16
12:44:08,Mostly Cloudy,10,10,16
12:46:09,Mostly Cloudy,10,10,19
12:48:09,Mostly Cloudy,10,10,19
12:50:08,Mostly Cloudy,10,10,19
12:52:08,Mostly Cloudy,10,10,19
12:54:09,Mostly Cloudy,10,10,19
12:56:09,Mostly Cloudy,10,10,19
12:58:09,Mostly Cloudy,10,10,19
13:00:08,Mostly Cloudy,10,10,19
13:02:09,Mostly Cloudy,10,10,19
13:04:09,Mostly Cloudy,10,10,19
13:06:08,Mostly Cloudy,10,10,19
13:08:09,Mostly Cloudy,10,10,19
13:10:09,Mostly Cloudy,10,10,19
13:12:09,Mostly Cloudy,10,10,19
13:14:09,Mostly Cloudy,10,10,19
13:16:09,Mostly Cloudy,11,11,19
13:18:09,Mostly Cloudy,11,11,19
13:20:09,Mostly Cloudy,11,11,19
13:22:09,Mostly Cloudy,11,11,19
13:24:08,Mostly Cloudy,11,11,19
13:26:08,Mostly Cloudy,11,11,19
13:28:09,Mostly Cloudy,11,11,19
13:30:09,Mostly Cloudy,11,11,19
13:32:09,Mostly Cloudy,11,11,19
13:34:08,Mostly Cloudy,11,11,19
13:36:09,Mostly Cloudy,11,11,19
13:38:08,Mostly Cloudy,11,11,19
13:40:08,Mostly Cloudy,11,11,19
13:42:09,Mostly Cloudy,11,11,19
13:44:09,Mostly Cloudy,11,11,19
13:46:08,Mostly Cloudy,11,11,19
13:48:09,Mostly Cloudy,11,11,19
13:50:09,Mostly Cloudy,11,11,19
13:52:09,Mostly Cloudy,11,11,19
13:54:08,Mostly Cloudy,11,11,19
13:56:09,Mostly Cloudy,11,11,19
13:58:09,Mostly Cloudy,11,11,19
14:00:08,Mostly Cloudy,11,11,19
14:02:09,Mostly Cloudy,11,11,19
14:04:09,Mostly Cloudy,11,11,19
14:06:09,Mostly Cloudy,11,11,19
14:08:09,Mostly Cloudy,11,11,19
14:10:09,Mostly Cloudy,11,11,19
14:12:08,Mostly Cloudy,11,11,19
14:14:09,Mostly Cloudy,11,11,19
14:16:09,Mostly Cloudy,11,11,16
14:18:08,Mostly Cloudy,11,11,16
14:20:09,Mostly Cloudy,11,11,16
14:22:09,Mostly Cloudy,11,11,16
14:24:08,Mostly Cloudy,11,11,16
14:26:09,Mostly Cloudy,11,11,16
14:28:09,Mostly Cloudy,11,11,16
14:30:09,Mostly Cloudy,11,11,16
14:32:09,Mostly Cloudy,11,11,16
14:34:09,Mostly Cloudy,11,11,16
14:36:09,Mostly Cloudy,11,11,16
14:38:08,Mostly Cloudy,11,11,16
14:40:09,Mostly Cloudy,11,11,16
14:42:08,Mostly Cloudy,11,11,16
14:44:09,Mostly Cloudy,11,11,16
14:46:09,Mostly Cloudy,12,12,16
14:48:08,Mostly Cloudy,12,12,16
14:50:08,Mostly Cloudy,12,12,16
14:52:09,Mostly Cloudy,12,12,16
14:54:09,Mostly Cloudy,12,12,16
14:56:08,Mostly Cloudy,12,12,16
14:58:09,Mostly Cloudy,12,12,16
15:00:09,Mostly Cloudy,12,12,16
15:02:08,Mostly Cloudy,12,12,16
15:04:08,Mostly Cloudy,12,12,16
15:06:09,Mostly Cloudy,12,12,16
15:08:09,Mostly Cloudy,12,12,16
15:10:08,Partly Cloudy,12,12,16
15:12:08,Partly Cloudy,12,12,16
15:14:09,Partly Cloudy,12,12,16
15:16:09,Partly Cloudy,12,12,16
15:18:09,Partly Cloudy,12,12,16
15:20:09,Partly Cloudy,12,12,16
15:22:08,Partly Cloudy,12,12,16
15:24:09,Partly Cloudy,12,12,16
15:26:09,Partly Cloudy,12,12,16
15:28:08,Partly Cloudy,12,12,16
15:30:09,Partly Cloudy,12,12,16
15:32:09,Partly Cloudy,12,12,16
15:34:09,Partly Cloudy,12,12,16
15:36:08,Partly Cloudy,12,12,16
15:38:09,Partly Cloudy,12,12,16
15:40:09,Partly Cloudy,12,12,16
15:42:08,Partly Cloudy,12,12,16
15:44:09,Partly Cloudy,12,12,16
15:46:09,Partly Cloudy,12,12,24
15:48:08,Partly Cloudy,12,12,24
15:50:08,Partly Cloudy,12,12,24
15:52:08,Partly Cloudy,12,12,24
15:54:09,Partly Cloudy,12,12,24
15:56:09,Partly Cloudy,12,12,24
15:58:09,Partly Cloudy,12,12,24
16:00:08,Partly Cloudy,12,12,24
16:02:09,Partly Cloudy,12,12,24
16:04:09,Partly Cloudy,12,12,24
16:06:08,Partly Cloudy,12,12,24
16:08:09,Partly Cloudy,12,12,24
16:10:09,Mostly Cloudy,12,12,20
16:12:08,Mostly Cloudy,12,12,20
16:14:09,Mostly Cloudy,12,12,20
16:16:09,Mostly Cloudy,12,12,20
16:18:08,Mostly Cloudy,12,12,20
16:20:09,Mostly Cloudy,12,12,20
16:22:09,Mostly Cloudy,12,12,20
16:24:08,Mostly Cloudy,12,12,20
16:26:08,Mostly Cloudy,12,12,20
16:28:09,Mostly Cloudy,12,12,20
16:30:09,Mostly Cloudy,12,12,20
16:32:08,Mostly Cloudy,12,12,20
16:34:08,Mostly Cloudy,12,12,20
16:36:09,Mostly Cloudy,12,12,20
16:38:09,Mostly Cloudy,12,12,20
16:40:08,Mostly Cloudy,12,12,20
16:42:09,Mostly Cloudy,12,12,20
16:44:09,Mostly Cloudy,12,12,20
16:46:09,Mostly Cloudy,12,12,20
16:48:08,Mostly Cloudy,12,12,20
16:50:09,Mostly Cloudy,12,12,20
16:52:09,Mostly Cloudy,12,12,20
16:54:08,Mostly Cloudy,12,12,20
16:56:08,Mostly Cloudy,12,12,20
16:58:09,Mostly Cloudy,12,12,20
17:00:09,Mostly Cloudy,12,12,20
17:02:09,Mostly Cloudy,12,12,20
17:04:08,Mostly Cloudy,12,12,20
17:06:09,Mostly Cloudy,12,12,20
17:08:09,Mostly Cloudy,12,12,20
17:10:09,Mostly Cloudy,12,12,20
17:12:09,Mostly Cloudy,12,12,20
17:14:09,Mostly Cloudy,12,12,20
17:16:09,Mostly Cloudy,11,11,20
17:18:08,Mostly Cloudy,11,11,20
17:20:09,Mostly Cloudy,11,11,20
17:22:09,Mostly Cloudy,11,11,20
17:24:08,Mostly Cloudy,11,11,20
17:26:08,Mostly Cloudy,11,11,20
17:28:08,Mostly Cloudy,11,11,20
17:30:09,Mostly Cloudy,11,11,20
17:32:09,Mostly Cloudy,11,11,20
17:34:09,Mostly Cloudy,11,11,20
17:36:09,Mostly Cloudy,11,11,20
17:38:09,Mostly Cloudy,11,11,20
17:40:08,Mostly Cloudy,11,11,20
17:42:09,Mostly Cloudy,11,11,20
17:44:09,Mostly Cloudy,11,11,20
17:46:08,Mostly Cloudy,11,11,20
17:48:09,Mostly Cloudy,11,11,20
17:50:08,Mostly Cloudy,11,11,20
17:52:09,Mostly Cloudy,11,11,20
17:54:09,Mostly Cloudy,11,11,20
17:56:08,Mostly Cloudy,11,11,20
17:58:09,Mostly Cloudy,11,11,20
18:00:09,Mostly Cloudy,11,11,20
18:02:08,Mostly Cloudy,11,11,20
18:04:08,Mostly Cloudy,11,11,20
18:06:09,Mostly Cloudy,11,11,20
18:08:09,Mostly Cloudy,11,11,20
18:10:09,Mostly Cloudy,10,10,16
18:12:09,Mostly Cloudy,10,10,16
18:14:08,Mostly Cloudy,10,10,16
18:16:09,Mostly Cloudy,10,10,16
18:18:08,Mostly Cloudy,10,10,16
18:20:08,Mostly Cloudy,10,10,16
18:22:08,Mostly Cloudy,10,10,16
18:24:09,Mostly Cloudy,10,10,16
18:26:09,Mostly Cloudy,10,10,16
18:28:09,Mostly Cloudy,10,10,16
18:30:09,Mostly Cloudy,10,10,16
18:32:09,Mostly Cloudy,10,10,16
18:34:09,Mostly Cloudy,10,10,16
18:36:08,Mostly Cloudy,10,10,16
18:38:08,Mostly Cloudy,10,10,16
18:40:09,Mostly Cloudy,10,10,16
18:42:09,Mostly Cloudy,10,10,16
18:44:09,Mostly Cloudy,10,10,16
18:46:08,Mostly Cloudy,10,10,16
18:48:09,Mostly Cloudy,10,10,16
18:50:08,Mostly Cloudy,10,10,16
18:52:08,Mostly Cloudy,10,10,16
18:54:09,Mostly Cloudy,10,10,16
18:56:09,Mostly Cloudy,10,10,16
18:58:09,Mostly Cloudy,10,10,16
19:00:08,Mostly Cloudy,10,10,16
19:02:09,Mostly Cloudy,10,10,16
19:04:09,Mostly Cloudy,10,10,16
19:06:08,Mostly Cloudy,10,10,16
19:08:09,Mostly Cloudy,10,10,16
19:10:09,Mostly Cloudy,10,10,16
19:12:08,Mostly Cloudy,10,10,16
19:14:09,Mostly Cloudy,10,10,16
19:16:09,Mostly Cloudy,10,10,16
19:18:08,Mostly Cloudy,8,6,14
19:20:09,Mostly Cloudy,8,6,14
19:22:09,Mostly Cloudy,8,6,14
19:24:08,Mostly Cloudy,8,6,14
19:26:08,Mostly Cloudy,8,6,14
19:28:09,Mostly Cloudy,8,6,14
19:30:09,Mostly Cloudy,8,6,14
19:32:08,Mostly Cloudy,8,6,14
19:34:09,Mostly Cloudy,8,6,14
19:36:09,Mostly Cloudy,8,6,14
19:38:09,Mostly Cloudy,8,6,14
19:40:08,Mostly Cloudy,8,6,14
19:42:09,Mostly Cloudy,8,6,14
19:44:09,Mostly Cloudy,8,6,14
19:46:09,Mostly Cloudy,8,6,14
19:48:09,Mostly Cloudy,8,6,14
19:50:09,Mostly Cloudy,8,6,14
19:52:09,Mostly Cloudy,8,6,14
19:54:09,Mostly Cloudy,8,6,14
19:56:09,Mostly Cloudy,8,6,14
19:58:08,Mostly Cloudy,8,6,14
20:00:09,Mostly Cloudy,8,6,14
20:02:09,Mostly Cloudy,8,6,14
20:04:09,Mostly Cloudy,8,6,14
20:06:08,Mostly Cloudy,8,6,14
20:08:09,Mostly Cloudy,8,6,14
20:10:09,Mostly Cloudy,8,6,14
20:12:08,Mostly Cloudy,6,3,11
20:14:08,Mostly Cloudy,6,3,11
20:16:09,Mostly Cloudy,6,3,11
20:18:08,Mostly Cloudy,6,3,11
20:20:09,Mostly Cloudy,6,3,11
20:22:09,Mostly Cloudy,6,3,11
20:24:09,Mostly Cloudy,6,3,11
20:26:08,Mostly Cloudy,6,3,11
20:28:09,Mostly Cloudy,6,3,11
20:30:09,Mostly Cloudy,6,3,11
20:32:08,Mostly Cloudy,6,3,11
20:34:09,Mostly Cloudy,6,3,11
20:36:09,Mostly Cloudy,6,3,11
20:38:08,Mostly Cloudy,6,3,11
20:40:09,Mostly Cloudy,6,3,11
20:42:09,Mostly Cloudy,6,3,11
20:44:09,Mostly Cloudy,6,3,11
20:46:09,Mostly Cloudy,6,3,11
20:48:09,Mostly Cloudy,6,3,11
20:50:09,Mostly Cloudy,6,3,11
20:52:09,Mostly Cloudy,6,3,11
20:54:08,Mostly Cloudy,6,3,11
20:56:08,Mostly Cloudy,6,3,11
20:58:09,Mostly Cloudy,6,3,11
21:00:09,Mostly Cloudy,6,3,11
21:02:09,Mostly Cloudy,6,3,11
21:04:09,Mostly Cloudy,6,3,11
21:06:08,Mostly Cloudy,6,3,11
21:08:09,Mostly Cloudy,6,3,11
21:10:09,Mostly Cloudy,6,3,11
21:12:09,Mostly Cloudy,6,3,11
21:14:08,Mostly Cloudy,6,3,11
21:16:08,Mostly Cloudy,6,3,11
21:18:09,Fair,3,1,11
21:20:08,Fair,3,1,11
21:22:09,Fair,3,1,11
21:24:09,Fair,3,1,11
21:26:08,Fair,3,1,11
21:28:09,Fair,3,1,11
21:30:09,Fair,3,1,11
21:32:08,Fair,3,1,11
21:34:08,Fair,3,1,11
21:36:09,Fair,3,1,11
21:38:09,Fair,3,1,11
21:40:09,Fair,3,1,11
21:42:08,Fair,3,1,11
21:44:09,Fair,3,1,11
21:46:08,Fair,3,1,11
21:48:08,Fair,3,1,11
21:50:09,Fair,3,1,11
21:52:08,Fair,3,1,11
21:54:09,Fair,3,1,11
21:56:09,Fair,3,1,11
21:58:08,Fair,3,1,11
22:00:08,Fair,3,1,11
22:02:09,Fair,3,1,11
22:04:09,Fair,3,1,11
22:06:09,Fair,3,1,11
22:08:08,Fair,3,1,11
22:10:09,Fair,3,1,11
22:12:09,Fair,3,1,11
22:14:09,Fair,3,1,11
22:16:08,Fair,3,1,11
22:18:09,Fair,3,1,11
22:20:09,Fair,3,1,11
22:22:08,Fair,3,1,11
22:24:08,Fair,3,1,11
22:26:09,Fair,3,1,11
22:28:09,Fair,3,1,11
22:30:09,Fair,3,1,11
22:32:08,Fair,3,1,11
22:34:08,Fair,3,1,11
22:36:09,Fair,3,1,11
22:38:09,Fair,3,1,11
22:40:09,Fair,3,1,11
22:42:08,Fair,3,1,11
22:44:08,Fair,3,1,11
22:46:09,Fair,3,1,11
22:48:09,Fair,3,1,11
22:50:08,Fair,3,1,11
22:52:09,Fair,3,1,11
22:54:09,Fair,3,1,11
22:56:09,Fair,3,1,11
22:58:09,Fair,3,1,11
23:00:08,Fair,3,1,11
23:02:09,Fair,3,1,11
23:04:09,Fair,3,1,11
23:06:09,Fair,3,1,11
23:08:08,Fair,3,1,11
23:10:08,Fair,3,1,11
23:12:09,Fair,2,0,11
23:14:09,Fair,2,0,11
23:16:09,Fair,2,0,11
23:18:09,Fair,2,0,11
23:20:08,Fair,2,0,11
23:22:09,Fair,2,0,11
23:24:09,Fair,2,0,11
23:26:09,Fair,2,0,11
23:28:08,Fair,2,0,11
23:30:09,Fair,2,0,11
23:32:09,Fair,2,0,11
23:34:08,Fair,2,0,11
23:36:09,Fair,2,0,11
23:38:09,Fair,2,0,11
23:40:09,Fair,2,0,11
23:42:08,Fair,2,0,11
23:44:09,Fair,2,0,11
23:46:09,Fair,2,0,11
23:48:08,Fair,2,0,11
23:50:09,Fair,2,0,11
23:52:09,Fair,2,0,11
23:54:09,Fair,2,0,11
23:56:08,Fair,2,0,11
23:58:09,Fair,2,0,11
