Time,Weather,Temperature,Feels_Like,Wind_Speed
00:00:08,Mostly Cloudy,8,7,11
00:02:08,Mostly Cloudy,8,7,11
00:04:09,Mostly Cloudy,8,7,11
00:06:09,Mostly Cloudy,8,7,11
00:08:08,Mostly Cloudy,8,7,11
00:10:09,Mostly Cloudy,8,7,11
00:12:09,Mostly Cloudy,8,7,11
00:14:09,Mostly Cloudy,8,7,11
00:16:08,Mostly Cloudy,8,7,9
00:18:09,Mostly Cloudy,8,7,9
00:20:09,Mostly Cloudy,8,7,9
00:22:08,Mostly Cloudy,8,7,9
00:24:09,Mostly Cloudy,8,7,9
00:26:09,Mostly Cloudy,8,7,9
00:28:09,Mostly Cloudy,8,7,9
00:30:09,Mostly Cloudy,8,7,9
00:32:08,Mostly Cloudy,8,7,9
00:34:09,Mostly Cloudy,8,7,9
00:36:09,Mostly Cloudy,8,7,9
00:38:09,Mostly Cloudy,8,7,9
00:40:09,Mostly Cloudy,8,7,9
00:42:08,Mostly Cloudy,8,7,9
00:44:08,Mostly Cloudy,8,7,9
00:46:09,Mostly Cloudy,8,7,9
00:48:09,Mostly Cloudy,8,7,9
00:50:09,Mostly Cloudy,8,7,9
00:52:09,Mostly Cloudy,8,7,9
00:54:08,Mostly Cloudy,8,7,9
00:56:08,Mostly Cloudy,8,7,9
00:58:09,Mostly Cloudy,8,7,9
01:00:17,Mostly Cloudy,8,7,9
01:02:09,Mostly Cloudy,8,7,9
01:04:09,Mostly Cloudy,8,7,9
01:06:09,Mostly Cloudy,8,7,9
01:08:09,Mostly Cloudy,8,7,9
01:10:09,Mostly Cloudy,8,7,9
01:12:09,Mostly Cloudy,8,7,9
01:14:08,Mostly Cloudy,8,7,9
01:16:09,Mostly Cloudy,8,6,14
01:18:09,Mostly Cloudy,8,6,14
01:20:08,Mostly Cloudy,8,6,14
01:22:08,Mostly Cloudy,8,6,14
01:24:09,Mostly Cloudy,8,6,14
01:26:09,Mostly Cloudy,8,6,14
01:28:09,Mostly Cloudy,8,6,14
01:30:08,Mostly Cloudy,8,6,14
01:32:09,Mostly Cloudy,8,6,14
01:34:09,Mostly Cloudy,8,6,14
01:36:09,Mostly Cloudy,8,6,14
01:38:08,Mostly Cloudy,8,6,14
01:40:09,Mostly Cloudy,8,6,14
01:42:09,Mostly Cloudy,8,6,14
01:44:09,Mostly Cloudy,8,6,14
01:46:09,Mostly Cloudy,8,6,14
01:48:08,Mostly Cloudy,8,6,14
01:50:09,Mostly Cloudy,8,6,14
01:52:09,Mostly Cloudy,8,6,14
01:54:09,Mostly Cloudy,8,6,14
01:56:08,Mostly Cloudy,8,6,14
01:58:09,Mostly Cloudy,8,6,14
02:00:09,Mostly Cloudy,8,6,14
02:02:09,Mostly Cloudy,8,6,14
02:04:09,Mostly Cloudy,8,6,14
02:06:09,Mostly Cloudy,8,6,14
02:08:09,Mostly Cloudy,8,6,14
02:10:08,Mostly Cloudy,8,6,14
02:12:09,Mostly Cloudy,8,6,14
02:14:09,Mostly Cloudy,8,6,14
02:16:09,Mostly Cloudy,8,6,16
02:18:09,Mostly Cloudy,8,6,16
02:20:09,Mostly Cloudy,8,6,16
02:22:08,Mostly Cloudy,8,6,16
02:24:08,Mostly Cloudy,8,6,16
02:26:08,Mostly Cloudy,8,6,16
02:28:09,Mostly Cloudy,8,6,16
02:30:09,Mostly Cloudy,8,6,16
02:32:09,Mostly Cloudy,8,6,16
02:34:09,Mostly Cloudy,8,6,16
02:36:08,Mostly Cloudy,8,6,16
02:38:08,Mostly Cloudy,8,6,16
02:40:09,Mostly Cloudy,8,6,16
02:42:09,Mostly Cloudy,8,6,16
02:44:08,Mostly Cloudy,8,6,16
02:46:08,Mostly Cloudy,8,6,16
02:48:09,Mostly Cloudy,8,6,16
02:50:09,Mostly Cloudy,8,6,16
02:52:09,Mostly Cloudy,8,6,16
02:54:08,Mostly Cloudy,8,6,16
02:56:09,Mostly Cloudy,8,6,16
02:58:09,Mostly Cloudy,8,6,16
03:00:09,Mostly Cloudy,8,6,16
03:02:08,Mostly Cloudy,8,6,16
03:04:09,Mostly Cloudy,8,6,16
03:06:09,Mostly Cloudy,8,6,16
03:08:09,Mostly Cloudy,8,6,16
03:10:08,Mostly Cloudy,8,6,19
03:12:09,Mostly Cloudy,8,6,19
03:14:09,Mostly Cloudy,8,6,19
03:16:08,Mostly Cloudy,8,6,19
03:18:09,Mostly Cloudy,8,6,19
03:20:09,Mostly Cloudy,8,6,19
03:22:09,Mostly Cloudy,8,6,19
03:24:08,Mostly Cloudy,8,6,19
03:26:09,Mostly Cloudy,8,6,19
03:28:09,Mostly Cloudy,8,6,19
03:30:09,Mostly Cloudy,8,6,19
03:32:08,Mostly Cloudy,8,6,19
03:34:08,Mostly Cloudy,8,6,19
03:36:08,Mostly Cloudy,8,6,19
03:38:09,Mostly Cloudy,8,6,19
03:40:09,Mostly Cloudy,8,6,19
03:42:08,Mostly Cloudy,8,6,19
03:44:08,Mostly Cloudy,8,6,19
03:46:08,Mostly Cloudy,8,6,19
03:48:09,Mostly Cloudy,8,6,19
03:50:09,Mostly Cloudy,8,6,19
03:52:09,Mostly Cloudy,8,6,19
03:54:09,Mostly Cloudy,8,6,19
03:56:09,Mostly Cloudy,8,6,19
03:58:09,Mostly Cloudy,8,6,19
04:00:08,Mostly Cloudy,8,6,19
04:02:09,Mostly Cloudy,8,6,19
04:04:09,Mostly Cloudy,8,6,19
04:06:09,Mostly Cloudy,8,6,19
04:08:08,Mostly Cloudy,8,6,19
04:10:09,Mostly Cloudy,8,6,19
04:12:09,Mostly Cloudy,8,6,19
04:14:08,Mostly Cloudy,8,6,19
04:16:08,Mostly Cloudy,8,6,16
04:18:09,Mostly Cloudy,8,6,16
04:20:09,Mostly Cloudy,8,6,16
04:22:09,Mostly Cloudy,8,6,16
04:24:09,Mostly Cloudy,8,6,16
04:26:09,Mostly Cloudy,8,6,16
04:28:09,Mostly Cloudy,8,6,16
04:30:09,Mostly Cloudy,8,6,16
04:32:09,Mostly Cloudy,8,6,16
04:34:08,Mostly Cloudy,8,6,16
04:36:08,Mostly Cloudy,8,6,16
04:38:09,Mostly Cloudy,8,6,16
04:40:09,Mostly Cloudy,8,6,16
04:42:08,Mostly Cloudy,8,6,16
04:44:08,Mostly Cloudy,8,6,16
04:46:09,Mostly Cloudy,8,6,16
04:48:09,Mostly Cloudy,8,6,16
04:50:08,Mostly Cloudy,8,6,16
04:52:08,Mostly Cloudy,8,6,16
04:54:09,Mostly Cloudy,8,6,16
04:56:09,Mostly Cloudy,8,6,16
04:58:08,Mostly Cloudy,8,6,16
05:00:09,Mostly Cloudy,8,6,16
05:02:09,Mostly Cloudy,8,6,16
05:04:09,Mostly Cloudy,8,6,16
05:06:09,Mostly Cloudy,8,6,16
05:08:09,Mostly Cloudy,8,6,16
05:10:08,Mostly Cloudy,7,5,14
05:12:09,Mostly Cloudy,7,5,14
05:14:09,Mostly Cloudy,7,5,14
05:16:08,Mostly Cloudy,7,5,14
05:18:09,Mostly Cloudy,7,5,14
05:20:09,Mostly Cloudy,7,5,14
05:22:09,Mostly Cloudy,7,5,14
05:24:08,Mostly Cloudy,7,5,14
05:26:08,Mostly Cloudy,7,5,14
05:28:09,Mostly Cloudy,7,5,14
05:30:09,Mostly Cloudy,7,5,14
05:32:09,Mostly Cloudy,7,5,14
05:34:08,Mostly Cloudy,7,5,14
05:36:08,Mostly Cloudy,7,5,14
05:38:09,Mostly Cloudy,7,5,14
05:40:09,Mostly Cloudy,7,5,14
05:42:09,Mostly Cloudy,7,5,14
05:44:09,Mostly Cloudy,7,5,14
05:46:08,Mostly Cloudy,7,5,14
05:48:09,Mostly Cloudy,7,5,14
05:50:09,Mostly Cloudy,7,5,14
05:52:09,Mostly Cloudy,7,5,14
05:54:09,Mostly Cloudy,7,5,14
05:56:09,Mostly Cloudy,7,5,14
05:58:09,Mostly Cloudy,7,5,14
06:00:09,Mostly Cloudy,7,5,14
06:02:09,Mostly Cloudy,7,5,14
06:04:09,Mostly Cloudy,7,5,14
06:06:08,Mostly Cloudy,7,5,14
06:08:08,Mostly Cloudy,7,5,14
06:10:09,Mostly Cloudy,7,5,14
06:12:09,Mostly Cloudy,7,5,14
06:14:08,Mostly Cloudy,7,5,14
06:16:08,Mostly Cloudy,7,5,19
06:18:09,Mostly Cloudy,7,5,19
06:20:09,Mostly Cloudy,7,5,19
06:22:08,Mostly Cloudy,7,5,19
06:24:08,Mostly Cloudy,7,5,19
06:26:09,Mostly Cloudy,7,5,19
06:28:09,Mostly Cloudy,7,5,19
06:30:08,Mostly Cloudy,7,5,19
06:32:09,Mostly Cloudy,7,5,19
06:34:09,Mostly Cloudy,7,5,19
06:36:09,Mostly Cloudy,7,5,19
06:38:08,Mostly Cloudy,7,5,19
06:40:08,Mostly Cloudy,7,5,19
06:42:09,Mostly Cloudy,7,5,19
06:44:09,Mostly Cloudy,7,5,19
06:46:09,Mostly Cloudy,7,5,19
06:48:08,Mostly Cloudy,7,5,19
06:50:08,Mostly Cloudy,7,5,19
06:52:09,Mostly Cloudy,7,5,19
06:54:08,Mostly Cloudy,7,5,19
06:56:08,Mostly Cloudy,7,5,19
06:58:09,Mostly Cloudy,7,5,19
07:00:09,Mostly Cloudy,7,5,19
07:02:09,Mostly Cloudy,7,5,19
07:04:09,Mostly Cloudy,7,5,19
07:06:08,Mostly Cloudy,7,5,19
07:08:09,Mostly Cloudy,7,5,19
07:10:09,Mostly Cloudy,8,6,20
07:12:09,Mostly Cloudy,8,6,20
07:14:09,Mostly Cloudy,8,6,20
07:16:09,Mostly Cloudy,8,6,20
07:18:08,Mostly Cloudy,8,6,20
07:20:09,Mostly Cloudy,8,6,20
07:22:09,Mostly Cloudy,8,6,20
07:24:08,Mostly Cloudy,8,6,20
07:26:08,Mostly Cloudy,8,6,20
07:28:09,Mostly Cloudy,8,6,20
07:30:09,Mostly Cloudy,8,6,20
07:32:09,Mostly Cloudy,8,6,20
07:34:09,Mostly Cloudy,8,6,20
07:36:08,Mostly Cloudy,8,6,20
07:38:08,Mostly Cloudy,8,6,20
07:40:08,Mostly Cloudy,8,6,20
07:42:08,Mostly Cloudy,8,6,20
07:44:09,Mostly Cloudy,8,6,20
07:46:09,Mostly Cloudy,8,6,20
07:48:09,Mostly Cloudy,8,6,20
07:50:08,Mostly Cloudy,8,6,20
07:52:09,Mostly Cloudy,8,6,20
07:54:09,Mostly Cloudy,8,6,20
07:56:09,Mostly Cloudy,8,6,20
07:58:09,Mostly Cloudy,8,6,20
08:00:09,Mostly Cloudy,8,6,20
08:02:09,Mostly Cloudy,8,6,20
08:04:08,Mostly Cloudy,8,6,20
08:06:08,Mostly Cloudy,8,6,20
08:08:09,Mostly Cloudy,8,6,20
08:10:09,Mostly Cloudy,8,6,20
08:12:09,Mostly Cloudy,8,6,20
08:14:08,Mostly Cloudy,8,6,20
08:16:09,Mostly Cloudy,10,10,24
08:18:08,Mostly Cloudy,10,10,24
08:20:08,Mostly Cloudy,10,10,24
08:22:09,Mostly Cloudy,10,10,24
08:24:09,Mostly Cloudy,10,10,24
08:26:09,Mostly Cloudy,10,10,24
08:28:09,Mostly Cloudy,10,10,24
08:30:08,Mostly Cloudy,10,10,24
08:32:08,Mostly Cloudy,10,10,24
08:34:09,Mostly Cloudy,10,10,24
08:36:08,Mostly Cloudy,10,10,24
08:38:09,Mostly Cloudy,10,10,24
08:40:09,Mostly Cloudy,10,10,22
08:42:09,Mostly Cloudy,10,10,22
08:44:08,Mostly Cloudy,10,10,22
08:46:09,Mostly Cloudy,10,10,22
08:48:09,Mostly Cloudy,10,10,22
08:50:09,Mostly Cloudy,10,10,22
08:52:08,Mostly Cloudy,10,10,22
08:54:09,Mostly Cloudy,10,10,22
08:56:09,Mostly Cloudy,10,10,22
08:58:09,Mostly Cloudy,10,10,22
09:00:08,Mostly Cloudy,10,10,22
09:02:09,Mostly Cloudy,10,10,22
09:04:09,Mostly Cloudy,10,10,22
09:06:08,Mostly Cloudy,10,10,22
09:08:08,Mostly Cloudy,10,10,22
09:10:09,Mostly Cloudy,10,10,22
09:12:09,Mostly Cloudy,10,10,22
09:14:08,Mostly Cloudy,10,10,22
09:16:08,Light Rain,10,10,25
09:18:09,Light Rain,10,10,25
09:20:09,Light Rain,10,10,25
09:22:08,Light Rain,10,10,25
09:24:08,Light Rain,10,10,25
09:26:09,Light Rain,10,10,25
09:28:09,Light Rain,10,10,25
09:30:08,Light Rain,10,10,25
09:32:09,Light Rain,10,10,25
09:34:09,Light Rain,10,10,25
09:36:08,Light Rain,10,10,25
09:38:08,Light Rain,10,10,25
09:40:09,Light Rain Shower,8,5,25
09:42:09,Light Rain Shower,8,5,25
09:44:09,Light Rain Shower,8,5,25
09:46:09,Light Rain Shower,8,5,25
09:48:08,Light Rain Shower,8,5,25
09:50:08,Light Rain Shower,8,5,25
09:52:09,Light Rain Shower,8,5,25
09:54:09,Light Rain Shower,8,5,25
09:56:08,Light Rain Shower,8,5,25
09:58:08,Light Rain Shower,8,5,25
10:00:09,Light Rain Shower,8,5,25
10:02:09,Light Rain Shower,8,5,25
10:04:09,Light Rain Shower,8,5,25
10:06:09,Light Rain Shower,8,5,25
10:08:09,Light Rain Shower,8,5,25
10:10:09,Showers in the Vicinity,8,6,14
10:12:08,Showers in the Vicinity,8,6,14
10:14:09,Showers in the Vicinity,8,6,14
10:16:09,Showers in the Vicinity,8,6,14
10:18:08,Showers in the Vicinity,8,6,14
10:20:09,Showers in the Vicinity,8,6,14
10:22:09,Showers in the Vicinity,8,6,14
10:24:08,Showers in the Vicinity,8,6,14
10:26:08,Showers in the Vicinity,8,6,14
10:28:08,Showers in the Vicinity,8,6,14
10:30:09,Showers in the Vicinity,8,6,14
10:32:09,Showers in the Vicinity,8,6,14
10:34:09,Showers in the Vicinity,8,6,14
10:36:09,Showers in the Vicinity,8,6,14
10:38:09,Showers in the Vicinity,8,6,14
10:40:09,Showers in the Vicinity,8,6,14
10:42:08,Showers in the Vicinity,8,6,14
10:44:09,Showers in the Vicinity,8,6,14
10:46:09,Mostly Cloudy,10,10,19
10:48:09,Mostly Cloudy,10,10,19
10:50:09,Mostly Cloudy,10,10,19
10:52:08,Mostly Cloudy,10,10,19
10:54:09,Mostly Cloudy,10,10,19
10:56:09,Mostly Cloudy,10,10,19
10:58:09,Mostly Cloudy,10,10,19
11:00:09,Mostly Cloudy,10,10,19
11:02:09,Mostly Cloudy,10,10,19
11:04:09,Mostly Cloudy,10,10,19
11:06:09,Mostly Cloudy,10,10,19
11:08:09,Mostly Cloudy,10,10,19
11:10:09,Mostly Cloudy,10,10,19
11:12:09,Mostly Cloudy,10,10,19
11:14:09,Mostly Cloudy,10,10,19
11:16:08,Showers in the Vicinity,8,6,19
11:18:09,Showers in the Vicinity,8,6,19
11:20:09,Showers in the Vicinity,8,6,19
11:22:09,Showers in the Vicinity,8,6,19
11:24:09,Showers in the Vicinity,8,6,19
11:26:09,Showers in the Vicinity,8,6,19
11:28:09,Showers in the Vicinity,8,6,19
11:30:09,Showers in the Vicinity,8,6,19
11:32:08,Showers in the Vicinity,8,6,19
11:34:08,Showers in the Vicinity,8,6,19
11:36:09,Showers in the Vicinity,8,6,19
11:38:09,Showers in the Vicinity,8,6,19
11:40:08,Mostly Cloudy,10,10,20
11:42:09,Mostly Cloudy,10,10,20
11:44:09,Mostly Cloudy,10,10,20
11:46:09,Mostly Cloudy,10,10,20
11:48:08,Mostly Cloudy,10,10,20
11:50:09,Mostly Cloudy,10,10,20
11:52:09,Mostly Cloudy,10,10,20
11:54:08,Mostly Cloudy,10,10,20
11:56:08,Mostly Cloudy,10,10,20
11:58:09,Mostly Cloudy,10,10,20
12:00:09,Mostly Cloudy,10,10,20
12:02:09,Mostly Cloudy,10,10,20
12:04:08,Mostly Cloudy,10,10,20
12:06:08,Mostly Cloudy,10,10,20
12:08:09,Mostly Cloudy,10,10,20
12:10:09,Mostly Cloudy,11,11,25
12:12:09,Mostly Cloudy,11,11,25
12:14:09,Mostly Cloudy,11,11,25
12:16:08,Mostly Cloudy,11,11,25
12:18:09,Mostly Cloudy,11,11,25
12:20:09,Mostly Cloudy,11,11,25
12:22:09,Mostly Cloudy,11,11,25
12:24:08,Mostly Cloudy,11,11,25
12:26:09,Mostly Cloudy,11,11,25
12:28:09,Mostly Cloudy,11,11,25
12:30:09,Mostly Cloudy,11,11,25
12:32:08,Mostly Cloudy,11,11,25
12:34:09,Mostly Cloudy,11,11,25
12:36:09,Mostly Cloudy,11,11,25
12:38:09,Mostly Cloudy,11,11,25
12:40:08,Partly Cloudy,10,10,22
12:42:08,Partly Cloudy,10,10,22
12:44:09,Partly Cloudy,10,10,22
12:46:09,Partly Cloudy,10,10,22
12:48:08,Partly Cloudy,10,10,22
12:50:08,Partly Cloudy,10,10,22
12:52:09,Partly Cloudy,10,10,22
12:54:09,Partly Cloudy,10,10,22
12:56:09,Partly Cloudy,10,10,22
12:58:09,Partly Cloudy,10,10,22
13:00:09,Partly Cloudy,10,10,22
13:02:09,Partly Cloudy,10,10,22
13:04:09,Partly Cloudy,10,10,22
13:06:08,Partly Cloudy,10,10,22
13:08:08,Partly Cloudy,10,10,22
13:10:09,Mostly Cloudy,10,10,24
13:12:09,Mostly Cloudy,10,10,24
13:14:09,Mostly Cloudy,10,10,24
13:16:08,Mostly Cloudy,10,10,24
13:18:09,Mostly Cloudy,10,10,24
13:20:08,Mostly Cloudy,10,10,24
13:22:08,Mostly Cloudy,10,10,24
13:24:09,Mostly Cloudy,10,10,24
13:26:09,Mostly Cloudy,10,10,24
13:28:09,Mostly Cloudy,10,10,24
13:30:09,Mostly Cloudy,10,10,24
13:32:08,Mostly Cloudy,10,10,24
13:34:09,Mostly Cloudy,10,10,24
13:36:09,Mostly Cloudy,10,10,24
13:38:09,Mostly Cloudy,10,10,24
13:40:09,Mostly Cloudy,10,10,24
13:42:09,Mostly Cloudy,10,10,24
13:44:09,Partly Cloudy,8,6,20
13:46:09,Partly Cloudy,8,6,20
13:48:09,Partly Cloudy,8,6,20
13:50:09,Partly Cloudy,8,6,20
13:52:09,Partly Cloudy,8,6,20
13:54:08,Partly Cloudy,8,6,20
13:56:09,Partly Cloudy,8,6,20
13:58:09,Partly Cloudy,8,6,20
14:00:09,Partly Cloudy,8,6,20
14:02:09,Partly Cloudy,8,6,20
14:04:08,Partly Cloudy,8,6,20
14:06:09,Partly Cloudy,8,6,20
14:08:09,Partly Cloudy,8,6,20
14:10:08,Partly Cloudy,8,6,20
14:12:09,Partly Cloudy,8,6,20
14:14:09,Mostly Cloudy,8,6,16
14:16:09,Mostly Cloudy,8,6,16
14:18:08,Mostly Cloudy,8,6,16
14:20:09,Mostly Cloudy,8,6,16
14:22:09,Mostly Cloudy,8,6,16
14:24:09,Mostly Cloudy,8,6,16
14:26:08,Mostly Cloudy,8,6,16
14:28:09,Mostly Cloudy,8,6,16
14:30:09,Mostly Cloudy,8,6,16
14:32:08,Mostly Cloudy,8,6,16
14:34:08,Mostly Cloudy,8,6,16
14:36:09,Mostly Cloudy,8,6,16
14:38:09,Mostly Cloudy,8,6,16
14:40:08,Mostly Cloudy,8,6,16
14:42:09,Showers in the Vicinity,8,6,14
14:44:08,Showers in the Vicinity,8,6,14
14:46:09,Showers in the Vicinity,8,6,14
14:48:09,Showers in the Vicinity,8,6,14
14:50:09,Showers in the Vicinity,8,6,14
14:52:09,Showers in the Vicinity,8,6,14
14:54:08,Showers in the Vicinity,8,6,14
14:56:09,Showers in the Vicinity,8,6,14
14:58:09,Showers in the Vicinity,8,6,14
15:00:09,Showers in the Vicinity,8,6,14
15:02:09,Showers in the Vicinity,8,6,14
15:04:09,Showers in the Vicinity,8,6,14
15:06:09,Showers in the Vicinity,8,6,14
15:08:08,Showers in the Vicinity,8,6,14
15:10:08,Showers in the Vicinity,8,6,14
15:12:08,Light Rain Shower,7,3,19
15:14:09,Light Rain Shower,7,3,19
15:16:09,Light Rain Shower,7,3,19
15:18:08,Light Rain Shower,7,3,19
15:20:09,Light Rain Shower,7,3,19
15:22:09,Light Rain Shower,7,3,19
15:24:09,Light Rain Shower,7,3,19
15:26:08,Light Rain Shower,7,3,19
15:28:09,Light Rain Shower,7,3,19
15:30:09,Light Rain Shower,7,3,19
15:32:09,Light Rain Shower,7,3,19
15:34:09,Light Rain Shower,7,3,19
15:36:08,Light Rain Shower,7,3,19
15:38:09,Light Rain Shower,7,3,19
15:40:09,Light Rain Shower,7,3,19
15:42:09,Light Rain Shower,7,3,19
15:44:08,Light Rain Shower,7,3,19
15:46:09,Light Rain Shower,7,3,19
15:48:09,Mostly Cloudy,7,5,12
15:50:08,Mostly Cloudy,7,5,12
15:52:08,Mostly Cloudy,7,5,12
15:54:08,Mostly Cloudy,7,5,12
15:56:09,Mostly Cloudy,7,5,12
15:58:09,Mostly Cloudy,7,5,12
16:00:08,Mostly Cloudy,7,5,12
16:02:09,Mostly Cloudy,7,5,12
16:04:09,Mostly Cloudy,7,5,12
16:06:08,Mostly Cloudy,7,5,12
16:08:09,Mostly Cloudy,7,5,12
16:10:09,Mostly Cloudy,7,5,16
16:12:09,Mostly Cloudy,7,5,16
16:14:09,Mostly Cloudy,7,5,16
16:16:09,Mostly Cloudy,7,5,16
16:18:09,Mostly Cloudy,7,5,16
16:20:09,Mostly Cloudy,7,5,16
16:22:09,Mostly Cloudy,7,5,16
16:24:08,Mostly Cloudy,7,5,16
16:26:08,Mostly Cloudy,7,5,16
16:28:09,Mostly Cloudy,7,5,16
16:30:09,Mostly Cloudy,7,5,16
16:32:09,Mostly Cloudy,7,5,16
16:34:08,Mostly Cloudy,7,5,16
16:36:09,Mostly Cloudy,7,5,16
16:38:09,Mostly Cloudy,7,5,16
16:40:09,Mostly Cloudy,7,5,16
16:42:08,Mostly Cloudy,7,5,16
16:44:08,Mostly Cloudy,7,5,16
16:46:09,Mostly Cloudy,7,5,16
16:48:09,Mostly Cloudy,7,5,16
16:50:09,Mostly Cloudy,7,5,16
16:52:09,Mostly Cloudy,7,5,16
16:54:08,Mostly Cloudy,7,5,16
16:56:09,Mostly Cloudy,7,5,16
16:58:09,Mostly Cloudy,7,5,16
17:00:09,Mostly Cloudy,7,5,16
17:02:08,Mostly Cloudy,7,5,16
17:04:08,Mostly Cloudy,7,5,16
17:06:09,Mostly Cloudy,7,5,16
17:08:09,Mostly Cloudy,7,5,16
17:10:09,Mostly Cloudy,7,5,16
17:12:09,Mostly Cloudy,7,5,16
17:14:09,Mostly Cloudy,7,5,16
17:16:09,Mostly Cloudy,7,3,24
17:18:09,Mostly Cloudy,7,3,24
17:20:09,Mostly Cloudy,7,3,24
17:22:09,Mostly Cloudy,7,3,24
17:24:09,Mostly Cloudy,7,3,24
17:26:09,Mostly Cloudy,7,3,24
17:28:09,Mostly Cloudy,7,3,24
17:30:09,Mostly Cloudy,7,3,24
17:32:09,Mostly Cloudy,7,3,24
17:34:09,Mostly Cloudy,7,3,24
17:36:09,Mostly Cloudy,7,3,24
17:38:09,Mostly Cloudy,7,3,24
17:40:08,Mostly Cloudy,7,3,24
17:42:09,Mostly Cloudy,7,3,24
17:44:09,Mostly Cloudy,7,3,24
17:46:08,Mostly Cloudy,7,3,24
17:48:09,Mostly Cloudy,7,3,24
17:50:08,Mostly Cloudy,7,3,24
17:52:09,Mostly Cloudy,7,3,24
17:54:09,Mostly Cloudy,7,3,24
17:56:08,Mostly Cloudy,7,3,24
17:58:09,Mostly Cloudy,7,3,24
18:00:09,Mostly Cloudy,7,3,24
18:02:09,Mostly Cloudy,7,3,24
18:04:08,Mostly Cloudy,7,3,24
18:06:09,Mostly Cloudy,7,3,24
18:08:09,Mostly Cloudy,7,3,24
18:10:09,Mostly Cloudy,7,3,24
18:12:09,Mostly Cloudy,7,3,24
18:14:09,Mostly Cloudy,7,3,24
18:16:09,Mostly Cloudy,7,3,24
18:18:09,Mostly Cloudy,7,3,24
18:20:08,Mostly Cloudy,7,2,25
18:22:09,Mostly Cloudy,7,2,25
18:24:09,Mostly Cloudy,7,2,25
18:26:09,Mostly Cloudy,7,2,25
18:28:08,Mostly Cloudy,7,2,25
18:30:09,Mostly Cloudy,7,2,25
18:32:09,Mostly Cloudy,7,2,25
18:34:08,Mostly Cloudy,7,2,25
18:36:08,Mostly Cloudy,7,2,25
18:38:09,Mostly Cloudy,7,2,25
18:40:09,Mostly Cloudy,7,2,25
18:42:08,Mostly Cloudy,7,2,25
18:44:08,Mostly Cloudy,7,2,25
18:46:09,Mostly Cloudy,7,2,25
18:48:09,Mostly Cloudy,7,2,25
18:50:09,Mostly Cloudy,7,2,25
18:52:09,Mostly Cloudy,7,2,25
18:54:09,Mostly Cloudy,7,2,25
18:56:09,Mostly Cloudy,7,2,25
18:58:08,Mostly Cloudy,7,2,25
19:00:08,Mostly Cloudy,7,2,25
19:02:09,Mostly Cloudy,7,2,25
19:04:09,Mostly Cloudy,7,2,25
19:06:09,Mostly Cloudy,7,2,25
19:08:08,Mostly Cloudy,7,2,25
19:10:09,Mostly Cloudy,7,2,25
19:12:09,Mostly Cloudy,7,2,25
19:14:09,Partly Cloudy,6,1,24
19:16:09,Partly Cloudy,6,1,24
19:18:08,Partly Cloudy,6,1,24
19:20:08,Partly Cloudy,6,1,24
19:22:09,Partly Cloudy,6,1,24
19:24:09,Partly Cloudy,6,1,24
19:26:09,Partly Cloudy,6,1,24
19:28:08,Partly Cloudy,6,1,24
19:30:08,Partly Cloudy,6,1,24
19:32:09,Partly Cloudy,6,1,24
19:34:09,Partly Cloudy,6,1,24
19:36:09,Partly Cloudy,6,1,24
19:38:08,Partly Cloudy,6,1,24
19:40:09,Partly Cloudy,6,1,24
19:42:09,Partly Cloudy,6,1,24
19:44:08,Partly Cloudy,6,1,24
19:46:09,Partly Cloudy,6,1,24
19:48:09,Partly Cloudy,6,1,24
19:50:09,Partly Cloudy,6,1,24
19:52:09,Partly Cloudy,6,1,24
19:54:09,Partly Cloudy,6,1,24
19:56:09,Partly Cloudy,6,1,24
19:58:08,Partly Cloudy,6,1,24
20:00:08,Partly Cloudy,6,1,24
20:02:08,Partly Cloudy,6,1,24
20:04:09,Partly Cloudy,6,1,24
20:06:09,Partly Cloudy,6,1,24
20:08:09,Partly Cloudy,6,1,24
20:10:08,Partly Cloudy,6,1,24
20:12:09,Partly Cloudy,6,1,24
20:14:09,Fair,3,0,19
20:16:09,Fair,3,0,19
20:18:08,Fair,3,0,19
20:20:08,Fair,3,0,19
20:22:09,Fair,3,0,19
20:24:09,Fair,3,0,19
20:26:09,Fair,3,0,19
20:28:08,Fair,3,0,19
20:30:09,Fair,3,0,19
20:32:09,Fair,3,0,19
20:34:09,Fair,3,0,19
20:36:08,Fair,3,0,19
20:38:08,Fair,3,0,19
20:40:09,Fair,3,0,19
20:42:09,Fair,3,0,19
20:44:09,Fair,3,0,19
20:46:08,Fair,3,0,19
20:48:09,Fair,3,0,19
20:50:09,Fair,3,0,19
20:52:09,Fair,3,0,19
20:54:09,Fair,3,0,19
20:56:08,Fair,3,0,19
20:58:09,Fair,3,0,19
21:00:09,Fair,3,0,19
21:02:09,Fair,3,0,19
21:04:08,Fair,3,0,19
21:06:09,Fair,3,0,19
21:08:09,Fair,2,0,14
21:10:08,Fair,2,0,14
21:12:09,Fair,2,0,14
21:14:09,Fair,2,0,14
21:16:09,Fair,2,0,14
21:18:09,Fair,2,0,14
21:20:09,Fair,2,0,14
21:22:09,Fair,2,0,14
21:24:08,Fair,2,0,14
21:26:08,Fair,2,0,14
21:28:09,Fair,2,0,14
21:30:09,Fair,2,0,14
21:32:09,Fair,2,0,14
21:34:08,Fair,2,0,14
21:36:09,Fair,2,0,14
21:38:09,Fair,2,0,14
21:40:09,Fair,2,0,14
21:42:09,Fair,2,0,14
21:44:09,Fair,2,0,14
21:46:09,Fair,2,0,14
21:48:09,Fair,2,0,14
21:50:08,Fair,2,0,14
21:52:09,Fair,2,0,14
21:54:09,Fair,2,0,14
21:56:09,Fair,2,0,14
21:58:09,Fair,2,0,14
22:00:08,Fair,2,0,14
22:02:08,Fair,2,0,14
22:04:09,Fair,2,0,14
22:06:09,Fair,2,0,14
22:08:09,Fair,2,0,14
22:10:08,Fair,2,0,14
22:12:08,Fair,2,0,14
22:14:09,Fair,2,0,14
22:16:09,Fair,2,0,14
22:18:08,Fair,2,0,14
22:20:08,Fair,1,-3,16
22:22:09,Fair,1,-3,16
22:24:09,Fair,1,-3,16
22:26:08,Fair,1,-3,16
22:28:08,Fair,1,-3,16
22:30:09,Fair,1,-3,16
22:32:09,Fair,1,-3,16
22:34:09,Fair,1,-3,16
22:36:08,Fair,1,-3,16
22:38:08,Fair,1,-3,16
22:40:09,Fair,1,-3,16
22:42:09,Fair,1,-3,16
22:44:09,Fair,1,-3,16
22:46:09,Fair,1,-3,16
22:48:09,Fair,1,-3,16
22:50:09,Fair,1,-3,16
22:52:08,Fair,1,-3,16
22:54:08,Fair,1,-3,16
22:56:08,Fair,1,-3,16
22:58:09,Fair,1,-3,16
23:00:09,Fair,1,-3,16
23:02:09,Fair,1,-3,16
23:04:08,Fair,1,-3,16
23:06:08,Fair,1,-3,16
23:08:08,Fair,1,-3,16
23:10:09,Fair,1,-3,16
23:12:09,Fair,1,-3,16
23:14:09,Fair,2,-3,24
23:16:08,Fair,2,-3,24
23:18:09,Fair,2,-3,24
23:20:09,Fair,2,-3,24
23:22:08,Fair,2,-3,24
23:24:09,Fair,2,-3,24
23:26:09,Fair,2,-3,24
23:28:09,Fair,2,-3,24
23:30:08,Fair,2,-3,24
23:32:08,Fair,2,-3,24
23:34:09,Fair,2,-3,24
23:36:09,Fair,2,-3,24
23:38:09,Fair,2,-3,24
23:40:09,Fair,2,-3,24
23:42:09,Fair,2,-3,24
23:44:09,Fair,2,-3,24
23:46:08,Fair,2,-3,24
23:48:08,Fair,2,-3,24
23:50:09,Fair,2,-3,24
23:52:08,Fair,2,-3,24
23:54:08,Fair,2,-3,24
23:56:09,Fair,2,-3,24
23:58:09,Fair,2,-3,24
