Time,Weather,Temperature,Feels_Like,Wind_Speed
00:00:09,Mostly Cloudy,2,0,9
00:02:09,Mostly Cloudy,2,0,9
00:04:08,Mostly Cloudy,2,0,9
00:06:08,Mostly Cloudy,2,0,9
00:08:09,Mostly Cloudy,2,0,9
00:10:09,Mostly Cloudy,2,0,9
00:12:08,Mostly Cloudy,2,0,9
00:14:08,Mostly Cloudy,2,0,9
00:16:09,Mostly Cloudy,2,0,9
00:18:09,Mostly Cloudy,2,0,9
00:20:08,Mostly Cloudy,2,0,9
00:22:09,Mostly Cloudy,2,0,9
00:24:09,Mostly Cloudy,2,0,9
00:26:09,Mostly Cloudy,2,0,9
00:28:08,Mostly Cloudy,2,0,9
00:30:08,Mostly Cloudy,2,0,9
00:32:09,Mostly Cloudy,2,0,9
00:34:09,Mostly Cloudy,2,0,9
00:36:09,Mostly Cloudy,2,0,9
00:38:09,Mostly Cloudy,2,0,9
00:40:08,Mostly Cloudy,2,0,9
00:42:09,Mostly Cloudy,2,0,9
00:44:09,Mostly Cloudy,2,0,9
00:46:09,Mostly Cloudy,2,0,9
00:48:08,Mostly Cloudy,2,0,9
00:50:09,Mostly Cloudy,2,0,9
00:52:09,Mostly Cloudy,2,0,9
00:54:08,Mostly Cloudy,2,0,9
00:56:09,Mostly Cloudy,2,0,9
00:58:09,Mostly Cloudy,2,0,9
01:00:16,Mostly Cloudy,2,0,9
01:02:08,Mostly Cloudy,2,0,9
01:04:09,Mostly Cloudy,2,0,9
01:06:09,Mostly Cloudy,2,0,9
01:08:09,Mostly Cloudy,2,0,9
01:10:08,Mostly Cloudy,2,0,9
01:12:09,Mostly Cloudy,2,0,9
01:14:09,Mostly Cloudy,1,-1,9
01:16:09,Mostly Cloudy,1,-1,9
01:18:09,Mostly Cloudy,1,-1,9
01:20:09,Mostly Cloudy,1,-1,9
01:22:09,Mostly Cloudy,1,-1,9
01:24:09,Mostly Cloudy,1,-1,9
01:26:08,Mostly Cloudy,1,-1,9
01:28:09,Mostly Cloudy,1,-1,9
01:30:09,Mostly Cloudy,1,-1,9
01:32:09,Mostly Cloudy,1,-1,9
01:34:09,Mostly Cloudy,1,-1,9
01:36:09,Mostly Cloudy,1,-1,9
01:38:09,Partly Cloudy,2,-1,11
01:40:08,Partly Cloudy,2,-1,11
01:42:08,Partly Cloudy,2,-1,11
01:44:09,Partly Cloudy,2,-1,11
01:46:09,Partly Cloudy,2,-1,11
01:48:09,Partly Cloudy,2,-1,11
01:50:08,Partly Cloudy,2,-1,11
01:52:09,Partly Cloudy,2,-1,11
01:54:09,Partly Cloudy,2,-1,11
01:56:09,Partly Cloudy,2,-1,11
01:58:08,Partly Cloudy,2,-1,11
02:00:08,Partly Cloudy,2,-1,11
02:02:09,Partly Cloudy,2,-1,11
02:04:09,Partly Cloudy,2,-1,11
02:06:09,Partly Cloudy,2,-1,11
02:08:08,Partly Cloudy,2,-1,11
02:10:08,Partly Cloudy,2,-1,11
02:12:09,Partly Cloudy,2,-1,11
02:14:09,Mostly Cloudy,2,0,9
02:16:09,Mostly Cloudy,2,0,9
02:18:08,Mostly Cloudy,2,0,9
02:20:09,Mostly Cloudy,2,0,9
02:22:09,Mostly Cloudy,2,0,9
02:24:09,Mostly Cloudy,2,0,9
02:26:09,Mostly Cloudy,2,0,9
02:28:08,Mostly Cloudy,2,0,9
02:30:09,Mostly Cloudy,2,0,9
02:32:09,Mostly Cloudy,2,0,9
02:34:09,Mostly Cloudy,2,0,9
02:36:09,Mostly Cloudy,2,0,9
02:38:09,Mostly Cloudy,2,0,9
02:40:09,Mostly Cloudy,2,0,9
02:42:09,Mostly Cloudy,2,0,9
02:44:09,Mostly Cloudy,2,0,9
02:46:09,Mostly Cloudy,2,0,9
02:48:09,Mostly Cloudy,2,0,9
02:50:09,Mostly Cloudy,2,0,9
02:52:08,Mostly Cloudy,2,0,9
02:54:09,Mostly Cloudy,2,0,9
02:56:09,Mostly Cloudy,2,0,9
02:58:09,Mostly Cloudy,2,0,9
03:00:09,Mostly Cloudy,2,0,9
03:02:09,Mostly Cloudy,2,0,9
03:04:09,Mostly Cloudy,2,0,9
03:06:08,Mostly Cloudy,2,0,9
03:08:08,Mostly Cloudy,2,0,9
03:10:09,Mostly Cloudy,2,0,9
03:12:09,Mostly Cloudy,2,0,9
03:14:09,Mostly Cloudy,2,0,11
03:16:08,Mostly Cloudy,2,0,11
03:18:09,Mostly Cloudy,2,0,11
03:20:09,Mostly Cloudy,2,0,11
03:22:08,Mostly Cloudy,2,0,11
03:24:08,Mostly Cloudy,2,0,11
03:26:09,Mostly Cloudy,2,0,11
03:28:08,Mostly Cloudy,2,0,11
03:30:09,Mostly Cloudy,2,0,11
03:32:09,Mostly Cloudy,2,0,11
03:34:08,Mostly Cloudy,2,0,11
03:36:08,Mostly Cloudy,2,0,11
03:38:09,Mostly Cloudy,2,0,11
03:40:09,Mostly Cloudy,2,0,11
03:42:09,Mostly Cloudy,2,0,11
03:44:09,Mostly Cloudy,2,0,11
03:46:09,Mostly Cloudy,2,0,11
03:48:08,Mostly Cloudy,2,0,11
03:50:09,Mostly Cloudy,2,0,11
03:52:09,Mostly Cloudy,2,0,11
03:54:09,Mostly Cloudy,2,0,11
03:56:08,Mostly Cloudy,2,0,11
03:58:09,Mostly Cloudy,2,0,11
04:00:09,Mostly Cloudy,2,0,11
04:02:09,Mostly Cloudy,2,0,11
04:04:08,Mostly Cloudy,2,0,11
04:06:08,Mostly Cloudy,2,0,11
04:08:09,Partly Cloudy,2,0,11
04:10:09,Partly Cloudy,2,0,11
04:12:09,Partly Cloudy,2,0,11
04:14:09,Partly Cloudy,2,0,11
04:16:08,Partly Cloudy,2,0,11
04:18:09,Partly Cloudy,2,0,11
04:20:09,Partly Cloudy,2,0,11
04:22:08,Partly Cloudy,2,0,11
04:24:09,Partly Cloudy,2,0,11
04:26:09,Partly Cloudy,2,0,11
04:28:09,Partly Cloudy,2,0,11
04:30:09,Partly Cloudy,2,0,11
04:32:09,Partly Cloudy,2,0,11
04:34:09,Partly Cloudy,2,0,11
04:36:09,Partly Cloudy,2,0,11
04:38:09,Partly Cloudy,2,0,11
04:40:08,Partly Cloudy,2,0,11
04:42:08,Partly Cloudy,2,0,11
04:44:09,Partly Cloudy,2,0,11
04:46:09,Partly Cloudy,2,0,11
04:48:08,Partly Cloudy,2,0,11
04:50:09,Partly Cloudy,2,0,11
04:52:08,Partly Cloudy,2,0,11
04:54:08,Partly Cloudy,2,0,11
04:56:09,Partly Cloudy,2,0,11
04:58:09,Partly Cloudy,2,0,11
05:00:08,Partly Cloudy,2,0,11
05:02:08,Partly Cloudy,2,0,11
05:04:09,Partly Cloudy,2,0,11
05:06:09,Partly Cloudy,2,0,11
05:08:09,Partly Cloudy,2,0,11
05:10:08,Partly Cloudy,2,0,11
05:12:08,Partly Cloudy,2,0,11
05:14:09,Partly Cloudy,2,-1,11
05:16:09,Partly Cloudy,2,-1,11
05:18:09,Partly Cloudy,2,-1,11
05:20:09,Partly Cloudy,2,-1,11
05:22:08,Partly Cloudy,2,-1,11
05:24:09,Partly Cloudy,2,-1,11
05:26:09,Partly Cloudy,2,-1,11
05:28:09,Partly Cloudy,2,-1,11
05:30:08,Partly Cloudy,2,-1,11
05:32:08,Partly Cloudy,2,-1,11
05:34:08,Partly Cloudy,2,-1,11
05:36:09,Partly Cloudy,2,-1,11
05:38:09,Partly Cloudy,2,-1,11
05:40:08,Partly Cloudy,2,-1,11
05:42:08,Partly Cloudy,2,-1,11
05:44:09,Partly Cloudy,2,-1,11
05:46:09,Partly Cloudy,2,-1,11
05:48:08,Partly Cloudy,2,-1,11
05:50:08,Partly Cloudy,2,-1,11
05:52:09,Partly Cloudy,2,-1,11
05:54:09,Partly Cloudy,2,-1,11
05:56:09,Partly Cloudy,2,-1,11
05:58:09,Partly Cloudy,2,-1,11
06:00:09,Partly Cloudy,2,-1,11
06:02:09,Partly Cloudy,2,-1,11
06:04:08,Partly Cloudy,2,-1,11
06:06:08,Partly Cloudy,2,-1,11
06:08:09,Partly Cloudy,2,-1,11
06:10:09,Partly Cloudy,2,-1,11
06:12:08,Partly Cloudy,2,-1,11
06:14:08,Mostly Cloudy,2,0,11
06:16:09,Mostly Cloudy,2,0,11
06:18:08,Mostly Cloudy,2,0,11
06:20:09,Mostly Cloudy,2,0,11
06:22:09,Mostly Cloudy,2,0,11
06:24:08,Mostly Cloudy,2,0,11
06:26:09,Mostly Cloudy,2,0,11
06:28:09,Mostly Cloudy,2,0,11
06:30:09,Mostly Cloudy,2,0,11
06:32:09,Mostly Cloudy,2,0,11
06:34:08,Mostly Cloudy,2,0,11
06:36:08,Mostly Cloudy,2,0,11
06:38:08,Mostly Cloudy,2,0,11
06:40:09,Mostly Cloudy,2,0,11
06:42:08,Mostly Cloudy,2,0,11
06:44:09,Mostly Cloudy,2,0,11
06:46:09,Mostly Cloudy,2,0,11
06:48:09,Mostly Cloudy,2,0,11
06:50:08,Mostly Cloudy,2,0,11
06:52:09,Mostly Cloudy,2,0,11
06:54:09,Mostly Cloudy,2,0,11
06:56:09,Mostly Cloudy,2,0,11
06:58:08,Mostly Cloudy,2,0,11
07:00:09,Mostly Cloudy,2,0,11
07:02:09,Mostly Cloudy,2,0,11
07:04:09,Mostly Cloudy,2,0,11
07:06:08,Mostly Cloudy,2,0,11
07:08:09,Mostly Cloudy,2,0,11
07:10:09,Mostly Cloudy,2,0,11
07:12:08,Mostly Cloudy,2,0,11
07:14:08,Mostly Cloudy,3,1,12
07:16:09,Mostly Cloudy,3,1,12
07:18:09,Mostly Cloudy,3,1,12
07:20:09,Mostly Cloudy,3,1,12
07:22:08,Mostly Cloudy,3,1,12
07:24:09,Mostly Cloudy,3,1,12
07:26:09,Mostly Cloudy,3,1,12
07:28:09,Mostly Cloudy,3,1,12
07:30:09,Mostly Cloudy,3,1,12
07:32:08,Mostly Cloudy,3,1,12
07:34:09,Mostly Cloudy,3,1,12
07:36:09,Mostly Cloudy,3,1,12
07:38:08,Mostly Cloudy,3,1,12
07:40:09,Mostly Cloudy,3,1,12
07:42:09,Mostly Cloudy,3,1,12
07:44:09,Light Rain,5,2,12
07:46:08,Light Rain,5,2,12
07:48:09,Light Rain,5,2,12
07:50:09,Light Rain,5,2,12
07:52:09,Light Rain,5,2,12
07:54:08,Light Rain,5,2,12
07:56:08,Light Rain,5,2,12
07:58:09,Light Rain,5,2,12
08:00:09,Light Rain,5,2,12
08:02:08,Light Rain,5,2,12
08:04:09,Light Rain,5,2,12
08:06:09,Light Rain,5,2,12
08:08:08,Light Rain,5,2,12
08:10:09,Light Rain,5,2,12
08:12:09,Light Rain,5,2,12
08:14:09,Light Rain,5,1,14
08:16:08,Light Rain,5,1,14
08:18:09,Light Rain,5,1,14
08:20:09,Light Rain,5,1,14
08:22:09,Light Rain,5,1,14
08:24:09,Light Rain,5,1,14
08:26:08,Light Rain,5,1,14
08:28:09,Light Rain,5,1,14
08:30:09,Light Rain,5,1,14
08:32:09,Light Rain,5,1,14
08:34:09,Light Rain,5,1,14
08:36:08,Light Rain,5,1,14
08:38:08,Light Rain,5,1,14
08:40:09,Light Rain,5,1,14
08:42:09,Light Rain,5,1,14
08:44:08,Mostly Cloudy,7,4,14
08:46:09,Mostly Cloudy,7,4,14
08:48:09,Mostly Cloudy,7,4,14
08:50:09,Mostly Cloudy,7,4,14
08:52:09,Mostly Cloudy,7,4,14
08:54:08,Mostly Cloudy,7,4,14
08:56:08,Mostly Cloudy,7,4,14
08:58:09,Mostly Cloudy,7,4,14
09:00:09,Mostly Cloudy,7,4,14
09:02:08,Mostly Cloudy,7,4,14
09:04:09,Mostly Cloudy,7,4,14
09:06:09,Mostly Cloudy,7,4,14
09:08:09,Mostly Cloudy,7,4,14
09:10:08,Mostly Cloudy,7,4,14
09:12:08,Mostly Cloudy,7,4,14
09:14:09,Partly Cloudy,7,5,19
09:16:09,Partly Cloudy,7,5,19
09:18:08,Partly Cloudy,7,5,19
09:20:09,Partly Cloudy,7,5,19
09:22:09,Partly Cloudy,7,5,19
09:24:08,Partly Cloudy,7,5,19
09:26:08,Partly Cloudy,7,5,19
09:28:09,Partly Cloudy,7,5,19
09:30:09,Partly Cloudy,7,5,19
09:32:09,Partly Cloudy,7,5,19
09:34:08,Partly Cloudy,7,5,19
09:36:09,Partly Cloudy,7,5,19
09:38:09,Mostly Cloudy,8,6,19
09:40:08,Mostly Cloudy,8,6,19
09:42:08,Mostly Cloudy,8,6,19
09:44:09,Mostly Cloudy,8,6,19
09:46:09,Mostly Cloudy,8,6,19
09:48:09,Mostly Cloudy,8,6,19
09:50:08,Mostly Cloudy,8,6,19
09:52:09,Mostly Cloudy,8,6,19
09:54:09,Mostly Cloudy,8,6,19
09:56:09,Mostly Cloudy,8,6,19
09:58:08,Mostly Cloudy,8,6,19
10:00:09,Mostly Cloudy,8,6,19
10:02:09,Mostly Cloudy,8,6,19
10:04:09,Mostly Cloudy,8,6,19
10:06:09,Mostly Cloudy,8,6,19
10:08:09,Mostly Cloudy,8,6,19
10:10:08,Mostly Cloudy,8,6,19
10:12:08,Mostly Cloudy,8,6,19
10:14:09,Mostly Cloudy,8,6,19
10:16:09,Mostly Cloudy,8,6,19
10:18:08,Mostly Cloudy,8,6,19
10:20:09,Mostly Cloudy,8,6,19
10:22:09,Mostly Cloudy,8,6,19
10:24:09,Mostly Cloudy,8,6,19
10:26:09,Mostly Cloudy,8,6,19
10:28:09,Mostly Cloudy,8,6,19
10:30:08,Mostly Cloudy,8,6,19
10:32:08,Mostly Cloudy,8,6,19
10:34:09,Mostly Cloudy,8,6,19
10:36:09,Mostly Cloudy,8,6,19
10:38:08,Mostly Cloudy,8,6,19
10:40:08,Mostly Cloudy,8,6,19
10:42:09,Mostly Cloudy,8,6,19
10:44:09,Partly Cloudy,8,6,19
10:46:08,Partly Cloudy,8,6,19
10:48:08,Partly Cloudy,8,6,19
10:50:09,Partly Cloudy,8,6,19
10:52:09,Partly Cloudy,8,6,19
10:54:09,Partly Cloudy,8,6,19
10:56:09,Partly Cloudy,8,6,19
10:58:08,Partly Cloudy,8,6,19
11:00:09,Partly Cloudy,8,6,19
11:02:09,Partly Cloudy,8,6,19
11:04:08,Partly Cloudy,8,6,19
11:06:09,Partly Cloudy,8,6,19
11:08:09,Partly Cloudy,8,6,19
11:10:08,Partly Cloudy,8,6,19
11:12:09,Partly Cloudy,8,6,19
11:14:09,Mostly Cloudy,10,10,20
11:16:08,Mostly Cloudy,10,10,20
11:18:09,Mostly Cloudy,10,10,20
11:20:09,Mostly Cloudy,10,10,20
11:22:09,Mostly Cloudy,10,10,20
11:24:09,Mostly Cloudy,10,10,20
11:26:09,Mostly Cloudy,10,10,20
11:28:08,Mostly Cloudy,10,10,20
11:30:08,Mostly Cloudy,10,10,20
11:32:09,Mostly Cloudy,10,10,20
11:34:09,Mostly Cloudy,10,10,20
11:36:08,Mostly Cloudy,10,10,20
11:38:08,Mostly Cloudy,10,10,20
11:40:09,Mostly Cloudy,10,10,20
11:42:09,Mostly Cloudy,10,10,20
11:44:09,Mostly Cloudy,10,10,20
11:46:08,Mostly Cloudy,10,10,20
11:48:09,Mostly Cloudy,10,10,20
11:50:09,Light Rain,10,10,16
11:52:09,Light Rain,10,10,16
11:54:08,Light Rain,10,10,16
11:56:09,Light Rain,10,10,16
11:58:09,Light Rain,10,10,16
12:00:09,Light Rain,10,10,16
12:02:08,Light Rain,10,10,16
12:04:09,Light Rain,10,10,16
12:06:09,Light Rain,10,10,16
12:08:09,Light Rain,10,10,16
12:10:09,Light Rain,10,10,16
12:12:09,Light Rain,10,10,16
12:14:09,Mostly Cloudy,10,10,24
12:16:08,Mostly Cloudy,10,10,24
12:18:09,Mostly Cloudy,10,10,24
12:20:09,Mostly Cloudy,10,10,24
12:22:08,Mostly Cloudy,10,10,24
12:24:08,Mostly Cloudy,10,10,24
12:26:09,Mostly Cloudy,10,10,24
12:28:09,Mostly Cloudy,10,10,24
12:30:08,Mostly Cloudy,10,10,24
12:32:08,Mostly Cloudy,10,10,24
12:34:09,Mostly Cloudy,10,10,24
12:36:09,Mostly Cloudy,10,10,24
12:38:09,Mostly Cloudy,10,10,24
12:40:08,Mostly Cloudy,10,10,24
12:42:09,Mostly Cloudy,10,10,24
12:44:09,Mostly Cloudy,10,10,24
12:46:08,Mostly Cloudy,10,10,24
12:48:09,Mostly Cloudy,10,10,24
12:50:09,Mostly Cloudy,10,10,24
12:52:09,Mostly Cloudy,10,10,24
12:54:08,Mostly Cloudy,10,10,24
12:56:09,Mostly Cloudy,10,10,24
12:58:08,Mostly Cloudy,10,10,24
13:00:09,Mostly Cloudy,10,10,24
13:02:09,Mostly Cloudy,10,10,24
13:04:08,Mostly Cloudy,10,10,24
13:06:09,Mostly Cloudy,10,10,24
13:08:09,Mostly Cloudy,10,10,24
13:10:09,Mostly Cloudy,10,10,24
13:12:09,Mostly Cloudy,10,10,24
13:14:09,Mostly Cloudy,10,10,24
13:16:09,Mostly Cloudy,10,10,24
13:18:08,Mostly Cloudy,11,11,22
13:20:09,Mostly Cloudy,11,11,22
13:22:09,Mostly Cloudy,11,11,22
13:24:08,Mostly Cloudy,11,11,22
13:26:08,Mostly Cloudy,11,11,22
13:28:09,Mostly Cloudy,11,11,22
13:30:09,Mostly Cloudy,11,11,22
13:32:08,Mostly Cloudy,11,11,22
13:34:09,Mostly Cloudy,11,11,22
13:36:09,Mostly Cloudy,11,11,22
13:38:09,Mostly Cloudy,11,11,22
13:40:08,Mostly Cloudy,11,11,22
13:42:09,Mostly Cloudy,11,11,22
13:44:09,Mostly Cloudy,11,11,22
13:46:08,Mostly Cloudy,11,11,14
13:48:08,Mostly Cloudy,11,11,14
13:50:09,Mostly Cloudy,11,11,14
13:52:09,Mostly Cloudy,11,11,14
13:54:09,Mostly Cloudy,11,11,14
13:56:08,Mostly Cloudy,11,11,14
13:58:09,Mostly Cloudy,11,11,14
14:00:09,Mostly Cloudy,11,11,14
14:02:09,Mostly Cloudy,11,11,14
14:04:08,Mostly Cloudy,11,11,14
14:06:09,Mostly Cloudy,11,11,14
14:08:09,Mostly Cloudy,11,11,14
14:10:09,Mostly Cloudy,11,11,20
14:12:09,Mostly Cloudy,11,11,20
14:14:09,Mostly Cloudy,11,11,20
14:16:09,Mostly Cloudy,11,11,20
14:18:09,Mostly Cloudy,11,11,20
14:20:09,Mostly Cloudy,11,11,20
14:22:08,Mostly Cloudy,11,11,20
14:24:09,Mostly Cloudy,11,11,20
14:26:09,Mostly Cloudy,11,11,20
14:28:08,Mostly Cloudy,11,11,20
14:30:08,Mostly Cloudy,11,11,20
14:32:09,Mostly Cloudy,11,11,20
14:34:09,Mostly Cloudy,11,11,20
14:36:09,Mostly Cloudy,11,11,20
14:38:08,Mostly Cloudy,11,11,20
14:40:08,Mostly Cloudy,10,10,22
14:42:09,Mostly Cloudy,10,10,22
14:44:09,Mostly Cloudy,10,10,22
14:46:08,Mostly Cloudy,10,10,22
14:48:09,Mostly Cloudy,10,10,22
14:50:09,Mostly Cloudy,10,10,22
14:52:09,Mostly Cloudy,10,10,22
14:54:09,Mostly Cloudy,10,10,22
14:56:08,Mostly Cloudy,10,10,22
14:58:09,Mostly Cloudy,10,10,22
15:00:09,Mostly Cloudy,10,10,22
15:02:09,Mostly Cloudy,10,10,22
15:04:08,Mostly Cloudy,10,10,22
15:06:09,Mostly Cloudy,10,10,22
15:08:09,Mostly Cloudy,10,10,22
15:10:09,Mostly Cloudy,10,10,14
15:12:08,Mostly Cloudy,10,10,14
15:14:09,Mostly Cloudy,10,10,14
15:16:09,Mostly Cloudy,10,10,14
15:18:08,Mostly Cloudy,10,10,14
15:20:09,Mostly Cloudy,10,10,14
15:22:09,Mostly Cloudy,10,10,14
15:24:09,Mostly Cloudy,10,10,14
15:26:08,Mostly Cloudy,10,10,14
15:28:08,Mostly Cloudy,10,10,14
15:30:09,Mostly Cloudy,10,10,14
15:32:09,Mostly Cloudy,10,10,14
15:34:09,Mostly Cloudy,10,10,14
15:36:09,Mostly Cloudy,10,10,14
15:38:09,Mostly Cloudy,10,10,14
15:40:08,Mostly Cloudy,10,10,20
15:42:09,Mostly Cloudy,10,10,20
15:44:09,Mostly Cloudy,10,10,20
15:46:09,Mostly Cloudy,10,10,20
15:48:08,Mostly Cloudy,10,10,20
15:50:08,Mostly Cloudy,10,10,20
15:52:09,Mostly Cloudy,10,10,20
15:54:09,Mostly Cloudy,10,10,20
15:56:09,Mostly Cloudy,10,10,20
15:58:09,Mostly Cloudy,10,10,20
16:00:08,Mostly Cloudy,10,10,20
16:02:09,Mostly Cloudy,10,10,20
16:04:09,Mostly Cloudy,10,10,20
16:06:09,Mostly Cloudy,10,10,20
16:08:09,Mostly Cloudy,10,10,20
16:10:09,Mostly Cloudy,10,10,20
16:12:08,Mostly Cloudy,10,10,20
16:14:09,Mostly Cloudy,10,10,20
16:16:09,Mostly Cloudy,10,10,19
16:18:09,Mostly Cloudy,10,10,19
16:20:08,Mostly Cloudy,10,10,19
16:22:09,Mostly Cloudy,10,10,19
16:24:09,Mostly Cloudy,10,10,19
16:26:09,Mostly Cloudy,10,10,19
16:28:08,Mostly Cloudy,10,10,19
16:30:09,Mostly Cloudy,10,10,19
16:32:09,Mostly Cloudy,10,10,19
16:34:09,Mostly Cloudy,10,10,19
16:36:08,Mostly Cloudy,10,10,19
16:38:09,Mostly Cloudy,10,10,19
16:40:09,Mostly Cloudy,10,10,22
16:42:08,Mostly Cloudy,10,10,22
16:44:09,Mostly Cloudy,10,10,22
16:46:09,Mostly Cloudy,10,10,22
16:48:08,Mostly Cloudy,10,10,22
16:50:08,Mostly Cloudy,10,10,22
16:52:08,Mostly Cloudy,10,10,22
16:54:09,Mostly Cloudy,10,10,22
16:56:09,Mostly Cloudy,10,10,22
16:58:09,Mostly Cloudy,10,10,22
17:00:08,Mostly Cloudy,10,10,22
17:02:09,Mostly Cloudy,10,10,22
17:04:09,Mostly Cloudy,10,10,22
17:06:08,Mostly Cloudy,10,10,22
17:08:08,Mostly Cloudy,10,10,22
17:10:09,Mostly Cloudy,10,10,20
17:12:09,Mostly Cloudy,10,10,20
17:14:09,Mostly Cloudy,10,10,20
17:16:09,Mostly Cloudy,10,10,22
17:18:09,Mostly Cloudy,10,10,22
17:20:09,Mostly Cloudy,10,10,22
17:22:09,Mostly Cloudy,10,10,20
17:24:09,Mostly Cloudy,10,10,20
17:26:09,Mostly Cloudy,10,10,20
17:28:09,Mostly Cloudy,10,10,20
17:30:08,Mostly Cloudy,10,10,20
17:32:09,Mostly Cloudy,10,10,20
17:34:09,Mostly Cloudy,10,10,20
17:36:08,Mostly Cloudy,10,10,20
17:38:09,Mostly Cloudy,10,10,20
17:40:09,Mostly Cloudy,10,10,20
17:42:08,Mostly Cloudy,10,10,20
17:44:08,Mostly Cloudy,10,10,20
17:46:09,Mostly Cloudy,10,10,20
17:48:09,Mostly Cloudy,10,10,20
17:50:09,Mostly Cloudy,10,10,20
17:52:08,Mostly Cloudy,10,10,20
17:54:09,Mostly Cloudy,10,10,20
17:56:09,Mostly Cloudy,10,10,20
17:58:09,Mostly Cloudy,10,10,20
18:00:08,Mostly Cloudy,10,10,20
18:02:09,Mostly Cloudy,10,10,20
18:04:09,Mostly Cloudy,10,10,20
18:06:08,Mostly Cloudy,10,10,20
18:08:08,Mostly Cloudy,10,10,20
18:10:09,Mostly Cloudy,10,10,20
18:12:09,Mostly Cloudy,10,10,20
18:14:09,Mostly Cloudy,10,10,20
18:16:09,Mostly Cloudy,10,10,12
18:18:09,Mostly Cloudy,10,10,12
18:20:09,Mostly Cloudy,10,10,12
18:22:09,Mostly Cloudy,10,10,12
18:24:08,Mostly Cloudy,10,10,12
18:26:08,Mostly Cloudy,10,10,12
18:28:09,Mostly Cloudy,10,10,12
18:30:08,Mostly Cloudy,10,10,12
18:32:08,Mostly Cloudy,10,10,12
18:34:09,Mostly Cloudy,10,10,12
18:36:09,Mostly Cloudy,10,10,12
18:38:09,Mostly Cloudy,10,10,12
18:40:09,Mostly Cloudy,10,10,12
18:42:09,Mostly Cloudy,10,10,12
18:44:09,Mostly Cloudy,10,10,12
18:46:08,Mostly Cloudy,10,10,12
18:48:09,Mostly Cloudy,10,10,12
18:50:09,Mostly Cloudy,10,10,12
18:52:09,Mostly Cloudy,10,10,12
18:54:08,Mostly Cloudy,10,10,12
18:56:09,Mostly Cloudy,10,10,12
18:58:09,Mostly Cloudy,10,10,12
19:00:08,Mostly Cloudy,10,10,12
19:02:08,Mostly Cloudy,10,10,12
19:04:09,Mostly Cloudy,10,10,12
19:06:09,Mostly Cloudy,10,10,12
19:08:09,Mostly Cloudy,10,10,12
19:10:09,Mostly Cloudy,10,10,12
19:12:08,Mostly Cloudy,8,7,12
19:14:08,Mostly Cloudy,8,7,12
19:16:09,Mostly Cloudy,8,7,12
19:18:09,Mostly Cloudy,8,7,12
19:20:08,Mostly Cloudy,8,7,12
19:22:09,Mostly Cloudy,8,7,12
19:24:09,Mostly Cloudy,8,7,12
19:26:08,Mostly Cloudy,8,7,12
19:28:08,Mostly Cloudy,8,7,12
19:30:09,Mostly Cloudy,8,7,12
19:32:09,Mostly Cloudy,8,7,12
19:34:09,Mostly Cloudy,8,7,12
19:36:08,Mostly Cloudy,8,7,12
19:38:09,Mostly Cloudy,8,7,12
19:40:09,Mostly Cloudy,8,7,12
19:42:09,Mostly Cloudy,8,7,12
19:44:08,Mostly Cloudy,8,7,12
19:46:08,Mostly Cloudy,8,7,12
19:48:09,Mostly Cloudy,8,7,12
19:50:09,Mostly Cloudy,8,7,12
19:52:08,Mostly Cloudy,8,7,12
19:54:08,Mostly Cloudy,8,7,12
19:56:09,Mostly Cloudy,8,7,12
19:58:09,Mostly Cloudy,8,7,12
20:00:09,Mostly Cloudy,8,7,12
20:02:08,Mostly Cloudy,8,7,12
20:04:09,Mostly Cloudy,8,7,12
20:06:09,Mostly Cloudy,8,7,12
20:08:08,Mostly Cloudy,8,7,12
20:10:08,Mostly Cloudy,8,7,12
20:12:09,Mostly Cloudy,8,7,12
20:14:09,Mostly Cloudy,8,7,12
20:16:08,Mostly Cloudy,8,7,12
20:18:09,Mostly Cloudy,8,6,16
20:20:09,Mostly Cloudy,8,6,16
20:22:09,Mostly Cloudy,8,6,16
20:24:08,Mostly Cloudy,8,6,16
20:26:09,Mostly Cloudy,8,6,16
20:28:08,Mostly Cloudy,8,6,16
20:30:08,Mostly Cloudy,8,6,16
20:32:09,Mostly Cloudy,8,6,16
20:34:09,Mostly Cloudy,8,6,16
20:36:09,Mostly Cloudy,8,6,16
20:38:08,Mostly Cloudy,8,6,16
20:40:08,Mostly Cloudy,8,6,16
20:42:09,Mostly Cloudy,8,6,16
20:44:09,Mostly Cloudy,8,6,16
20:46:08,Mostly Cloudy,8,6,16
20:48:08,Mostly Cloudy,8,6,16
20:50:09,Mostly Cloudy,8,6,16
20:52:09,Mostly Cloudy,8,6,16
20:54:09,Mostly Cloudy,8,6,16
20:56:09,Mostly Cloudy,8,6,16
20:58:08,Mostly Cloudy,8,6,16
21:00:08,Mostly Cloudy,8,6,16
21:02:09,Mostly Cloudy,8,6,16
21:04:09,Mostly Cloudy,8,6,16
21:06:09,Mostly Cloudy,8,6,16
21:08:08,Mostly Cloudy,8,6,16
21:10:08,Mostly Cloudy,8,6,16
21:12:09,Mostly Cloudy,8,6,16
21:14:09,Mostly Cloudy,8,6,16
21:16:08,Mostly Cloudy,8,6,16
21:18:09,Cloudy,7,5,14
21:20:08,Cloudy,7,5,14
21:22:08,Cloudy,7,5,14
21:24:09,Cloudy,7,5,14
21:26:09,Cloudy,7,5,14
21:28:09,Cloudy,7,5,14
21:30:08,Cloudy,7,5,14
21:32:09,Cloudy,7,5,14
21:34:09,Cloudy,7,5,14
21:36:09,Cloudy,7,5,14
21:38:09,Cloudy,7,5,14
21:40:08,Cloudy,7,5,14
21:42:09,Cloudy,7,5,14
21:44:09,Cloudy,7,5,14
21:46:08,Cloudy,7,5,14
21:48:09,Cloudy,7,5,14
21:50:09,Cloudy,7,5,14
21:52:08,Cloudy,7,5,14
21:54:08,Cloudy,7,5,14
21:56:09,Cloudy,7,5,14
21:58:09,Cloudy,7,5,14
22:00:08,Cloudy,7,5,14
22:02:08,Cloudy,7,5,14
22:04:08,Cloudy,7,5,14
22:06:09,Cloudy,7,5,14
22:08:09,Cloudy,7,5,14
22:10:08,Cloudy,7,5,14
22:12:09,Mostly Cloudy,7,5,14
22:14:08,Mostly Cloudy,7,5,14
22:16:08,Mostly Cloudy,7,5,14
22:18:09,Mostly Cloudy,7,5,14
22:20:09,Mostly Cloudy,7,5,14
22:22:09,Mostly Cloudy,7,5,14
22:24:09,Mostly Cloudy,7,5,14
22:26:09,Mostly Cloudy,7,5,14
22:28:08,Mostly Cloudy,7,5,14
22:30:09,Mostly Cloudy,7,5,14
22:32:09,Mostly Cloudy,7,5,14
22:34:09,Mostly Cloudy,7,5,14
22:36:08,Mostly Cloudy,7,5,14
22:38:08,Mostly Cloudy,7,5,14
22:40:09,Mostly Cloudy,7,5,14
22:42:09,Mostly Cloudy,7,5,14
22:44:09,Mostly Cloudy,7,5,14
22:46:08,Mostly Cloudy,7,5,14
22:48:09,Mostly Cloudy,7,5,14
22:50:09,Mostly Cloudy,7,5,14
22:52:09,Mostly Cloudy,7,5,14
22:54:08,Mostly Cloudy,7,5,14
22:56:09,Mostly Cloudy,7,5,14
22:58:09,Mostly Cloudy,7,5,14
23:00:08,Mostly Cloudy,7,5,14
23:02:09,Mostly Cloudy,7,5,14
23:04:09,Mostly Cloudy,7,5,14
23:06:09,Mostly Cloudy,7,5,14
23:08:08,Mostly Cloudy,7,5,14
23:10:09,Mostly Cloudy,7,4,12
23:12:09,Mostly Cloudy,7,4,12
23:14:08,Mostly Cloudy,7,4,12
23:16:09,Mostly Cloudy,7,4,12
23:18:09,Mostly Cloudy,7,4,12
23:20:08,Mostly Cloudy,7,4,12
23:22:09,Mostly Cloudy,7,4,12
23:24:09,Mostly Cloudy,7,4,12
23:26:09,Mostly Cloudy,7,4,12
23:28:09,Mostly Cloudy,7,4,12
23:30:09,Mostly Cloudy,7,4,12
23:32:09,Mostly Cloudy,7,4,12
23:34:09,Mostly Cloudy,7,4,12
23:36:08,Mostly Cloudy,7,4,12
23:38:09,Mostly Cloudy,7,4,12
23:40:09,Mostly Cloudy,7,4,12
23:42:08,Mostly Cloudy,7,4,12
23:44:08,Mostly Cloudy,7,4,12
23:46:09,Mostly Cloudy,7,4,12
23:48:09,Mostly Cloudy,7,4,12
23:50:08,Mostly Cloudy,7,4,12
23:52:09,Mostly Cloudy,7,4,12
23:54:09,Mostly Cloudy,7,4,12
23:56:09,Mostly Cloudy,7,4,12
23:58:08,Mostly Cloudy,7,4,12
