Time,Weather,Temperature,Feels_Like,Wind_Speed
00:00:09,Mostly Cloudy,12,12,14
00:02:08,Mostly Cloudy,12,12,14
00:04:09,Mostly Cloudy,12,12,14
00:06:09,Mostly Cloudy,12,12,14
00:08:09,Mostly Cloudy,12,12,14
00:10:08,Mostly Cloudy,12,12,14
00:12:09,Mostly Cloudy,12,12,14
00:14:09,Mostly Cloudy,12,12,14
00:16:08,Mostly Cloudy,12,12,14
00:18:09,Mostly Cloudy,12,12,14
00:20:09,Mostly Cloudy,12,12,19
00:22:09,Mostly Cloudy,12,12,19
00:24:09,Mostly Cloudy,12,12,19
00:26:08,Mostly Cloudy,12,12,19
00:28:09,Mostly Cloudy,12,12,19
00:30:09,Mostly Cloudy,12,12,19
00:32:09,Mostly Cloudy,12,12,19
00:34:09,Mostly Cloudy,12,12,19
00:36:09,Mostly Cloudy,12,12,19
00:38:09,Mostly Cloudy,12,12,19
00:40:08,Mostly Cloudy,12,12,19
00:42:09,Mostly Cloudy,12,12,19
00:44:09,Mostly Cloudy,12,12,19
00:46:09,Mostly Cloudy,12,12,19
00:48:08,Mostly Cloudy,12,12,19
00:50:08,Mostly Cloudy,12,12,19
00:52:09,Mostly Cloudy,12,12,19
00:54:09,Mostly Cloudy,12,12,19
00:56:09,Mostly Cloudy,12,12,19
00:58:09,Mostly Cloudy,12,12,19
01:00:17,Mostly Cloudy,12,12,19
01:02:09,Mostly Cloudy,12,12,19
01:04:08,Mostly Cloudy,12,12,19
01:06:08,Mostly Cloudy,12,12,19
01:08:09,Mostly Cloudy,12,12,19
01:10:09,Mostly Cloudy,12,12,19
01:12:08,Mostly Cloudy,12,12,19
01:14:09,Light Rain,12,12,25
01:16:09,Light Rain,12,12,25
01:18:08,Light Rain,12,12,25
01:20:09,Light Rain,12,12,25
01:22:09,Light Rain,12,12,25
01:24:08,Light Rain,12,12,25
01:26:09,Light Rain,12,12,25
01:28:09,Light Rain,12,12,25
01:30:09,Light Rain,12,12,25
01:32:08,Light Rain,12,12,25
01:34:09,Light Rain,12,12,25
01:36:09,Light Rain,12,12,25
01:38:08,Light Rain,12,12,25
01:40:09,Light Rain,12,12,25
01:42:09,Light Rain,12,12,25
01:44:09,Light Rain,12,12,25
01:46:09,Light Rain,12,12,25
01:48:09,Light Rain,12,12,25
01:50:09,Light Rain,12,12,25
01:52:08,Light Rain,12,12,25
01:54:09,Light Rain,12,12,25
01:56:09,Light Rain,12,12,25
01:58:08,Light Rain,12,12,25
02:00:09,Light Rain,12,12,25
02:02:09,Light Rain,12,12,25
02:04:09,Light Rain,12,12,25
02:06:09,Light Rain,12,12,25
02:08:09,Mostly Cloudy,12,12,24
02:10:09,Mostly Cloudy,12,12,24
02:12:08,Mostly Cloudy,12,12,24
02:14:08,Mostly Cloudy,12,12,24
02:16:09,Mostly Cloudy,12,12,24
02:18:08,Mostly Cloudy,12,12,24
02:20:09,Mostly Cloudy,12,12,24
02:22:09,Mostly Cloudy,12,12,24
02:24:08,Mostly Cloudy,12,12,24
02:26:09,Mostly Cloudy,12,12,24
02:28:09,Mostly Cloudy,12,12,24
02:30:08,Mostly Cloudy,12,12,24
02:32:09,Mostly Cloudy,12,12,24
02:34:09,Mostly Cloudy,12,12,24
02:36:09,Mostly Cloudy,12,12,24
02:38:08,Mostly Cloudy,12,12,24
02:40:09,Mostly Cloudy,12,12,24
02:42:09,Mostly Cloudy,12,12,24
02:44:08,Mostly Cloudy,12,12,24
02:46:09,Mostly Cloudy,12,12,24
02:48:09,Mostly Cloudy,12,12,24
02:50:09,Mostly Cloudy,12,12,24
02:52:09,Mostly Cloudy,12,12,24
02:54:09,Mostly Cloudy,12,12,24
02:56:09,Mostly Cloudy,12,12,24
02:58:08,Mostly Cloudy,12,12,24
03:00:09,Mostly Cloudy,12,12,24
03:02:09,Mostly Cloudy,12,12,24
03:04:08,Mostly Cloudy,12,12,24
03:06:09,Mostly Cloudy,12,12,24
03:08:09,Mostly Cloudy,12,12,24
03:10:08,Mostly Cloudy,12,12,24
03:12:08,Mostly Cloudy,12,12,24
03:14:09,Mostly Cloudy,12,12,25
03:16:09,Mostly Cloudy,12,12,25
03:18:08,Mostly Cloudy,12,12,25
03:20:09,Mostly Cloudy,12,12,25
03:22:09,Mostly Cloudy,12,12,25
03:24:08,Mostly Cloudy,12,12,25
03:26:09,Mostly Cloudy,12,12,25
03:28:09,Mostly Cloudy,12,12,25
03:30:09,Mostly Cloudy,12,12,25
03:32:08,Mostly Cloudy,12,12,25
03:34:09,Mostly Cloudy,12,12,25
03:36:08,Mostly Cloudy,12,12,25
03:38:09,Mostly Cloudy,12,12,25
03:40:09,Mostly Cloudy,12,12,25
03:42:09,Mostly Cloudy,12,12,25
03:44:08,Mostly Cloudy,12,12,25
03:46:09,Mostly Cloudy,12,12,25
03:48:09,Mostly Cloudy,12,12,25
03:50:08,Mostly Cloudy,12,12,25
03:52:08,Mostly Cloudy,12,12,25
03:54:09,Mostly Cloudy,12,12,25
03:56:09,Mostly Cloudy,12,12,25
03:58:08,Mostly Cloudy,12,12,25
04:00:09,Mostly Cloudy,12,12,25
04:02:09,Mostly Cloudy,12,12,25
04:04:08,Mostly Cloudy,12,12,25
04:06:08,Mostly Cloudy,12,12,25
04:08:09,Mostly Cloudy,12,12,25
04:10:09,Mostly Cloudy,12,12,25
04:12:09,Mostly Cloudy,12,12,25
04:14:09,Light Rain,12,12,28
04:16:09,Light Rain,12,12,28
04:18:08,Light Rain,12,12,28
04:20:09,Light Rain,12,12,28
04:22:09,Light Rain,12,12,28
04:24:08,Light Rain,12,12,28
04:26:09,Light Rain,12,12,28
04:28:09,Light Rain,12,12,28
04:30:08,Light Rain,12,12,28
04:32:09,Light Rain,12,12,28
04:34:09,Light Rain,12,12,28
04:36:08,Light Rain,12,12,28
04:38:09,Light Rain,12,12,28
04:40:09,Light Rain,12,12,28
04:42:08,Light Rain,12,12,28
04:44:09,Light Rain,12,12,28
04:46:09,Light Rain,12,12,28
04:48:09,Light Rain,12,12,28
04:50:08,Light Rain,12,12,28
04:52:09,Light Rain,12,12,28
04:54:09,Light Rain,12,12,28
04:56:09,Light Rain,12,12,28
04:58:09,Light Rain,12,12,28
05:00:09,Light Rain,12,12,28
05:02:09,Light Rain,12,12,28
05:04:09,Light Rain,12,12,28
05:06:08,Light Rain,12,12,28
05:08:09,Light Rain,12,12,28
05:10:09,Light Rain,12,12,28
05:12:09,Light Rain,12,12,28
05:14:08,Mostly Cloudy,12,12,28
05:16:09,Mostly Cloudy,12,12,28
05:18:08,Mostly Cloudy,12,12,28
05:20:09,Mostly Cloudy,12,12,28
05:22:09,Mostly Cloudy,12,12,28
05:24:08,Mostly Cloudy,12,12,28
05:26:09,Mostly Cloudy,12,12,28
05:28:09,Mostly Cloudy,12,12,28
05:30:08,Mostly Cloudy,12,12,28
05:32:09,Mostly Cloudy,12,12,28
05:34:09,Mostly Cloudy,12,12,28
05:36:09,Mostly Cloudy,12,12,28
05:38:08,Mostly Cloudy,12,12,28
05:40:09,Mostly Cloudy,12,12,28
05:42:09,Mostly Cloudy,12,12,28
05:44:09,Mostly Cloudy,12,12,28
05:46:08,Mostly Cloudy,12,12,28
05:48:08,Mostly Cloudy,12,12,28
05:50:08,Mostly Cloudy,12,12,28
05:52:09,Mostly Cloudy,12,12,28
05:54:09,Mostly Cloudy,12,12,28
05:56:08,Mostly Cloudy,12,12,28
05:58:09,Mostly Cloudy,12,12,28
06:00:09,Mostly Cloudy,12,12,28
06:02:08,Mostly Cloudy,12,12,28
06:04:09,Mostly Cloudy,12,12,28
06:06:09,Mostly Cloudy,12,12,28
06:08:09,Mostly Cloudy,12,12,28
06:10:09,Mostly Cloudy,12,12,28
06:12:09,Mostly Cloudy,12,12,28
06:14:09,Mostly Cloudy,13,13,25
06:16:08,Mostly Cloudy,13,13,25
06:18:09,Mostly Cloudy,13,13,25
06:20:09,Mostly Cloudy,13,13,25
06:22:08,Mostly Cloudy,13,13,25
06:24:09,Mostly Cloudy,13,13,25
06:26:09,Mostly Cloudy,13,13,25
06:28:09,Mostly Cloudy,13,13,25
06:30:09,Mostly Cloudy,13,13,25
06:32:09,Mostly Cloudy,13,13,25
06:34:09,Mostly Cloudy,13,13,25
06:36:09,Mostly Cloudy,13,13,25
06:38:09,Mostly Cloudy,13,13,25
06:40:09,Mostly Cloudy,13,13,25
06:42:08,Mostly Cloudy,13,13,25
06:44:09,Mostly Cloudy,13,13,25
06:46:08,Mostly Cloudy,13,13,25
06:48:08,Mostly Cloudy,13,13,25
06:50:09,Mostly Cloudy,13,13,25
06:52:09,Mostly Cloudy,13,13,25
06:54:09,Mostly Cloudy,13,13,25
06:56:08,Mostly Cloudy,13,13,25
06:58:09,Mostly Cloudy,13,13,25
07:00:09,Mostly Cloudy,13,13,25
07:02:08,Mostly Cloudy,13,13,25
07:04:09,Mostly Cloudy,13,13,25
07:06:09,Mostly Cloudy,13,13,25
07:08:09,Mostly Cloudy,13,13,25
07:10:09,Mostly Cloudy,13,13,25
07:12:09,Mostly Cloudy,13,13,25
07:14:09,Mostly Cloudy,15,15,28
07:16:09,Mostly Cloudy,15,15,28
07:18:09,Mostly Cloudy,15,15,28
07:20:08,Mostly Cloudy,15,15,28
07:22:09,Mostly Cloudy,15,15,28
07:24:09,Mostly Cloudy,15,15,28
07:26:08,Mostly Cloudy,15,15,28
07:28:09,Mostly Cloudy,15,15,28
07:30:09,Mostly Cloudy,15,15,28
07:32:09,Mostly Cloudy,15,15,28
07:34:08,Mostly Cloudy,15,15,28
07:36:09,Mostly Cloudy,15,15,28
07:38:09,Mostly Cloudy,15,15,28
07:40:09,Mostly Cloudy,15,15,28
07:42:09,Mostly Cloudy,15,15,28
07:44:09,Mostly Cloudy,15,15,28
07:46:09,Mostly Cloudy,16,16,32
07:48:09,Mostly Cloudy,16,16,32
07:50:08,Mostly Cloudy,16,16,32
07:52:08,Mostly Cloudy,16,16,32
07:54:09,Mostly Cloudy,16,16,32
07:56:09,Mostly Cloudy,16,16,32
07:58:09,Mostly Cloudy,16,16,32
08:00:09,Mostly Cloudy,16,16,32
08:02:08,Mostly Cloudy,16,16,32
08:04:09,Mostly Cloudy,16,16,32
08:06:09,Mostly Cloudy,16,16,32
08:08:08,Mostly Cloudy,16,16,32
08:10:09,Mostly Cloudy,16,16,32
08:12:09,Mostly Cloudy,16,16,32
08:14:09,Mostly Cloudy,16,16,32
08:16:08,Mostly Cloudy / Windy,16,16,35
08:18:09,Mostly Cloudy / Windy,16,16,35
08:20:09,Mostly Cloudy / Windy,16,16,35
08:22:08,Mostly Cloudy / Windy,16,16,35
08:24:09,Mostly Cloudy / Windy,16,16,35
08:26:09,Mostly Cloudy / Windy,16,16,35
08:28:08,Mostly Cloudy / Windy,16,16,35
08:30:09,Mostly Cloudy / Windy,16,16,35
08:32:09,Mostly Cloudy / Windy,16,16,35
08:34:08,Mostly Cloudy / Windy,16,16,35
08:36:09,Mostly Cloudy / Windy,16,16,35
08:38:09,Mostly Cloudy / Windy,16,16,35
08:40:09,Mostly Cloudy / Windy,16,16,35
08:42:09,Mostly Cloudy / Windy,16,16,35
08:44:09,Mostly Cloudy / Windy,16,16,35
08:46:09,Mostly Cloudy / Windy,16,16,35
08:48:09,Mostly Cloudy / Windy,16,16,35
08:50:09,Mostly Cloudy / Windy,16,16,35
08:52:08,Mostly Cloudy / Windy,16,16,35
08:54:09,Mostly Cloudy / Windy,16,16,35
08:56:09,Mostly Cloudy / Windy,16,16,35
08:58:09,Mostly Cloudy / Windy,16,16,35
09:00:09,Mostly Cloudy / Windy,16,16,35
09:02:09,Mostly Cloudy / Windy,16,16,35
09:04:09,Mostly Cloudy / Windy,16,16,35
09:06:08,Mostly Cloudy / Windy,16,16,35
09:08:09,Mostly Cloudy / Windy,16,16,35
09:10:09,Mostly Cloudy / Windy,17,17,37
09:12:08,Mostly Cloudy / Windy,17,17,37
09:14:09,Mostly Cloudy / Windy,17,17,37
09:16:09,Mostly Cloudy / Windy,17,17,37
09:18:09,Mostly Cloudy / Windy,17,17,37
09:20:09,Mostly Cloudy / Windy,17,17,37
09:22:09,Mostly Cloudy / Windy,17,17,37
09:24:09,Mostly Cloudy / Windy,17,17,37
09:26:09,Mostly Cloudy / Windy,17,17,37
09:28:09,Mostly Cloudy / Windy,17,17,37
09:30:08,Mostly Cloudy / Windy,17,17,37
09:32:09,Mostly Cloudy / Windy,17,17,37
09:34:09,Mostly Cloudy / Windy,17,17,37
09:36:08,Mostly Cloudy / Windy,17,17,37
09:38:09,Mostly Cloudy / Windy,17,17,37
09:40:08,Mostly Cloudy / Windy,17,17,37
09:42:08,Mostly Cloudy / Windy,17,17,37
09:44:09,Mostly Cloudy / Windy,17,17,37
09:46:09,Light Rain / Windy,17,17,35
09:48:09,Light Rain / Windy,17,17,35
09:50:09,Light Rain / Windy,17,17,35
09:52:08,Light Rain / Windy,17,17,35
09:54:09,Light Rain / Windy,17,17,35
09:56:09,Light Rain / Windy,17,17,35
09:58:08,Light Rain / Windy,17,17,35
10:00:09,Light Rain / Windy,17,17,35
10:02:09,Light Rain / Windy,17,17,35
10:04:08,Light Rain / Windy,17,17,35
10:06:09,Light Rain / Windy,17,17,35
10:08:09,Light Rain / Windy,17,17,35
10:10:08,Light Rain / Windy,17,17,35
10:12:09,Light Rain / Windy,17,17,35
10:14:09,Light Rain / Windy,17,17,35
10:16:09,Light Rain / Windy,17,17,35
10:18:09,Light Rain / Windy,17,17,35
10:20:08,Light Rain / Windy,17,17,35
10:22:08,Mostly Cloudy / Windy,17,17,37
10:24:09,Mostly Cloudy / Windy,17,17,37
10:26:09,Mostly Cloudy / Windy,17,17,37
10:28:08,Mostly Cloudy / Windy,17,17,37
10:30:09,Mostly Cloudy / Windy,17,17,37
10:32:09,Mostly Cloudy / Windy,17,17,37
10:34:09,Mostly Cloudy / Windy,17,17,37
10:36:09,Mostly Cloudy / Windy,17,17,37
10:38:09,Mostly Cloudy / Windy,17,17,37
10:40:09,Mostly Cloudy / Windy,17,17,37
10:42:09,Mostly Cloudy / Windy,17,17,37
10:44:09,Mostly Cloudy / Windy,17,17,37
10:46:09,Mostly Cloudy / Windy,17,17,37
10:48:08,Mostly Cloudy / Windy,17,17,37
10:50:08,Mostly Cloudy / Windy,17,17,37
10:52:09,Mostly Cloudy / Windy,17,17,37
10:54:09,Mostly Cloudy / Windy,17,17,37
10:56:08,Mostly Cloudy / Windy,17,17,37
10:58:09,Mostly Cloudy / Windy,17,17,37
11:00:09,Mostly Cloudy / Windy,17,17,37
11:02:08,Mostly Cloudy / Windy,17,17,37
11:04:09,Mostly Cloudy / Windy,17,17,37
11:06:09,Mostly Cloudy / Windy,17,17,37
11:08:08,Mostly Cloudy / Windy,17,17,37
11:10:08,Mostly Cloudy / Windy,17,17,37
11:12:09,Mostly Cloudy / Windy,17,17,37
11:14:08,Mostly Cloudy / Windy,17,17,37
11:16:09,Light Drizzle / Windy,17,17,35
11:18:09,Light Drizzle / Windy,17,17,35
11:20:08,Light Drizzle / Windy,17,17,35
11:22:09,Light Drizzle / Windy,17,17,35
11:24:09,Light Drizzle / Windy,17,17,35
11:26:08,Light Drizzle / Windy,17,17,35
11:28:09,Light Drizzle / Windy,17,17,35
11:30:09,Light Drizzle / Windy,17,17,35
11:32:09,Light Drizzle / Windy,17,17,35
11:34:08,Light Drizzle / Windy,17,17,35
11:36:09,Light Drizzle / Windy,17,17,35
11:38:09,Light Drizzle / Windy,17,17,35
11:40:08,Light Drizzle / Windy,17,17,35
11:42:09,Light Drizzle / Windy,17,17,35
11:44:09,Light Drizzle / Windy,17,17,35
11:46:08,Mostly Cloudy,17,17,32
11:48:09,Mostly Cloudy,17,17,32
11:50:09,Mostly Cloudy,17,17,32
11:52:08,Mostly Cloudy,17,17,32
11:54:09,Mostly Cloudy,17,17,32
11:56:09,Mostly Cloudy,17,17,32
11:58:08,Mostly Cloudy,17,17,32
12:00:09,Mostly Cloudy,17,17,32
12:02:09,Mostly Cloudy,17,17,32
12:04:09,Mostly Cloudy,17,17,32
12:06:09,Mostly Cloudy,17,17,32
12:08:08,Mostly Cloudy,17,17,32
12:10:09,Mostly Cloudy,17,17,32
12:12:09,Mostly Cloudy,17,17,32
12:14:08,Mostly Cloudy,17,17,32
12:16:08,Mostly Cloudy / Windy,18,18,33
12:18:09,Mostly Cloudy / Windy,18,18,33
12:20:08,Mostly Cloudy / Windy,18,18,33
12:22:09,Mostly Cloudy / Windy,18,18,33
12:24:09,Mostly Cloudy / Windy,18,18,33
12:26:08,Mostly Cloudy / Windy,18,18,33
12:28:09,Mostly Cloudy / Windy,18,18,33
12:30:09,Mostly Cloudy / Windy,18,18,33
12:32:08,Mostly Cloudy / Windy,18,18,33
12:34:08,Mostly Cloudy / Windy,18,18,33
12:36:09,Mostly Cloudy / Windy,18,18,33
12:38:09,Mostly Cloudy / Windy,18,18,33
12:40:08,Mostly Cloudy / Windy,18,18,33
12:42:09,Mostly Cloudy / Windy,18,18,33
12:44:08,Mostly Cloudy / Windy,18,18,33
12:46:08,Mostly Cloudy / Windy,20,20,35
12:48:09,Mostly Cloudy / Windy,20,20,35
12:50:09,Mostly Cloudy / Windy,20,20,35
12:52:09,Mostly Cloudy / Windy,20,20,35
12:54:08,Mostly Cloudy / Windy,20,20,35
12:56:09,Mostly Cloudy / Windy,20,20,35
12:58:09,Mostly Cloudy / Windy,20,20,35
13:00:08,Mostly Cloudy / Windy,20,20,35
13:02:09,Mostly Cloudy / Windy,20,20,35
13:04:09,Mostly Cloudy / Windy,20,20,35
13:06:08,Mostly Cloudy / Windy,20,20,35
13:08:08,Mostly Cloudy / Windy,20,20,35
13:10:09,Mostly Cloudy / Windy,21,21,33
13:12:09,Mostly Cloudy / Windy,21,21,33
13:14:08,Mostly Cloudy / Windy,21,21,33
13:16:09,Mostly Cloudy / Windy,21,21,33
13:18:09,Mostly Cloudy / Windy,21,21,33
13:20:08,Mostly Cloudy / Windy,21,21,33
13:22:09,Mostly Cloudy / Windy,21,21,33
13:24:09,Mostly Cloudy / Windy,21,21,33
13:26:09,Mostly Cloudy / Windy,21,21,33
13:28:08,Mostly Cloudy / Windy,21,21,33
13:30:09,Mostly Cloudy / Windy,21,21,33
13:32:09,Mostly Cloudy / Windy,21,21,33
13:34:09,Mostly Cloudy / Windy,21,21,33
13:36:08,Mostly Cloudy / Windy,21,21,33
13:38:09,Mostly Cloudy / Windy,21,21,33
13:40:09,Mostly Cloudy / Windy,21,21,33
13:42:08,Mostly Cloudy / Windy,21,21,33
13:44:08,Mostly Cloudy / Windy,21,21,33
13:46:09,Light Rain,20,20,32
13:48:08,Light Rain,20,20,32
13:50:08,Light Rain,20,20,32
13:52:09,Light Rain,20,20,32
13:54:09,Light Rain,20,20,32
13:56:08,Light Rain,20,20,32
13:58:08,Light Rain,20,20,32
14:00:09,Light Rain,20,20,32
14:02:09,Light Rain,20,20,32
14:04:08,Light Rain,20,20,32
14:06:09,Light Rain,20,20,32
14:08:09,Light Rain,20,20,32
14:10:08,Light Rain,20,20,32
14:12:09,Light Rain,20,20,32
14:14:09,Light Rain,20,20,32
14:16:09,Light Rain,20,20,32
14:18:09,Light Rain,20,20,32
14:20:09,Light Rain,20,20,32
14:22:08,Light Rain,20,20,32
14:24:09,Light Rain,20,20,32
14:26:09,Light Rain,20,20,32
14:28:08,Light Rain,20,20,32
14:30:09,Light Rain,20,20,32
14:32:09,Light Rain,20,20,32
14:34:08,Light Rain,20,20,32
14:36:09,Light Rain,20,20,32
14:38:09,Light Rain,20,20,32
14:40:09,Light Rain,20,20,32
14:42:08,Light Rain,20,20,32
14:44:09,Light Rain,20,20,32
14:46:09,Light Rain,20,20,32
14:48:08,Light Rain,20,20,32
14:50:09,Light Rain,20,20,32
14:52:09,Light Rain,20,20,32
14:54:09,Light Rain,20,20,32
14:56:08,Light Rain,20,20,32
14:58:09,Light Rain,20,20,32
15:00:08,Light Rain,20,20,32
15:02:09,Light Rain,20,20,32
15:04:09,Light Rain,20,20,32
15:06:08,Light Rain,20,20,32
15:08:09,Light Rain,20,20,32
15:10:09,Light Rain,20,20,32
15:12:09,Light Rain,20,20,32
15:14:09,Light Rain,20,20,32
15:16:09,Light Rain Shower,18,18,32
15:18:09,Light Rain Shower,18,18,32
15:20:09,Light Rain Shower,18,18,32
15:22:08,Light Rain Shower,18,18,32
15:24:09,Light Rain Shower,18,18,32
15:26:09,Light Rain Shower,18,18,32
15:28:09,Light Rain Shower,18,18,32
15:30:09,Light Rain Shower,18,18,32
15:32:09,Light Rain Shower,18,18,32
15:34:08,Light Rain Shower,18,18,32
15:36:09,Light Rain Shower,18,18,32
15:38:09,Light Rain Shower,18,18,32
15:40:09,Light Rain Shower,18,18,32
15:42:08,Light Rain Shower,18,18,32
15:44:08,Light Rain Shower,18,18,32
15:46:09,Light Rain Shower / Windy,18,18,33
15:48:09,Light Rain Shower / Windy,18,18,33
15:50:09,Light Rain Shower / Windy,18,18,33
15:52:08,Light Rain Shower / Windy,18,18,33
15:54:09,Light Rain Shower / Windy,18,18,33
15:56:09,Light Rain Shower / Windy,18,18,33
15:58:08,Light Rain Shower / Windy,18,18,33
16:00:09,Light Rain Shower / Windy,18,18,33
16:02:09,Light Rain Shower / Windy,18,18,33
16:04:08,Light Rain Shower / Windy,18,18,33
16:06:09,Light Rain Shower / Windy,18,18,33
16:08:09,Light Rain Shower / Windy,18,18,33
16:10:08,Light Rain Shower / Windy,18,18,33
16:12:09,Light Rain Shower / Windy,18,18,33
16:14:09,Light Rain Shower / Windy,18,18,33
16:16:09,Partly Cloudy,18,18,27
16:18:09,Partly Cloudy,18,18,27
16:20:09,Partly Cloudy,18,18,27
16:22:08,Partly Cloudy,18,18,27
16:24:09,Partly Cloudy,18,18,27
16:26:08,Partly Cloudy,18,18,27
16:28:09,Partly Cloudy,18,18,27
16:30:09,Partly Cloudy,18,18,27
16:32:08,Partly Cloudy,18,18,27
16:34:09,Partly Cloudy,18,18,27
16:36:09,Partly Cloudy,18,18,27
16:38:08,Partly Cloudy,18,18,27
16:40:09,Partly Cloudy,18,18,27
16:42:09,Partly Cloudy,18,18,27
16:44:09,Partly Cloudy,18,18,27
16:46:08,Partly Cloudy,18,18,27
16:48:09,Partly Cloudy,18,18,27
16:50:09,Partly Cloudy,18,18,27
16:52:09,Partly Cloudy,18,18,27
16:54:08,Partly Cloudy,18,18,27
16:56:09,Partly Cloudy,18,18,27
16:58:09,Partly Cloudy,18,18,27
17:00:09,Partly Cloudy,18,18,27
17:02:09,Partly Cloudy,18,18,27
17:04:09,Partly Cloudy,18,18,27
17:06:09,Partly Cloudy,18,18,27
17:08:09,Partly Cloudy,18,18,27
17:10:09,Partly Cloudy,18,18,32
17:12:09,Partly Cloudy,18,18,32
17:14:08,Partly Cloudy,18,18,32
17:16:09,Partly Cloudy,18,18,32
17:18:09,Partly Cloudy,18,18,32
17:20:09,Partly Cloudy,18,18,32
17:22:08,Partly Cloudy,18,18,32
17:24:09,Partly Cloudy,18,18,32
17:26:09,Partly Cloudy,18,18,32
17:28:09,Partly Cloudy,18,18,32
17:30:09,Partly Cloudy,18,18,32
17:32:09,Partly Cloudy,18,18,32
17:34:09,Partly Cloudy,18,18,32
17:36:08,Partly Cloudy,18,18,32
17:38:09,Partly Cloudy,18,18,32
17:40:09,Partly Cloudy,18,18,32
17:42:09,Partly Cloudy,18,18,32
17:44:09,Partly Cloudy,18,18,32
17:46:09,Partly Cloudy,18,18,32
17:48:09,Partly Cloudy,18,18,32
17:50:08,Partly Cloudy,18,18,32
17:52:09,Partly Cloudy,18,18,32
17:54:09,Partly Cloudy,18,18,32
17:56:08,Partly Cloudy,18,18,32
17:58:08,Partly Cloudy,18,18,32
18:00:09,Partly Cloudy,18,18,32
18:02:09,Partly Cloudy,18,18,32
18:04:08,Partly Cloudy,18,18,32
18:06:09,Partly Cloudy,18,18,32
18:08:09,Partly Cloudy,18,18,32
18:10:08,Partly Cloudy,18,18,32
18:12:09,Partly Cloudy,18,18,32
18:14:09,Partly Cloudy,18,18,32
18:16:08,Partly Cloudy,18,18,28
18:18:09,Partly Cloudy,18,18,28
18:20:08,Partly Cloudy,18,18,28
18:22:09,Partly Cloudy,18,18,28
18:24:09,Partly Cloudy,18,18,28
18:26:09,Partly Cloudy,18,18,28
18:28:08,Partly Cloudy,18,18,28
18:30:09,Partly Cloudy,18,18,28
18:32:09,Partly Cloudy,18,18,28
18:34:09,Partly Cloudy,18,18,28
18:36:09,Partly Cloudy,18,18,28
18:38:09,Partly Cloudy,18,18,28
18:40:09,Partly Cloudy,18,18,28
18:42:09,Partly Cloudy,18,18,28
18:44:09,Partly Cloudy,18,18,28
18:46:09,Partly Cloudy,18,18,28
18:48:09,Partly Cloudy,18,18,28
18:50:09,Partly Cloudy,18,18,28
18:52:09,Partly Cloudy,18,18,28
18:54:08,Partly Cloudy,18,18,28
18:56:09,Partly Cloudy,18,18,28
18:58:09,Partly Cloudy,18,18,28
19:00:08,Partly Cloudy,18,18,28
19:02:09,Partly Cloudy,18,18,28
19:04:09,Partly Cloudy,18,18,28
19:06:09,Partly Cloudy,18,18,28
19:08:09,Partly Cloudy,18,18,28
19:10:09,Partly Cloudy,18,18,28
19:12:08,Partly Cloudy,18,18,28
19:14:09,Partly Cloudy,18,18,28
19:16:09,Fair,17,17,28
19:18:09,Fair,17,17,28
19:20:09,Fair,17,17,28
19:22:08,Fair,17,17,28
19:24:09,Fair,17,17,28
19:26:09,Fair,17,17,28
19:28:08,Fair,17,17,28
19:30:09,Fair,17,17,28
19:32:09,Fair,17,17,28
19:34:09,Fair,17,17,28
19:36:09,Fair,17,17,28
19:38:09,Fair,17,17,28
19:40:09,Fair,17,17,28
19:42:09,Fair,17,17,28
19:44:09,Fair,17,17,28
19:46:09,Fair,17,17,28
19:48:09,Fair,17,17,28
19:50:09,Fair,17,17,28
19:52:08,Fair,17,17,28
19:54:09,Fair,17,17,28
19:56:09,Fair,17,17,28
19:58:09,Fair,17,17,28
20:00:09,Fair,17,17,28
20:02:09,Fair,17,17,28
20:04:09,Fair,17,17,28
20:06:09,Fair,17,17,28
20:08:09,Fair,17,17,28
20:10:08,Fair,17,17,28
20:12:09,Fair,17,17,28
20:14:09,Fair,17,17,28
20:16:09,Fair,15,15,27
20:18:09,Fair,15,15,27
20:20:09,Fair,15,15,27
20:22:08,Fair,15,15,27
20:24:09,Fair,15,15,27
20:26:09,Fair,15,15,27
20:28:09,Fair,15,15,27
20:30:08,Fair,15,15,27
20:32:09,Fair,15,15,27
20:34:09,Fair,15,15,27
20:36:08,Fair,15,15,27
20:38:09,Fair,15,15,27
20:40:09,Fair,15,15,27
20:42:09,Fair,15,15,27
20:44:08,Fair,15,15,27
20:46:08,Fair,15,15,27
20:48:09,Fair,15,15,27
20:50:09,Fair,15,15,27
20:52:08,Fair,15,15,27
20:54:08,Fair,15,15,27
20:56:09,Fair,15,15,27
20:58:09,Fair,15,15,27
21:00:09,Fair,15,15,27
21:02:09,Fair,15,15,27
21:04:08,Fair,15,15,27
21:06:09,Fair,15,15,27
21:08:09,Fair,15,15,27
21:10:09,Mostly Cloudy,15,15,24
21:12:09,Mostly Cloudy,15,15,24
21:14:09,Mostly Cloudy,15,15,24
21:16:08,Mostly Cloudy,15,15,24
21:18:09,Mostly Cloudy,15,15,24
21:20:08,Mostly Cloudy,15,15,24
21:22:09,Mostly Cloudy,15,15,24
21:24:09,Mostly Cloudy,15,15,24
21:26:08,Mostly Cloudy,15,15,24
21:28:09,Mostly Cloudy,15,15,24
21:30:09,Mostly Cloudy,15,15,24
21:32:08,Mostly Cloudy,15,15,24
21:34:09,Mostly Cloudy,15,15,24
21:36:09,Mostly Cloudy,15,15,24
21:38:09,Mostly Cloudy,15,15,24
21:40:09,Mostly Cloudy,15,15,24
21:42:08,Mostly Cloudy,15,15,24
21:44:08,Mostly Cloudy,15,15,24
21:46:09,Mostly Cloudy,15,15,24
21:48:08,Mostly Cloudy,15,15,24
21:50:09,Mostly Cloudy,15,15,24
21:52:09,Mostly Cloudy,15,15,24
21:54:09,Mostly Cloudy,15,15,24
21:56:09,Mostly Cloudy,15,15,24
21:58:09,Mostly Cloudy,15,15,24
22:00:09,Mostly Cloudy,15,15,24
22:02:09,Mostly Cloudy,15,15,24
22:04:08,Mostly Cloudy,15,15,24
22:06:09,Mostly Cloudy,15,15,24
22:08:09,Mostly Cloudy,15,15,24
22:10:09,Mostly Cloudy,15,15,24
22:12:08,Mostly Cloudy,15,15,24
22:14:09,Mostly Cloudy,15,15,24
22:16:09,Mostly Cloudy,13,13,24
22:18:09,Mostly Cloudy,13,13,24
22:20:09,Mostly Cloudy,13,13,24
22:22:09,Mostly Cloudy,13,13,24
22:24:09,Mostly Cloudy,13,13,24
22:26:09,Mostly Cloudy,13,13,24
22:28:09,Mostly Cloudy,13,13,24
22:30:08,Mostly Cloudy,13,13,24
22:32:09,Mostly Cloudy,13,13,24
22:34:09,Mostly Cloudy,13,13,24
22:36:09,Mostly Cloudy,13,13,24
22:38:08,Mostly Cloudy,13,13,24
22:40:09,Mostly Cloudy,13,13,24
22:42:09,Mostly Cloudy,13,13,24
22:44:08,Mostly Cloudy,13,13,24
22:46:08,Mostly Cloudy,13,13,24
22:48:09,Mostly Cloudy,13,13,24
22:50:09,Mostly Cloudy,13,13,24
22:52:09,Mostly Cloudy,13,13,24
22:54:09,Mostly Cloudy,13,13,24
22:56:09,Mostly Cloudy,13,13,24
22:58:09,Mostly Cloudy,13,13,24
23:00:09,Mostly Cloudy,13,13,24
23:02:09,Mostly Cloudy,13,13,24
23:04:09,Mostly Cloudy,13,13,24
23:06:09,Mostly Cloudy,13,13,24
23:08:09,Mostly Cloudy,13,13,24
23:10:08,Mostly Cloudy,13,13,22
23:12:09,Mostly Cloudy,13,13,22
23:14:09,Mostly Cloudy,13,13,22
23:16:09,Mostly Cloudy,13,13,22
23:18:09,Mostly Cloudy,13,13,22
23:20:09,Mostly Cloudy,13,13,22
23:22:08,Mostly Cloudy,13,13,22
23:24:09,Mostly Cloudy,13,13,22
23:26:09,Mostly Cloudy,13,13,22
23:28:09,Mostly Cloudy,13,13,22
23:30:09,Mostly Cloudy,13,13,22
23:32:09,Mostly Cloudy,13,13,22
23:34:09,Mostly Cloudy,13,13,22
23:36:09,Mostly Cloudy,13,13,22
23:38:08,Mostly Cloudy,13,13,22
23:40:09,Mostly Cloudy,13,13,22
23:42:08,Mostly Cloudy,13,13,22
23:44:08,Mostly Cloudy,13,13,22
23:46:09,Mostly Cloudy,13,13,22
23:48:09,Mostly Cloudy,13,13,22
23:50:08,Mostly Cloudy,13,13,22
23:52:08,Mostly Cloudy,13,13,22
23:54:09,Mostly Cloudy,13,13,22
23:56:09,Mostly Cloudy,13,13,22
23:58:08,Mostly Cloudy,13,13,22
