Time,Weather,Temperature,Feels_Like,Wind_Speed
00:00:09,Fair,10,10,22
00:02:08,Fair,10,10,22
00:04:08,Fair,10,10,22
00:06:09,Fair,10,10,22
00:08:08,Mostly Cloudy,8,6,14
00:10:08,Mostly Cloudy,8,6,14
00:12:08,Mostly Cloudy,8,6,14
00:14:09,Mostly Cloudy,8,6,14
00:16:08,Mostly Cloudy,8,6,14
00:18:09,Mostly Cloudy,8,6,14
00:20:09,Mostly Cloudy,8,6,14
00:22:08,Mostly Cloudy,8,6,14
00:24:09,Mostly Cloudy,8,6,14
00:26:09,Mostly Cloudy,8,6,14
00:28:09,Mostly Cloudy,8,6,14
00:30:08,Mostly Cloudy,8,6,14
00:32:09,Mostly Cloudy,8,6,14
00:34:09,Mostly Cloudy,8,6,14
00:36:08,Mostly Cloudy,8,6,14
00:38:09,Mostly Cloudy,8,6,14
00:40:09,Mostly Cloudy,8,6,14
00:42:08,Mostly Cloudy,8,6,14
00:44:08,Mostly Cloudy,8,6,14
00:46:09,Mostly Cloudy,8,6,14
00:48:09,Mostly Cloudy,8,6,14
00:50:08,Mostly Cloudy,8,6,14
00:52:08,Mostly Cloudy,8,6,14
00:54:09,Mostly Cloudy,8,6,14
00:56:09,Mostly Cloudy,8,6,14
00:58:08,Mostly Cloudy,8,6,14
01:00:17,Mostly Cloudy,8,6,14
01:02:09,Mostly Cloudy,8,6,14
01:04:09,Mostly Cloudy,8,6,14
01:06:09,Mostly Cloudy,8,6,14
01:08:08,Mostly Cloudy,8,6,14
01:10:08,Mostly Cloudy,8,6,14
01:12:09,Mostly Cloudy,8,6,14
01:14:09,Fair,8,6,22
01:16:08,Fair,8,6,22
01:18:09,Fair,8,6,22
01:20:09,Fair,8,6,22
01:22:09,Fair,8,6,22
01:24:09,Fair,8,6,22
01:26:08,Fair,8,6,22
01:28:09,Fair,8,6,22
01:30:09,Fair,8,6,22
01:32:08,Fair,8,6,22
01:34:09,Fair,8,6,22
01:36:09,Fair,8,6,22
01:38:09,Fair,8,6,22
01:40:08,Fair,8,6,22
01:42:09,Fair,8,6,22
01:44:09,Fair,8,6,22
01:46:09,Fair,8,6,22
01:48:08,Fair,8,6,22
01:50:09,Fair,8,6,22
01:52:09,Fair,8,6,22
01:54:08,Fair,8,6,22
01:56:09,Fair,8,6,22
01:58:09,Fair,8,6,22
02:00:09,Fair,8,6,22
02:02:08,Fair,8,6,22
02:04:08,Fair,8,6,22
02:06:09,Fair,8,6,22
02:08:09,Fair,8,6,22
02:10:09,Fair,8,6,22
02:12:08,Fair,8,6,22
02:14:09,Mostly Cloudy,8,6,19
02:16:09,Mostly Cloudy,8,6,19
02:18:09,Mostly Cloudy,8,6,19
02:20:09,Mostly Cloudy,8,6,19
02:22:08,Mostly Cloudy,8,6,19
02:24:09,Mostly Cloudy,8,6,19
02:26:09,Mostly Cloudy,8,6,19
02:28:09,Mostly Cloudy,8,6,19
02:30:09,Mostly Cloudy,8,6,19
02:32:09,Mostly Cloudy,8,6,19
02:34:09,Mostly Cloudy,8,6,19
02:36:09,Mostly Cloudy,8,6,19
02:38:09,Mostly Cloudy,8,6,19
02:40:08,Mostly Cloudy,8,6,19
02:42:09,Mostly Cloudy,8,6,19
02:44:09,Mostly Cloudy,8,6,19
02:46:08,Mostly Cloudy,8,6,19
02:48:09,Mostly Cloudy,8,6,19
02:50:09,Mostly Cloudy,8,6,19
02:52:09,Mostly Cloudy,8,6,19
02:54:09,Mostly Cloudy,8,6,19
02:56:08,Mostly Cloudy,8,6,19
02:58:09,Mostly Cloudy,8,6,19
03:00:09,Mostly Cloudy,8,6,19
03:02:08,Mostly Cloudy,8,6,19
03:04:09,Mostly Cloudy,8,6,19
03:06:08,Mostly Cloudy,8,6,19
03:08:09,Partly Cloudy,8,6,16
03:10:09,Partly Cloudy,8,6,16
03:12:08,Partly Cloudy,8,6,16
03:14:09,Partly Cloudy,8,6,16
03:16:09,Partly Cloudy,8,6,16
03:18:08,Partly Cloudy,8,6,16
03:20:09,Partly Cloudy,8,6,16
03:22:08,Partly Cloudy,8,6,16
03:24:09,Partly Cloudy,8,6,16
03:26:09,Partly Cloudy,8,6,16
03:28:08,Partly Cloudy,8,6,16
03:30:09,Partly Cloudy,8,6,16
03:32:09,Partly Cloudy,8,6,16
03:34:09,Partly Cloudy,8,6,16
03:36:09,Partly Cloudy,8,6,16
03:38:09,Partly Cloudy,8,6,16
03:40:09,Partly Cloudy,8,6,16
03:42:09,Partly Cloudy,8,6,16
03:44:08,Partly Cloudy,8,6,16
03:46:09,Partly Cloudy,8,6,16
03:48:09,Partly Cloudy,8,6,16
03:50:09,Partly Cloudy,8,6,16
03:52:09,Partly Cloudy,8,6,16
03:54:09,Partly Cloudy,8,6,16
03:56:09,Partly Cloudy,8,6,16
03:58:09,Partly Cloudy,8,6,16
04:00:09,Partly Cloudy,8,6,16
04:02:09,Partly Cloudy,8,6,16
04:04:09,Partly Cloudy,8,6,16
04:06:08,Partly Cloudy,8,6,16
04:08:09,Partly Cloudy,8,6,16
04:10:09,Partly Cloudy,8,6,16
04:12:09,Partly Cloudy,8,6,16
04:14:09,Mostly Cloudy,8,6,14
04:16:09,Mostly Cloudy,8,6,14
04:18:09,Mostly Cloudy,8,6,14
04:20:09,Mostly Cloudy,8,6,14
04:22:09,Mostly Cloudy,8,6,14
04:24:09,Mostly Cloudy,8,6,14
04:26:08,Mostly Cloudy,8,6,14
04:28:09,Mostly Cloudy,8,6,14
04:30:09,Mostly Cloudy,8,6,14
04:32:08,Mostly Cloudy,8,6,14
04:34:09,Mostly Cloudy,8,6,14
04:36:09,Mostly Cloudy,8,6,14
04:38:08,Mostly Cloudy,8,6,14
04:40:09,Mostly Cloudy,8,6,14
04:42:09,Mostly Cloudy,8,6,14
04:44:08,Mostly Cloudy,8,6,14
04:46:09,Mostly Cloudy,8,6,14
04:48:09,Mostly Cloudy,8,6,14
04:50:08,Mostly Cloudy,8,6,14
04:52:08,Mostly Cloudy,8,6,14
04:54:09,Mostly Cloudy,8,6,14
04:56:08,Mostly Cloudy,8,6,14
04:58:09,Mostly Cloudy,8,6,14
05:00:08,Mostly Cloudy,8,6,14
05:02:08,Mostly Cloudy,8,6,14
05:04:09,Mostly Cloudy,8,6,14
05:06:09,Mostly Cloudy,8,6,14
05:08:08,Mostly Cloudy,8,6,14
05:10:09,Mostly Cloudy,8,6,14
05:12:09,Mostly Cloudy,8,6,14
05:14:09,Partly Cloudy,8,6,19
05:16:09,Partly Cloudy,8,6,19
05:18:09,Partly Cloudy,8,6,19
05:20:09,Partly Cloudy,8,6,19
05:22:08,Partly Cloudy,8,6,19
05:24:08,Partly Cloudy,8,6,19
05:26:09,Partly Cloudy,8,6,19
05:28:08,Partly Cloudy,8,6,19
05:30:09,Partly Cloudy,8,6,19
05:32:09,Partly Cloudy,8,6,19
05:34:08,Partly Cloudy,8,6,19
05:36:08,Partly Cloudy,8,6,19
05:38:08,Partly Cloudy,8,6,19
05:40:09,Partly Cloudy,8,6,19
05:42:08,Partly Cloudy,8,6,19
05:44:09,Partly Cloudy,8,6,19
05:46:09,Partly Cloudy,8,6,19
05:48:09,Partly Cloudy,8,6,19
05:50:08,Partly Cloudy,8,6,19
05:52:09,Partly Cloudy,8,6,19
05:54:09,Partly Cloudy,8,6,19
05:56:08,Partly Cloudy,8,6,19
05:58:09,Partly Cloudy,8,6,19
06:00:09,Partly Cloudy,8,6,19
06:02:08,Partly Cloudy,8,6,19
06:04:09,Partly Cloudy,8,6,19
06:06:09,Partly Cloudy,8,6,19
06:08:09,Partly Cloudy,8,6,19
06:10:09,Partly Cloudy,8,6,19
06:12:08,Partly Cloudy,8,6,19
06:14:09,Partly Cloudy,8,6,19
06:16:09,Partly Cloudy,8,6,19
06:18:09,Partly Cloudy,8,6,19
06:20:09,Fair,7,3,27
06:22:08,Fair,7,3,27
06:24:09,Fair,7,3,27
06:26:08,Fair,7,3,27
06:28:09,Fair,7,3,27
06:30:09,Fair,7,3,27
06:32:08,Fair,7,3,27
06:34:09,Fair,7,3,27
06:36:09,Fair,7,3,27
06:38:09,Fair,7,3,27
06:40:08,Fair,7,3,27
06:42:09,Fair,7,3,27
06:44:09,Fair,7,3,27
06:46:09,Fair,7,3,27
06:48:08,Fair,7,3,27
06:50:09,Fair,7,3,27
06:52:08,Fair,7,3,27
06:54:09,Fair,7,3,27
06:56:09,Fair,7,3,27
06:58:08,Fair,7,3,27
07:00:09,Fair,7,3,27
07:02:09,Fair,7,3,27
07:04:08,Fair,7,3,27
07:06:09,Fair,7,3,27
07:08:08,Fair,7,3,27
07:10:09,Fair,7,3,27
07:12:09,Fair,7,3,27
07:14:08,Mostly Cloudy,8,5,24
07:16:09,Mostly Cloudy,8,5,24
07:18:08,Mostly Cloudy,8,5,24
07:20:08,Mostly Cloudy,8,5,24
07:22:09,Mostly Cloudy,8,5,24
07:24:09,Mostly Cloudy,8,5,24
07:26:08,Mostly Cloudy,8,5,24
07:28:09,Mostly Cloudy,8,5,24
07:30:08,Mostly Cloudy,8,5,24
07:32:09,Mostly Cloudy,8,5,24
07:34:08,Mostly Cloudy,8,5,24
07:36:09,Mostly Cloudy,8,5,24
07:38:09,Mostly Cloudy,8,5,24
07:40:09,Mostly Cloudy,8,5,24
07:42:08,Mostly Cloudy,8,5,24
07:44:09,Mostly Cloudy,8,5,24
07:46:09,Mostly Cloudy,8,5,24
07:48:09,Mostly Cloudy,8,5,24
07:50:08,Mostly Cloudy,8,5,24
07:52:09,Mostly Cloudy,8,5,24
07:54:08,Mostly Cloudy,8,5,24
07:56:09,Mostly Cloudy,8,5,24
07:58:09,Mostly Cloudy,8,5,24
08:00:08,Mostly Cloudy,8,5,24
08:02:09,Mostly Cloudy,8,5,24
08:04:08,Mostly Cloudy,8,5,24
08:06:09,Mostly Cloudy,8,5,24
08:08:09,Mostly Cloudy,8,5,24
08:10:09,Mostly Cloudy,8,5,24
08:12:09,Mostly Cloudy,8,5,24
08:14:09,Mostly Cloudy,7,3,27
08:16:09,Mostly Cloudy,7,3,27
08:18:08,Mostly Cloudy,7,3,27
08:20:09,Mostly Cloudy,7,3,27
08:22:09,Mostly Cloudy,7,3,27
08:24:09,Mostly Cloudy,7,3,27
08:26:08,Mostly Cloudy,7,3,27
08:28:09,Mostly Cloudy,7,3,27
08:30:09,Mostly Cloudy,7,3,27
08:32:09,Mostly Cloudy,7,3,27
08:34:08,Mostly Cloudy,7,3,27
08:36:09,Mostly Cloudy,7,3,27
08:38:09,Mostly Cloudy,7,3,27
08:40:09,Mostly Cloudy,7,3,27
08:42:09,Mostly Cloudy,7,3,27
08:44:08,Mostly Cloudy,7,3,27
08:46:09,Mostly Cloudy,7,3,27
08:48:08,Mostly Cloudy,7,3,27
08:50:09,Mostly Cloudy,7,3,27
08:52:09,Mostly Cloudy,7,3,27
08:54:09,Mostly Cloudy,7,3,27
08:56:09,Mostly Cloudy,7,3,27
08:58:08,Mostly Cloudy,7,3,27
09:00:09,Mostly Cloudy,7,3,27
09:02:09,Mostly Cloudy,7,3,27
09:04:09,Mostly Cloudy,7,3,27
09:06:09,Mostly Cloudy,7,3,27
09:08:08,Mostly Cloudy,7,3,27
09:10:09,Mostly Cloudy,7,3,27
09:12:08,Mostly Cloudy,7,3,27
09:14:09,Mostly Cloudy,8,5,32
09:16:09,Mostly Cloudy,8,5,32
09:18:09,Mostly Cloudy,8,5,32
09:20:08,Mostly Cloudy,8,5,32
09:22:09,Mostly Cloudy,8,5,32
09:24:09,Mostly Cloudy,8,5,32
09:26:08,Mostly Cloudy,8,5,32
09:28:09,Mostly Cloudy,8,5,32
09:30:09,Mostly Cloudy,8,5,32
09:32:09,Mostly Cloudy,8,5,32
09:34:09,Mostly Cloudy,8,5,32
09:36:09,Mostly Cloudy,8,5,32
09:38:08,Mostly Cloudy,8,5,32
09:40:09,Mostly Cloudy,8,5,32
09:42:09,Mostly Cloudy,8,5,32
09:44:08,Mostly Cloudy / Windy,8,5,35
09:46:09,Mostly Cloudy / Windy,8,5,35
09:48:09,Mostly Cloudy / Windy,8,5,35
09:50:09,Mostly Cloudy / Windy,8,5,35
09:52:09,Mostly Cloudy / Windy,8,5,35
09:54:08,Mostly Cloudy / Windy,8,5,35
09:56:08,Mostly Cloudy / Windy,8,5,35
09:58:09,Mostly Cloudy / Windy,8,5,35
10:00:08,Mostly Cloudy / Windy,8,5,35
10:02:08,Mostly Cloudy / Windy,8,5,35
10:04:09,Mostly Cloudy / Windy,8,5,35
10:06:08,Mostly Cloudy / Windy,8,5,35
10:08:09,Mostly Cloudy / Windy,8,5,35
10:10:09,Mostly Cloudy / Windy,8,5,35
10:12:08,Mostly Cloudy / Windy,8,5,35
10:14:09,Mostly Cloudy / Windy,8,4,38
10:16:08,Mostly Cloudy / Windy,8,4,38
10:18:09,Mostly Cloudy / Windy,8,4,38
10:20:08,Mostly Cloudy / Windy,8,4,38
10:22:09,Mostly Cloudy / Windy,8,4,38
10:24:09,Mostly Cloudy / Windy,8,4,38
10:26:08,Mostly Cloudy / Windy,8,4,38
10:28:09,Mostly Cloudy / Windy,8,4,38
10:30:09,Mostly Cloudy / Windy,8,4,38
10:32:08,Mostly Cloudy / Windy,8,4,38
10:34:09,Mostly Cloudy / Windy,8,4,38
10:36:08,Mostly Cloudy / Windy,8,4,38
10:38:08,Mostly Cloudy / Windy,8,4,38
10:40:09,Mostly Cloudy / Windy,8,4,38
10:42:08,Mostly Cloudy / Windy,8,4,38
10:44:09,Mostly Cloudy / Windy,10,10,45
10:46:09,Mostly Cloudy / Windy,10,10,45
10:48:09,Mostly Cloudy / Windy,10,10,45
10:50:09,Mostly Cloudy / Windy,10,10,45
10:52:09,Mostly Cloudy / Windy,10,10,45
10:54:09,Mostly Cloudy / Windy,10,10,45
10:56:08,Mostly Cloudy / Windy,10,10,45
10:58:09,Mostly Cloudy / Windy,10,10,45
11:00:09,Mostly Cloudy / Windy,10,10,45
11:02:09,Mostly Cloudy / Windy,10,10,45
11:04:08,Mostly Cloudy / Windy,10,10,45
11:06:08,Mostly Cloudy / Windy,10,10,45
11:08:09,Mostly Cloudy / Windy,10,10,45
11:10:09,Mostly Cloudy / Windy,10,10,45
11:12:09,Mostly Cloudy / Windy,10,10,45
11:14:09,Mostly Cloudy / Windy,10,10,38
11:16:09,Mostly Cloudy / Windy,10,10,38
11:18:08,Mostly Cloudy / Windy,10,10,38
11:20:09,Mostly Cloudy / Windy,10,10,38
11:22:09,Mostly Cloudy / Windy,10,10,38
11:24:08,Mostly Cloudy / Windy,10,10,38
11:26:08,Mostly Cloudy / Windy,10,10,38
11:28:09,Mostly Cloudy / Windy,10,10,38
11:30:08,Mostly Cloudy / Windy,10,10,38
11:32:09,Mostly Cloudy / Windy,10,10,38
11:34:08,Mostly Cloudy / Windy,10,10,38
11:36:09,Mostly Cloudy / Windy,10,10,38
11:38:09,Mostly Cloudy / Windy,10,10,38
11:40:09,Mostly Cloudy / Windy,10,10,38
11:42:09,Mostly Cloudy / Windy,10,10,38
11:44:08,Mostly Cloudy / Windy,10,10,35
11:46:09,Mostly Cloudy / Windy,10,10,35
11:48:09,Mostly Cloudy / Windy,10,10,35
11:50:08,Mostly Cloudy / Windy,10,10,35
11:52:09,Mostly Cloudy / Windy,10,10,35
11:54:09,Mostly Cloudy / Windy,10,10,35
11:56:08,Mostly Cloudy / Windy,10,10,35
11:58:09,Mostly Cloudy / Windy,10,10,35
12:00:09,Mostly Cloudy / Windy,10,10,35
12:02:09,Mostly Cloudy / Windy,10,10,35
12:04:09,Mostly Cloudy / Windy,10,10,35
12:06:08,Mostly Cloudy / Windy,10,10,35
12:08:09,Mostly Cloudy / Windy,10,10,35
12:10:09,Mostly Cloudy / Windy,10,10,35
12:12:08,Mostly Cloudy / Windy,10,10,35
12:14:09,Mostly Cloudy / Windy,10,10,35
12:16:08,Mostly Cloudy / Windy,10,10,35
12:18:08,Mostly Cloudy / Windy,10,10,35
12:20:09,Mostly Cloudy,10,10,28
12:22:09,Mostly Cloudy,10,10,28
12:24:08,Mostly Cloudy,10,10,28
12:26:09,Mostly Cloudy,10,10,28
12:28:08,Mostly Cloudy,10,10,28
12:30:08,Mostly Cloudy,10,10,28
12:32:08,Mostly Cloudy,10,10,28
12:34:09,Mostly Cloudy,10,10,28
12:36:09,Mostly Cloudy,10,10,28
12:38:09,Mostly Cloudy,10,10,28
12:40:08,Mostly Cloudy,10,10,28
12:42:09,Mostly Cloudy,10,10,28
12:44:09,Mostly Cloudy / Windy,10,10,35
12:46:09,Mostly Cloudy / Windy,10,10,35
12:48:09,Mostly Cloudy / Windy,10,10,35
12:50:08,Mostly Cloudy / Windy,10,10,35
12:52:08,Mostly Cloudy / Windy,10,10,35
12:54:09,Mostly Cloudy / Windy,10,10,35
12:56:09,Mostly Cloudy / Windy,10,10,35
12:58:09,Mostly Cloudy / Windy,10,10,35
13:00:08,Mostly Cloudy / Windy,10,10,35
13:02:09,Mostly Cloudy / Windy,10,10,35
13:04:09,Mostly Cloudy / Windy,10,10,35
13:06:08,Mostly Cloudy / Windy,10,10,35
13:08:09,Mostly Cloudy / Windy,10,10,35
13:10:08,Mostly Cloudy / Windy,10,10,35
13:12:09,Mostly Cloudy / Windy,10,10,35
13:14:09,Partly Cloudy / Windy,10,10,33
13:16:08,Partly Cloudy / Windy,10,10,33
13:18:09,Partly Cloudy / Windy,10,10,33
13:20:08,Partly Cloudy / Windy,10,10,33
13:22:09,Partly Cloudy / Windy,10,10,33
13:24:08,Partly Cloudy / Windy,10,10,33
13:26:09,Partly Cloudy / Windy,10,10,33
13:28:08,Partly Cloudy / Windy,10,10,33
13:30:09,Partly Cloudy / Windy,10,10,33
13:32:09,Partly Cloudy / Windy,10,10,33
13:34:08,Partly Cloudy / Windy,10,10,33
13:36:08,Partly Cloudy / Windy,10,10,33
13:38:09,Partly Cloudy / Windy,10,10,33
13:40:08,Partly Cloudy / Windy,10,10,33
13:42:09,Partly Cloudy / Windy,10,10,33
13:44:09,Partly Cloudy,10,10,27
13:46:08,Partly Cloudy,10,10,27
13:48:09,Partly Cloudy,10,10,27
13:50:08,Partly Cloudy,10,10,27
13:52:09,Partly Cloudy,10,10,27
13:54:09,Partly Cloudy,10,10,27
13:56:08,Partly Cloudy,10,10,27
13:58:09,Partly Cloudy,10,10,27
14:00:09,Partly Cloudy,10,10,27
14:02:09,Partly Cloudy,10,10,27
14:04:09,Partly Cloudy,10,10,27
14:06:09,Partly Cloudy,10,10,27
14:08:08,Partly Cloudy,10,10,27
14:10:09,Partly Cloudy,10,10,27
14:12:08,Partly Cloudy,10,10,27
14:14:09,Partly Cloudy,10,10,32
14:16:09,Partly Cloudy,10,10,32
14:18:09,Partly Cloudy,10,10,32
14:20:09,Partly Cloudy,10,10,32
14:22:08,Partly Cloudy,10,10,32
14:24:09,Partly Cloudy,10,10,32
14:26:08,Partly Cloudy,10,10,32
14:28:08,Partly Cloudy,10,10,32
14:30:09,Partly Cloudy,10,10,32
14:32:08,Partly Cloudy,10,10,32
14:34:09,Partly Cloudy,10,10,32
14:36:09,Partly Cloudy,10,10,32
14:38:09,Partly Cloudy,10,10,32
14:40:09,Partly Cloudy,10,10,32
14:42:09,Partly Cloudy,10,10,32
14:44:08,Partly Cloudy,10,10,28
14:46:09,Partly Cloudy,10,10,28
14:48:08,Partly Cloudy,10,10,28
14:50:09,Partly Cloudy,10,10,28
14:52:09,Partly Cloudy,10,10,28
14:54:09,Partly Cloudy,10,10,28
14:56:09,Partly Cloudy,10,10,28
14:58:09,Partly Cloudy,10,10,28
15:00:08,Partly Cloudy,10,10,28
15:02:09,Partly Cloudy,10,10,28
15:04:09,Partly Cloudy,10,10,28
15:06:08,Partly Cloudy,10,10,28
15:08:08,Partly Cloudy,10,10,28
15:10:09,Partly Cloudy,10,10,28
15:12:09,Partly Cloudy,10,10,28
15:14:09,Partly Cloudy,10,10,32
15:16:09,Partly Cloudy,10,10,32
15:18:09,Partly Cloudy,10,10,32
15:20:09,Partly Cloudy,10,10,32
15:22:09,Partly Cloudy,10,10,32
15:24:09,Partly Cloudy,10,10,32
15:26:08,Partly Cloudy,10,10,32
15:28:09,Partly Cloudy,10,10,32
15:30:08,Partly Cloudy,10,10,32
15:32:09,Partly Cloudy,10,10,32
15:34:09,Partly Cloudy,10,10,32
15:36:08,Partly Cloudy,10,10,32
15:38:09,Partly Cloudy,8,5,32
15:40:09,Partly Cloudy,8,5,32
15:42:09,Partly Cloudy,8,5,32
15:44:09,Partly Cloudy,8,5,32
15:46:08,Partly Cloudy,8,5,32
15:48:09,Partly Cloudy,8,5,32
15:50:09,Partly Cloudy,8,5,32
15:52:08,Partly Cloudy,8,5,32
15:54:09,Partly Cloudy,8,5,32
15:56:09,Partly Cloudy,8,5,32
15:58:08,Partly Cloudy,8,5,32
16:00:09,Partly Cloudy,8,5,32
16:02:09,Partly Cloudy,8,5,32
16:04:08,Partly Cloudy,8,5,32
16:06:09,Partly Cloudy,8,5,32
16:08:09,Partly Cloudy,8,5,32
16:10:08,Partly Cloudy,8,5,32
16:12:09,Partly Cloudy,8,5,32
16:14:09,Partly Cloudy,8,5,28
16:16:09,Partly Cloudy,8,5,28
16:18:09,Partly Cloudy,8,5,28
16:20:08,Partly Cloudy,8,5,28
16:22:09,Partly Cloudy,8,5,28
16:24:09,Partly Cloudy,8,5,28
16:26:08,Partly Cloudy,8,5,28
16:28:09,Partly Cloudy,8,5,28
16:30:09,Partly Cloudy,8,5,28
16:32:09,Partly Cloudy,8,5,28
16:34:08,Partly Cloudy,8,5,28
16:36:09,Partly Cloudy,8,5,28
16:38:09,Partly Cloudy,8,5,28
16:40:08,Partly Cloudy,8,5,28
16:42:09,Partly Cloudy,8,5,28
16:44:09,Partly Cloudy,8,5,24
16:46:08,Partly Cloudy,8,5,24
16:48:09,Partly Cloudy,8,5,24
16:50:09,Partly Cloudy,8,5,24
16:52:09,Partly Cloudy,8,5,24
16:54:09,Partly Cloudy,8,5,24
16:56:08,Partly Cloudy,8,5,24
16:58:09,Partly Cloudy,8,5,24
17:00:09,Partly Cloudy,8,5,24
17:02:08,Partly Cloudy,8,5,24
17:04:09,Partly Cloudy,8,5,24
17:06:09,Partly Cloudy,8,5,24
17:08:09,Partly Cloudy,8,5,24
17:10:08,Partly Cloudy,8,5,24
17:12:09,Partly Cloudy,8,5,24
17:14:09,Partly Cloudy,7,5,19
17:16:09,Partly Cloudy,7,5,19
17:18:09,Partly Cloudy,7,5,19
17:20:08,Partly Cloudy,7,5,19
17:22:09,Partly Cloudy,7,5,19
17:24:09,Partly Cloudy,7,5,19
17:26:08,Partly Cloudy,7,5,19
17:28:09,Partly Cloudy,7,5,19
17:30:09,Partly Cloudy,7,5,19
17:32:09,Partly Cloudy,7,5,19
17:34:09,Partly Cloudy,7,5,19
17:36:08,Partly Cloudy,7,5,19
17:38:09,Partly Cloudy,7,5,19
17:40:09,Partly Cloudy,7,5,19
17:42:09,Partly Cloudy,7,5,19
17:44:09,Partly Cloudy,7,5,19
17:46:09,Partly Cloudy,7,5,19
17:48:08,Partly Cloudy,7,5,19
17:50:09,Partly Cloudy,7,5,19
17:52:08,Partly Cloudy,7,5,19
17:54:08,Partly Cloudy,7,5,19
17:56:09,Partly Cloudy,7,5,19
17:58:09,Partly Cloudy,7,5,19
18:00:08,Partly Cloudy,7,5,19
18:02:09,Partly Cloudy,7,5,19
18:04:09,Partly Cloudy,7,5,19
18:06:09,Partly Cloudy,7,5,19
18:08:09,Partly Cloudy,7,5,19
18:10:08,Partly Cloudy,7,5,19
18:12:09,Partly Cloudy,7,5,19
18:14:08,Partly Cloudy,7,5,19
18:16:09,Partly Cloudy,7,5,19
18:18:09,Partly Cloudy,7,5,19
18:20:09,Partly Cloudy,7,5,19
18:22:09,Partly Cloudy,7,5,19
18:24:08,Partly Cloudy,7,5,19
18:26:09,Partly Cloudy,7,5,19
18:28:08,Partly Cloudy,7,5,19
18:30:09,Partly Cloudy,7,5,19
18:32:09,Partly Cloudy,7,5,19
18:34:08,Partly Cloudy,7,5,19
18:36:09,Partly Cloudy,7,5,19
18:38:08,Partly Cloudy,7,5,19
18:40:09,Partly Cloudy,7,5,19
18:42:09,Partly Cloudy,7,5,19
18:44:08,Partly Cloudy,7,5,19
18:46:09,Partly Cloudy,7,5,19
18:48:09,Partly Cloudy,7,5,19
18:50:09,Partly Cloudy,7,5,19
18:52:08,Partly Cloudy,7,5,19
18:54:09,Partly Cloudy,7,5,19
18:56:09,Partly Cloudy,7,5,19
18:58:08,Partly Cloudy,7,5,19
19:00:09,Partly Cloudy,7,5,19
19:02:09,Partly Cloudy,7,5,19
19:04:09,Partly Cloudy,7,5,19
19:06:09,Partly Cloudy,7,5,19
19:08:09,Partly Cloudy,7,5,19
19:10:08,Partly Cloudy,7,5,19
19:12:09,Partly Cloudy,7,5,19
19:14:09,Partly Cloudy,7,5,19
19:16:08,Partly Cloudy,7,4,12
19:18:09,Partly Cloudy,7,4,12
19:20:08,Partly Cloudy,7,4,12
19:22:09,Partly Cloudy,7,4,12
19:24:09,Partly Cloudy,7,4,12
19:26:08,Partly Cloudy,7,4,12
19:28:09,Partly Cloudy,7,4,12
19:30:09,Partly Cloudy,7,4,12
19:32:08,Partly Cloudy,7,4,12
19:34:09,Partly Cloudy,7,4,12
19:36:08,Partly Cloudy,7,4,12
19:38:09,Partly Cloudy,7,4,12
19:40:09,Partly Cloudy,7,4,12
19:42:08,Partly Cloudy,7,4,12
19:44:09,Partly Cloudy,7,4,12
19:46:09,Partly Cloudy,7,4,12
19:48:08,Partly Cloudy,7,4,12
19:50:09,Partly Cloudy,7,4,12
19:52:09,Partly Cloudy,7,4,12
19:54:09,Partly Cloudy,7,4,12
19:56:09,Partly Cloudy,7,4,12
19:58:08,Partly Cloudy,7,4,12
20:00:09,Partly Cloudy,7,4,12
20:02:08,Partly Cloudy,7,4,12
20:04:09,Partly Cloudy,7,4,12
20:06:08,Partly Cloudy,7,4,12
20:08:09,Partly Cloudy,7,4,12
20:10:08,Partly Cloudy,7,4,12
20:12:09,Partly Cloudy,7,4,12
20:14:09,Partly Cloudy,7,3,20
20:16:08,Partly Cloudy,7,3,20
20:18:09,Partly Cloudy,7,3,20
20:20:09,Partly Cloudy,7,3,20
20:22:08,Partly Cloudy,7,3,20
20:24:09,Partly Cloudy,7,3,20
20:26:08,Partly Cloudy,7,3,20
20:28:09,Partly Cloudy,7,3,20
20:30:09,Partly Cloudy,7,3,20
20:32:09,Partly Cloudy,7,3,20
20:34:09,Partly Cloudy,7,3,20
20:36:09,Partly Cloudy,7,3,20
20:38:09,Partly Cloudy,7,3,20
20:40:09,Partly Cloudy,7,3,20
20:42:08,Partly Cloudy,7,3,20
20:44:09,Partly Cloudy,7,3,20
20:46:09,Partly Cloudy,7,3,20
20:48:09,Partly Cloudy,7,3,20
20:50:08,Partly Cloudy,7,3,20
20:52:09,Partly Cloudy,7,3,20
20:54:08,Partly Cloudy,7,3,20
20:56:09,Partly Cloudy,7,3,20
20:58:08,Partly Cloudy,7,3,20
21:00:08,Partly Cloudy,7,3,20
21:02:09,Partly Cloudy,7,3,20
21:04:08,Partly Cloudy,7,3,20
21:06:09,Partly Cloudy,7,3,20
21:08:08,Partly Cloudy,7,3,20
21:10:09,Partly Cloudy,7,3,20
21:12:09,Partly Cloudy,7,3,20
21:14:08,Fair,7,3,19
21:16:08,Fair,7,3,19
21:18:09,Fair,7,3,19
21:20:08,Fair,7,3,19
21:22:08,Fair,7,3,19
21:24:08,Fair,7,3,19
21:26:09,Fair,7,3,19
21:28:09,Fair,7,3,19
21:30:09,Fair,7,3,19
21:32:09,Fair,7,3,19
21:34:09,Fair,7,3,19
21:36:08,Fair,7,3,19
21:38:08,Fair,7,3,19
21:40:09,Fair,7,3,19
21:42:08,Fair,7,3,19
21:44:09,Fair,7,3,19
21:46:09,Fair,7,3,19
21:48:09,Fair,7,3,19
21:50:09,Fair,7,3,19
21:52:08,Fair,7,3,19
21:54:09,Fair,7,3,19
21:56:09,Fair,7,3,19
21:58:08,Fair,7,3,19
22:00:09,Fair,7,3,19
22:02:08,Fair,7,3,19
22:04:09,Fair,7,3,19
22:06:09,Fair,7,3,19
22:08:09,Fair,7,3,19
22:10:09,Fair,7,3,19
22:12:09,Fair,7,3,19
22:14:09,Fair,7,3,19
22:16:09,Fair,7,3,19
22:18:08,Fair,7,3,19
22:20:09,Partly Cloudy,7,2,27
22:22:08,Partly Cloudy,7,2,27
22:24:09,Partly Cloudy,7,2,27
22:26:09,Partly Cloudy,7,2,27
22:28:08,Partly Cloudy,7,2,27
22:30:09,Partly Cloudy,7,2,27
22:32:09,Partly Cloudy,7,2,27
22:34:09,Partly Cloudy,7,2,27
22:36:09,Partly Cloudy,7,2,27
22:38:08,Partly Cloudy,7,2,27
22:40:09,Partly Cloudy,7,2,27
22:42:08,Partly Cloudy,7,2,27
22:44:09,Partly Cloudy,7,2,27
22:46:09,Partly Cloudy,7,2,27
22:48:09,Partly Cloudy,7,2,27
22:50:09,Partly Cloudy,7,2,27
22:52:08,Partly Cloudy,7,2,27
22:54:09,Partly Cloudy,7,2,27
22:56:09,Partly Cloudy,7,2,27
22:58:09,Partly Cloudy,7,2,27
23:00:08,Partly Cloudy,7,2,27
23:02:09,Partly Cloudy,7,2,27
23:04:09,Partly Cloudy,7,2,27
23:06:09,Partly Cloudy,7,2,27
23:08:09,Mostly Cloudy,7,3,19
23:10:09,Mostly Cloudy,7,3,19
23:12:09,Mostly Cloudy,7,3,19
23:14:09,Mostly Cloudy,7,3,19
23:16:08,Mostly Cloudy,7,3,19
23:18:09,Mostly Cloudy,7,3,19
23:20:08,Mostly Cloudy,7,3,19
23:22:09,Mostly Cloudy,7,3,19
23:24:08,Mostly Cloudy,7,3,19
23:26:09,Mostly Cloudy,7,3,19
23:28:08,Mostly Cloudy,7,3,19
23:30:09,Mostly Cloudy,7,3,19
23:32:08,Mostly Cloudy,7,3,19
23:34:09,Mostly Cloudy,7,3,19
23:36:09,Mostly Cloudy,7,3,19
23:38:08,Mostly Cloudy,7,3,19
23:40:09,Mostly Cloudy,7,3,19
23:42:09,Mostly Cloudy,7,3,19
23:44:08,Mostly Cloudy,7,3,19
23:46:09,Mostly Cloudy,7,3,19
23:48:08,Mostly Cloudy,7,3,19
23:50:09,Mostly Cloudy,7,3,19
23:52:09,Mostly Cloudy,7,3,19
23:54:08,Mostly Cloudy,7,3,19
23:56:09,Mostly Cloudy,7,3,19
23:58:08,Mostly Cloudy,7,3,19
