Time,Weather,Temperature,Feels_Like,Wind_Speed
00:00:09,Mostly Cloudy,11,11,8
00:02:08,Mostly Cloudy,11,11,8
00:04:09,Mostly Cloudy,11,11,8
00:06:09,Mostly Cloudy,11,11,8
00:08:09,Mostly Cloudy,11,11,8
00:10:09,Mostly Cloudy,11,11,8
00:12:09,Mostly Cloudy,11,11,8
00:14:08,Mostly Cloudy,8,7,8
00:16:09,Mostly Cloudy,8,7,8
00:18:09,Mostly Cloudy,8,7,8
00:20:08,Mostly Cloudy,8,7,8
00:22:09,Mostly Cloudy,8,7,8
00:24:09,Mostly Cloudy,8,7,8
00:26:09,Mostly Cloudy,8,7,8
00:28:08,Mostly Cloudy,8,7,8
00:30:09,Mostly Cloudy,8,7,8
00:32:09,Mostly Cloudy,8,7,8
00:34:09,Mostly Cloudy,8,7,8
00:36:08,Mostly Cloudy,8,7,8
00:38:08,Mostly Cloudy,8,7,8
00:40:09,Mostly Cloudy,8,7,8
00:42:08,Mostly Cloudy,8,7,8
00:44:08,Mostly Cloudy,8,7,8
00:46:09,Mostly Cloudy,8,7,8
00:48:09,Mostly Cloudy,8,7,8
00:50:09,Mostly Cloudy,8,7,8
00:52:08,Mostly Cloudy,8,7,8
00:54:09,Mostly Cloudy,8,7,8
00:56:09,Mostly Cloudy,8,7,8
00:58:09,Mostly Cloudy,8,7,8
01:00:16,Mostly Cloudy,8,7,8
01:02:09,Mostly Cloudy,8,7,8
01:04:09,Mostly Cloudy,8,7,8
01:06:08,Mostly Cloudy,8,7,8
01:08:09,Mostly Cloudy,8,7,8
01:10:09,Mostly Cloudy,8,7,8
01:12:08,Mostly Cloudy,8,7,8
01:14:09,Mostly Cloudy,10,10,1
01:16:09,Mostly Cloudy,10,10,1
01:18:09,Mostly Cloudy,10,10,1
01:20:09,Mostly Cloudy,10,10,1
01:22:09,Mostly Cloudy,10,10,1
01:24:08,Mostly Cloudy,10,10,1
01:26:09,Mostly Cloudy,10,10,1
01:28:09,Mostly Cloudy,10,10,1
01:30:08,Mostly Cloudy,10,10,1
01:32:09,Mostly Cloudy,10,10,1
01:34:09,Mostly Cloudy,10,10,1
01:36:08,Mostly Cloudy,10,10,1
01:38:08,Mostly Cloudy,10,10,1
01:40:09,Mostly Cloudy,10,10,1
01:42:09,Mostly Cloudy,10,10,1
01:44:09,Mostly Cloudy,10,10,1
01:46:09,Mostly Cloudy,10,10,1
01:48:09,Mostly Cloudy,10,10,1
01:50:09,Mostly Cloudy,10,10,1
01:52:08,Mostly Cloudy,10,10,1
01:54:09,Mostly Cloudy,10,10,1
01:56:09,Mostly Cloudy,10,10,1
01:58:08,Mostly Cloudy,10,10,1
02:00:09,Mostly Cloudy,10,10,1
02:02:09,Mostly Cloudy,10,10,1
02:04:09,Mostly Cloudy,10,10,1
02:06:08,Mostly Cloudy,10,10,1
02:08:09,Mostly Cloudy,10,10,1
02:10:09,Mostly Cloudy,10,10,1
02:12:08,Mostly Cloudy,10,10,1
02:14:08,Mostly Cloudy,8,8,calm
02:16:09,Mostly Cloudy,8,8,calm
02:18:08,Mostly Cloudy,8,8,calm
02:20:09,Mostly Cloudy,8,8,calm
02:22:09,Mostly Cloudy,8,8,calm
02:24:08,Mostly Cloudy,8,8,calm
02:26:08,Mostly Cloudy,8,8,calm
02:28:09,Mostly Cloudy,8,8,calm
02:30:09,Mostly Cloudy,8,8,calm
02:32:09,Mostly Cloudy,8,8,calm
02:34:08,Mostly Cloudy,8,8,calm
02:36:09,Mostly Cloudy,8,8,calm
02:38:09,Mostly Cloudy,8,8,calm
02:40:08,Mostly Cloudy,8,8,calm
02:42:09,Mostly Cloudy,8,8,calm
02:44:09,Mostly Cloudy,8,8,calm
02:46:08,Mostly Cloudy,8,8,calm
02:48:09,Mostly Cloudy,8,8,calm
02:50:09,Mostly Cloudy,8,8,calm
02:52:09,Mostly Cloudy,8,8,calm
02:54:08,Mostly Cloudy,8,8,calm
02:56:09,Mostly Cloudy,8,8,calm
02:58:09,Mostly Cloudy,8,8,calm
03:00:08,Mostly Cloudy,8,8,calm
03:02:09,Mostly Cloudy,8,8,calm
03:04:09,Mostly Cloudy,8,8,calm
03:06:08,Mostly Cloudy,8,8,calm
03:08:09,Mostly Cloudy,8,8,calm
03:10:09,Mostly Cloudy,8,8,calm
03:12:08,Mostly Cloudy,8,8,calm
03:14:09,Partly Cloudy,10,10,calm
03:16:09,Partly Cloudy,10,10,calm
03:18:09,Partly Cloudy,10,10,calm
03:20:09,Partly Cloudy,10,10,calm
03:22:09,Partly Cloudy,10,10,calm
03:24:09,Partly Cloudy,10,10,calm
03:26:09,Partly Cloudy,10,10,calm
03:28:09,Partly Cloudy,10,10,calm
03:30:08,Partly Cloudy,10,10,calm
03:32:08,Partly Cloudy,10,10,calm
03:34:09,Partly Cloudy,10,10,calm
03:36:08,Partly Cloudy,10,10,calm
03:38:09,Partly Cloudy,10,10,calm
03:40:09,Partly Cloudy,10,10,calm
03:42:08,Partly Cloudy,10,10,calm
03:44:09,Partly Cloudy,10,10,calm
03:46:09,Partly Cloudy,10,10,calm
03:48:08,Partly Cloudy,10,10,calm
03:50:08,Partly Cloudy,10,10,calm
03:52:09,Partly Cloudy,10,10,calm
03:54:09,Partly Cloudy,10,10,calm
03:56:09,Partly Cloudy,10,10,calm
03:58:09,Partly Cloudy,10,10,calm
04:00:08,Partly Cloudy,10,10,calm
04:02:09,Partly Cloudy,10,10,calm
04:04:09,Partly Cloudy,10,10,calm
04:06:09,Partly Cloudy,10,10,calm
04:08:08,Partly Cloudy,6,6,3
04:10:09,Partly Cloudy,6,6,3
04:12:09,Partly Cloudy,6,6,3
04:14:08,Partly Cloudy,6,6,3
04:16:09,Partly Cloudy,6,6,3
04:18:09,Partly Cloudy,6,6,3
04:20:09,Partly Cloudy,6,6,3
04:22:09,Partly Cloudy,6,6,3
04:24:08,Partly Cloudy,6,6,3
04:26:09,Partly Cloudy,6,6,3
04:28:09,Partly Cloudy,6,6,3
04:30:08,Partly Cloudy,6,6,3
04:32:08,Partly Cloudy,6,6,3
04:34:09,Partly Cloudy,6,6,3
04:36:09,Partly Cloudy,6,6,3
04:38:08,Partly Cloudy,6,6,3
04:40:09,Partly Cloudy,6,6,3
04:42:09,Partly Cloudy,6,6,3
04:44:08,Partly Cloudy,6,6,3
04:46:08,Partly Cloudy,6,6,3
04:48:09,Partly Cloudy,6,6,3
04:50:09,Partly Cloudy,6,6,3
04:52:08,Partly Cloudy,6,6,3
04:54:09,Partly Cloudy,6,6,3
04:56:09,Partly Cloudy,6,6,3
04:58:08,Partly Cloudy,6,6,3
05:00:09,Partly Cloudy,6,6,3
05:02:09,Partly Cloudy,6,6,3
05:04:08,Partly Cloudy,6,6,3
05:06:08,Partly Cloudy,6,6,3
05:08:09,Partly Cloudy,6,6,3
05:10:09,Partly Cloudy,6,6,3
05:12:08,Partly Cloudy,6,6,3
05:14:09,Partly Cloudy,7,7,3
05:16:09,Partly Cloudy,7,7,3
05:18:08,Partly Cloudy,7,7,3
05:20:09,Partly Cloudy,7,7,3
05:22:09,Partly Cloudy,7,7,3
05:24:08,Partly Cloudy,7,7,3
05:26:08,Partly Cloudy,7,7,3
05:28:09,Partly Cloudy,7,7,3
05:30:09,Partly Cloudy,7,7,3
05:32:08,Partly Cloudy,7,7,3
05:34:09,Partly Cloudy,7,7,3
05:36:09,Partly Cloudy,7,7,3
05:38:09,Partly Cloudy,7,7,3
05:40:08,Partly Cloudy,7,7,3
05:42:09,Partly Cloudy,7,7,3
05:44:09,Partly Cloudy,7,7,3
05:46:08,Partly Cloudy,7,7,3
05:48:09,Partly Cloudy,7,7,3
05:50:09,Partly Cloudy,7,7,3
05:52:08,Partly Cloudy,7,7,3
05:54:09,Partly Cloudy,7,7,3
05:56:09,Partly Cloudy,7,7,3
05:58:09,Partly Cloudy,7,7,3
06:00:09,Partly Cloudy,7,7,3
06:02:09,Partly Cloudy,7,7,3
06:04:08,Partly Cloudy,7,7,3
06:06:09,Partly Cloudy,7,7,3
06:08:08,Partly Cloudy,7,7,3
06:10:09,Partly Cloudy,7,7,3
06:12:09,Partly Cloudy,12,12,calm
06:14:08,Partly Cloudy,12,12,calm
06:16:09,Partly Cloudy,12,12,calm
06:18:09,Partly Cloudy,12,12,calm
06:20:09,Partly Cloudy,12,12,calm
06:22:09,Partly Cloudy,12,12,calm
06:24:09,Partly Cloudy,12,12,calm
06:26:09,Partly Cloudy,12,12,calm
06:28:08,Partly Cloudy,12,12,calm
06:30:08,Partly Cloudy,12,12,calm
06:32:09,Partly Cloudy,12,12,calm
06:34:08,Partly Cloudy,12,12,calm
06:36:08,Partly Cloudy,12,12,calm
06:38:09,Partly Cloudy,12,12,calm
06:40:09,Partly Cloudy,12,12,calm
06:42:08,Partly Cloudy,12,12,calm
06:44:09,Partly Cloudy,12,12,calm
06:46:09,Partly Cloudy,12,12,calm
06:48:09,Partly Cloudy,12,12,calm
06:50:08,Partly Cloudy,12,12,calm
06:52:08,Partly Cloudy,12,12,calm
06:54:09,Partly Cloudy,12,12,calm
06:56:09,Partly Cloudy,12,12,calm
06:58:08,Partly Cloudy,12,12,calm
07:00:09,Partly Cloudy,12,12,calm
07:02:09,Partly Cloudy,12,12,calm
07:04:09,Partly Cloudy,12,12,calm
07:06:08,Partly Cloudy,12,12,calm
07:08:09,Partly Cloudy,12,12,calm
07:10:09,Partly Cloudy,12,12,calm
07:12:09,Partly Cloudy,12,12,calm
07:14:08,Partly Cloudy,12,12,calm
07:16:09,Partly Cloudy,12,12,calm
07:18:09,Mostly Cloudy,12,12,3
07:20:08,Mostly Cloudy,12,12,3
07:22:08,Mostly Cloudy,12,12,3
07:24:09,Mostly Cloudy,12,12,3
07:26:09,Mostly Cloudy,12,12,3
07:28:08,Mostly Cloudy,12,12,3
07:30:09,Mostly Cloudy,12,12,3
07:32:09,Mostly Cloudy,12,12,3
07:34:08,Mostly Cloudy,12,12,3
07:36:08,Mostly Cloudy,12,12,3
07:38:09,Mostly Cloudy,12,12,3
07:40:09,Mostly Cloudy,12,12,3
07:42:08,Mostly Cloudy,12,12,3
07:44:08,Mostly Cloudy,12,12,3
07:46:09,Mostly Cloudy,12,12,3
07:48:09,Mostly Cloudy,12,12,1
07:50:08,Mostly Cloudy,12,12,1
07:52:09,Mostly Cloudy,12,12,1
07:54:08,Mostly Cloudy,12,12,1
07:56:09,Mostly Cloudy,12,12,1
07:58:09,Mostly Cloudy,12,12,1
08:00:08,Mostly Cloudy,12,12,1
08:02:09,Mostly Cloudy,12,12,1
08:04:08,Mostly Cloudy,12,12,1
08:06:08,Mostly Cloudy,12,12,1
08:08:09,Mostly Cloudy,12,12,1
08:10:09,Mostly Cloudy,12,12,1
08:12:08,Mostly Cloudy,12,12,1
08:14:08,Mostly Cloudy,12,12,1
08:16:09,Mostly Cloudy,12,12,1
08:18:09,Mostly Cloudy,12,12,3
08:20:08,Mostly Cloudy,12,12,3
08:22:09,Mostly Cloudy,12,12,3
08:24:09,Mostly Cloudy,12,12,3
08:26:09,Mostly Cloudy,12,12,3
08:28:09,Mostly Cloudy,12,12,3
08:30:09,Mostly Cloudy,12,12,3
08:32:08,Mostly Cloudy,12,12,3
08:34:09,Mostly Cloudy,12,12,3
08:36:09,Mostly Cloudy,12,12,3
08:38:08,Mostly Cloudy,12,12,3
08:40:09,Mostly Cloudy,12,12,3
08:42:09,Mostly Cloudy,13,13,3
08:44:09,Mostly Cloudy,13,13,3
08:46:09,Mostly Cloudy,13,13,3
08:48:09,Mostly Cloudy,13,13,3
08:50:08,Mostly Cloudy,13,13,3
08:52:09,Mostly Cloudy,13,13,3
08:54:09,Mostly Cloudy,13,13,3
08:56:09,Mostly Cloudy,13,13,3
08:58:08,Mostly Cloudy,13,13,3
09:00:09,Mostly Cloudy,13,13,3
09:02:09,Mostly Cloudy,13,13,3
09:04:08,Mostly Cloudy,13,13,3
09:06:09,Mostly Cloudy,13,13,3
09:08:09,Mostly Cloudy,13,13,3
09:10:08,Mostly Cloudy,13,13,3
09:12:09,Mostly Cloudy,13,13,3
09:14:09,Mostly Cloudy,13,13,3
09:16:08,Mostly Cloudy,13,13,3
09:18:08,Mostly Cloudy,13,13,3
09:20:09,Mostly Cloudy,13,13,3
09:22:09,Mostly Cloudy,13,13,3
09:24:08,Mostly Cloudy,13,13,3
09:26:09,Mostly Cloudy,13,13,3
09:28:09,Mostly Cloudy,13,13,3
09:30:08,Mostly Cloudy,13,13,3
09:32:09,Mostly Cloudy,13,13,3
09:34:08,Mostly Cloudy,13,13,3
09:36:09,Mostly Cloudy,13,13,3
09:38:09,Mostly Cloudy,13,13,3
09:40:09,Mostly Cloudy,13,13,3
09:42:09,Mostly Cloudy,15,15,4
09:44:09,Mostly Cloudy,15,15,4
09:46:09,Mostly Cloudy,15,15,4
09:48:09,Mostly Cloudy,15,15,4
09:50:08,Mostly Cloudy,15,15,4
09:52:09,Mostly Cloudy,15,15,4
09:54:09,Mostly Cloudy,15,15,4
09:56:09,Mostly Cloudy,15,15,4
09:58:08,Mostly Cloudy,15,15,4
10:00:09,Mostly Cloudy,15,15,4
10:02:09,Mostly Cloudy,15,15,4
10:04:08,Mostly Cloudy,15,15,4
10:06:09,Mostly Cloudy,15,15,4
10:08:09,Mostly Cloudy,15,15,4
10:10:09,Mostly Cloudy,15,15,4
10:12:09,Mostly Cloudy,15,15,4
10:14:08,Mostly Cloudy,15,15,4
10:16:09,Mostly Cloudy,15,15,4
10:18:09,Mostly Cloudy,15,15,4
10:20:09,Mostly Cloudy,15,15,4
10:22:09,Mostly Cloudy,15,15,4
10:24:08,Mostly Cloudy,15,15,4
10:26:09,Mostly Cloudy,15,15,4
10:28:09,Mostly Cloudy,15,15,4
10:30:09,Mostly Cloudy,15,15,4
10:32:08,Mostly Cloudy,15,15,4
10:34:09,Mostly Cloudy,15,15,4
10:36:09,Mostly Cloudy,15,15,4
10:38:08,Mostly Cloudy,15,15,4
10:40:08,Mostly Cloudy,15,15,4
10:42:09,Mostly Cloudy,16,16,3
10:44:09,Mostly Cloudy,16,16,3
10:46:09,Mostly Cloudy,16,16,3
10:48:08,Mostly Cloudy,16,16,3
10:50:09,Mostly Cloudy,16,16,3
10:52:08,Mostly Cloudy,16,16,3
10:54:09,Mostly Cloudy,16,16,3
10:56:08,Mostly Cloudy,16,16,3
10:58:08,Mostly Cloudy,16,16,3
11:00:09,Mostly Cloudy,16,16,3
11:02:09,Mostly Cloudy,16,16,3
11:04:09,Mostly Cloudy,16,16,3
11:06:09,Mostly Cloudy,16,16,3
11:08:09,Mostly Cloudy,16,16,3
11:10:09,Mostly Cloudy,16,16,3
11:12:09,Mostly Cloudy,16,16,9
11:14:09,Mostly Cloudy,16,16,9
11:16:09,Mostly Cloudy,16,16,9
11:18:09,Mostly Cloudy,16,16,9
11:20:09,Mostly Cloudy,16,16,9
11:22:08,Mostly Cloudy,16,16,9
11:24:09,Mostly Cloudy,16,16,9
11:26:09,Mostly Cloudy,16,16,9
11:28:09,Mostly Cloudy,16,16,9
11:30:09,Mostly Cloudy,16,16,9
11:32:09,Mostly Cloudy,16,16,9
11:34:09,Mostly Cloudy,16,16,9
11:36:09,Mostly Cloudy,16,16,9
11:38:08,Mostly Cloudy,16,16,9
11:40:09,Mostly Cloudy,16,16,9
11:42:09,Mostly Cloudy,16,16,14
11:44:09,Mostly Cloudy,16,16,14
11:46:08,Mostly Cloudy,16,16,14
11:48:08,Mostly Cloudy,16,16,14
11:50:09,Mostly Cloudy,16,16,14
11:52:09,Mostly Cloudy,16,16,14
11:54:09,Mostly Cloudy,16,16,14
11:56:09,Mostly Cloudy,16,16,14
11:58:09,Mostly Cloudy,16,16,14
12:00:09,Mostly Cloudy,16,16,14
12:02:09,Mostly Cloudy,16,16,14
12:04:09,Mostly Cloudy,16,16,14
12:06:08,Mostly Cloudy,16,16,14
12:08:09,Mostly Cloudy,16,16,14
12:10:09,Mostly Cloudy,16,16,14
12:12:09,Mostly Cloudy,16,16,14
12:14:08,Mostly Cloudy,16,16,14
12:16:09,Mostly Cloudy,16,16,14
12:18:09,Cloudy,15,15,14
12:20:08,Cloudy,15,15,14
12:22:09,Cloudy,15,15,14
12:24:09,Cloudy,15,15,14
12:26:09,Cloudy,15,15,14
12:28:08,Cloudy,15,15,14
12:30:08,Cloudy,15,15,14
12:32:09,Cloudy,15,15,14
12:34:09,Cloudy,15,15,14
12:36:08,Cloudy,15,15,14
12:38:09,Cloudy,15,15,14
12:40:09,Cloudy,15,15,14
12:42:09,Cloudy,16,16,14
12:44:09,Cloudy,16,16,14
12:46:08,Cloudy,16,16,14
12:48:09,Cloudy,16,16,14
12:50:09,Cloudy,16,16,14
12:52:09,Cloudy,16,16,14
12:54:09,Cloudy,16,16,14
12:56:09,Cloudy,16,16,14
12:58:09,Cloudy,16,16,14
13:00:09,Cloudy,16,16,14
13:02:08,Cloudy,16,16,14
13:04:09,Cloudy,16,16,14
13:06:09,Cloudy,16,16,14
13:08:08,Cloudy,16,16,14
13:10:09,Cloudy,16,16,14
13:12:09,Cloudy,16,16,14
13:14:08,Cloudy,16,16,14
13:16:08,Cloudy,16,16,14
13:18:09,Cloudy,16,16,14
13:20:08,Cloudy,16,16,14
13:22:09,Cloudy,15,15,12
13:24:09,Cloudy,15,15,12
13:26:08,Cloudy,15,15,12
13:28:08,Cloudy,15,15,12
13:30:09,Cloudy,15,15,12
13:32:09,Cloudy,15,15,12
13:34:09,Cloudy,15,15,12
13:36:08,Cloudy,15,15,12
13:38:09,Cloudy,15,15,12
13:40:09,Mostly Cloudy,15,15,16
13:42:08,Mostly Cloudy,15,15,16
13:44:08,Mostly Cloudy,15,15,16
13:46:09,Mostly Cloudy,15,15,16
13:48:09,Mostly Cloudy,15,15,16
13:50:08,Mostly Cloudy,15,15,16
13:52:08,Mostly Cloudy,15,15,16
13:54:09,Mostly Cloudy,15,15,16
13:56:09,Mostly Cloudy,15,15,16
13:58:09,Mostly Cloudy,15,15,16
14:00:08,Mostly Cloudy,15,15,16
14:02:09,Mostly Cloudy,15,15,16
14:04:09,Mostly Cloudy,15,15,16
14:06:08,Mostly Cloudy,15,15,16
14:08:09,Mostly Cloudy,15,15,16
14:10:09,Mostly Cloudy,15,15,16
14:12:09,Mostly Cloudy,15,15,16
14:14:08,Mostly Cloudy,15,15,16
14:16:09,Mostly Cloudy,15,15,16
14:18:09,Mostly Cloudy,13,13,16
14:20:08,Mostly Cloudy,13,13,16
14:22:09,Mostly Cloudy,13,13,16
14:24:09,Mostly Cloudy,13,13,16
14:26:08,Mostly Cloudy,13,13,16
14:28:08,Mostly Cloudy,13,13,16
14:30:09,Mostly Cloudy,13,13,16
14:32:09,Mostly Cloudy,13,13,16
14:34:08,Mostly Cloudy,13,13,16
14:36:09,Mostly Cloudy,13,13,16
14:38:09,Mostly Cloudy,13,13,16
14:40:09,Mostly Cloudy,13,13,16
14:42:09,Mostly Cloudy,13,13,16
14:44:09,Mostly Cloudy,13,13,16
14:46:08,Mostly Cloudy,13,13,16
14:48:08,Mostly Cloudy,13,13,16
14:50:09,Mostly Cloudy,13,13,16
14:52:08,Mostly Cloudy,13,13,16
14:54:08,Mostly Cloudy,13,13,16
14:56:09,Mostly Cloudy,13,13,16
14:58:09,Mostly Cloudy,13,13,16
15:00:09,Mostly Cloudy,13,13,16
15:02:09,Mostly Cloudy,13,13,16
15:04:09,Mostly Cloudy,13,13,16
15:06:09,Mostly Cloudy,13,13,16
15:08:08,Mostly Cloudy,13,13,16
15:10:09,Mostly Cloudy,13,13,16
15:12:09,Mostly Cloudy,13,13,16
15:14:08,Mostly Cloudy,13,13,16
15:16:09,Mostly Cloudy,13,13,16
15:18:09,Light Rain,12,12,14
15:20:08,Light Rain,12,12,14
15:22:08,Light Rain,12,12,14
15:24:09,Light Rain,12,12,14
15:26:08,Light Rain,12,12,14
15:28:09,Light Rain,12,12,14
15:30:09,Light Rain,12,12,14
15:32:08,Light Rain,12,12,14
15:34:09,Light Rain,12,12,14
15:36:09,Light Rain,12,12,14
15:38:08,Light Rain,12,12,14
15:40:09,Light Rain,12,12,14
15:42:09,Mostly Cloudy,12,12,19
15:44:08,Mostly Cloudy,12,12,19
15:46:08,Mostly Cloudy,12,12,19
15:48:09,Mostly Cloudy,12,12,19
15:50:08,Mostly Cloudy,12,12,19
15:52:09,Mostly Cloudy,12,12,19
15:54:09,Mostly Cloudy,12,12,19
15:56:09,Mostly Cloudy,12,12,19
15:58:08,Mostly Cloudy,12,12,19
16:00:09,Mostly Cloudy,12,12,19
16:02:09,Mostly Cloudy,12,12,19
16:04:09,Mostly Cloudy,12,12,19
16:06:08,Mostly Cloudy,12,12,19
16:08:09,Mostly Cloudy,12,12,19
16:10:09,Mostly Cloudy,12,12,19
16:12:09,Mostly Cloudy,12,12,16
16:14:09,Mostly Cloudy,12,12,16
16:16:09,Mostly Cloudy,12,12,16
16:18:08,Mostly Cloudy,12,12,16
16:20:09,Mostly Cloudy,12,12,16
16:22:09,Mostly Cloudy,12,12,16
16:24:08,Mostly Cloudy,12,12,16
16:26:09,Mostly Cloudy,12,12,16
16:28:09,Mostly Cloudy,12,12,16
16:30:09,Mostly Cloudy,12,12,16
16:32:08,Mostly Cloudy,12,12,16
16:34:08,Mostly Cloudy,12,12,16
16:36:09,Mostly Cloudy,12,12,16
16:38:08,Mostly Cloudy,12,12,16
16:40:09,Mostly Cloudy,12,12,16
16:42:09,Mostly Cloudy,12,12,16
16:44:09,Mostly Cloudy,12,12,16
16:46:09,Mostly Cloudy,12,12,16
16:48:09,Mostly Cloudy,12,12,16
16:50:09,Mostly Cloudy,12,12,16
16:52:08,Mostly Cloudy,12,12,16
16:54:08,Mostly Cloudy,12,12,16
16:56:09,Mostly Cloudy,12,12,16
16:58:09,Mostly Cloudy,12,12,16
17:00:08,Mostly Cloudy,12,12,16
17:02:09,Mostly Cloudy,12,12,16
17:04:09,Mostly Cloudy,12,12,16
17:06:09,Mostly Cloudy,12,12,16
17:08:08,Mostly Cloudy,12,12,16
17:10:09,Mostly Cloudy,12,12,16
17:12:09,Mostly Cloudy,12,12,16
17:14:09,Mostly Cloudy,12,12,16
17:16:08,Mostly Cloudy,12,12,16
17:18:09,Mostly Cloudy,12,12,19
17:20:09,Mostly Cloudy,12,12,19
17:22:09,Mostly Cloudy,12,12,19
17:24:09,Mostly Cloudy,12,12,19
17:26:09,Mostly Cloudy,12,12,19
17:28:09,Mostly Cloudy,12,12,19
17:30:09,Mostly Cloudy,12,12,19
17:32:09,Mostly Cloudy,12,12,19
17:34:09,Mostly Cloudy,12,12,19
17:36:08,Mostly Cloudy,12,12,19
17:38:08,Mostly Cloudy,12,12,19
17:40:09,Mostly Cloudy,12,12,19
17:42:09,Mostly Cloudy,12,12,19
17:44:08,Mostly Cloudy,12,12,19
17:46:09,Mostly Cloudy,12,12,19
17:48:09,Mostly Cloudy,12,12,19
17:50:09,Mostly Cloudy,12,12,19
17:52:08,Mostly Cloudy,12,12,19
17:54:08,Mostly Cloudy,12,12,19
17:56:09,Mostly Cloudy,12,12,19
17:58:09,Mostly Cloudy,12,12,19
18:00:08,Mostly Cloudy,12,12,19
18:02:09,Mostly Cloudy,12,12,19
18:04:09,Mostly Cloudy,12,12,19
18:06:09,Mostly Cloudy,12,12,19
18:08:09,Mostly Cloudy,12,12,19
18:10:09,Mostly Cloudy,12,12,19
18:12:09,Mostly Cloudy,12,12,16
18:14:08,Mostly Cloudy,12,12,16
18:16:09,Mostly Cloudy,12,12,16
18:18:09,Mostly Cloudy,12,12,16
18:20:09,Mostly Cloudy,12,12,16
18:22:09,Mostly Cloudy,12,12,16
18:24:09,Mostly Cloudy,12,12,16
18:26:08,Mostly Cloudy,12,12,16
18:28:09,Mostly Cloudy,12,12,16
18:30:09,Mostly Cloudy,12,12,16
18:32:09,Mostly Cloudy,12,12,16
18:34:08,Mostly Cloudy,12,12,16
18:36:09,Mostly Cloudy,12,12,16
18:38:08,Mostly Cloudy,12,12,16
18:40:09,Mostly Cloudy,12,12,16
18:42:09,Mostly Cloudy,12,12,16
18:44:09,Mostly Cloudy,12,12,16
18:46:08,Mostly Cloudy,12,12,16
18:48:09,Mostly Cloudy,12,12,16
18:50:09,Mostly Cloudy,12,12,16
18:52:08,Mostly Cloudy,12,12,16
18:54:09,Mostly Cloudy,12,12,16
18:56:09,Mostly Cloudy,12,12,16
18:58:09,Mostly Cloudy,12,12,16
19:00:09,Mostly Cloudy,12,12,16
19:02:08,Mostly Cloudy,12,12,16
19:04:09,Mostly Cloudy,12,12,16
19:06:09,Mostly Cloudy,12,12,16
19:08:09,Mostly Cloudy,12,12,16
19:10:09,Mostly Cloudy,12,12,16
19:12:08,Light Rain,12,12,14
19:14:09,Light Rain,12,12,14
19:16:08,Light Rain,12,12,14
19:18:09,Light Rain,12,12,14
19:20:09,Light Rain,12,12,14
19:22:08,Light Rain,12,12,14
19:24:09,Light Rain,12,12,14
19:26:09,Light Rain,12,12,14
19:28:08,Light Rain,12,12,14
19:30:09,Light Rain,12,12,14
19:32:08,Light Rain,12,12,14
19:34:09,Light Rain,12,12,14
19:36:09,Light Rain,12,12,14
19:38:08,Light Rain,12,12,14
19:40:08,Light Rain,12,12,14
19:42:09,Light Rain,12,12,14
19:44:08,Light Rain,12,12,14
19:46:08,Light Rain,12,12,14
19:48:09,Light Rain,12,12,14
19:50:09,Light Rain,12,12,14
19:52:08,Light Rain,12,12,14
19:54:09,Light Rain,12,12,14
19:56:09,Light Rain,12,12,14
19:58:09,Light Rain,12,12,14
20:00:09,Light Rain,12,12,14
20:02:08,Light Rain,12,12,14
20:04:09,Light Rain,12,12,14
20:06:09,Light Rain,12,12,14
20:08:08,Light Rain,12,12,14
20:10:09,Light Rain,12,12,14
20:12:09,Light Rain,12,12,14
20:14:09,Rain,11,11,11
20:16:09,Rain,11,11,11
20:18:09,Rain,11,11,11
20:20:09,Rain,11,11,11
20:22:08,Rain,11,11,11
20:24:09,Rain,11,11,11
20:26:09,Rain,11,11,11
20:28:09,Rain,11,11,11
20:30:09,Rain,11,11,11
20:32:08,Rain,11,11,11
20:34:09,Rain,11,11,11
20:36:09,Rain,11,11,11
20:38:09,Rain,11,11,11
20:40:09,Rain,11,11,11
20:42:09,Rain,11,11,11
20:44:09,Rain,11,11,11
20:46:09,Rain,11,11,11
20:48:09,Rain,11,11,11
20:50:08,Rain,11,11,11
20:52:09,Rain,11,11,11
20:54:09,Rain,11,11,11
21:02:08,Rain,11,11,11
21:04:09,Rain,11,11,11
21:06:09,Rain,11,11,11
21:14:09,Rain,11,11,11
21:16:08,Rain,11,11,11
21:18:09,Rain,11,11,11
21:26:09,Rain,11,11,12
21:28:09,Rain,11,11,12
21:30:08,Rain,11,11,12
21:32:09,Rain,11,11,12
21:34:08,Rain,11,11,12
21:36:09,Rain,11,11,12
21:38:09,Rain,11,11,12
21:40:08,Rain,11,11,12
21:42:08,Rain,11,11,12
21:50:08,Rain,11,11,12
21:52:09,Rain,11,11,12
21:54:09,Rain,11,11,12
21:56:09,Rain,11,11,12
21:58:09,Rain,11,11,12
22:00:09,Rain,11,11,12
22:02:08,Rain,11,11,12
22:04:09,Rain,11,11,12
22:06:09,Rain,11,11,12
22:08:09,Rain,11,11,12
22:10:08,Rain,11,11,12
22:12:09,Rain,11,11,12
22:14:09,Light Rain,11,11,19
22:16:09,Light Rain,11,11,19
22:18:09,Light Rain,11,11,19
22:20:09,Light Rain,11,11,19
22:22:09,Light Rain,11,11,19
22:24:08,Light Rain,11,11,19
22:26:09,Light Rain,11,11,19
22:28:09,Light Rain,11,11,19
22:30:08,Light Rain,11,11,19
22:32:09,Light Rain,11,11,19
22:34:09,Light Rain,11,11,19
22:36:08,Light Rain,11,11,19
22:38:09,Light Rain,11,11,19
22:40:09,Light Rain,11,11,19
22:42:08,Light Rain,11,11,19
22:44:09,Light Rain,11,11,19
22:46:09,Light Rain,11,11,19
22:48:08,Light Rain,11,11,19
22:50:08,Light Rain,11,11,19
22:52:09,Light Rain,11,11,19
22:54:08,Light Rain,11,11,19
22:56:08,Light Rain,11,11,19
22:58:09,Light Rain,11,11,19
23:00:09,Light Rain,11,11,19
23:02:08,Light Rain,11,11,19
23:04:09,Light Rain,11,11,19
23:06:09,Light Rain,11,11,19
23:08:08,Light Rain,11,11,19
23:10:09,Light Rain,11,11,19
23:12:09,Light Rain,11,11,19
23:14:09,Light Rain,11,11,11
23:16:08,Light Rain,11,11,11
23:18:09,Light Rain,11,11,11
23:20:09,Light Rain,11,11,11
23:22:08,Light Rain,11,11,11
23:24:09,Light Rain,11,11,11
23:26:09,Light Rain,11,11,11
23:28:09,Light Rain,11,11,11
23:30:08,Light Rain,11,11,11
23:32:09,Light Rain,11,11,11
23:34:09,Light Rain,11,11,11
23:36:08,Light Rain,11,11,11
23:38:09,Light Rain,11,11,11
23:40:09,Light Rain,11,11,11
23:42:09,Light Rain,11,11,11
23:44:08,Light Rain,11,11,11
23:46:09,Light Rain,11,11,11
23:48:09,Light Rain,11,11,11
23:50:09,Light Rain,11,11,11
23:52:09,Light Rain,11,11,11
23:54:09,Light Rain,11,11,11
23:56:09,Light Rain,11,11,11
23:58:08,Light Rain,11,11,11
