Time,Weather,Temperature,Feels_Like,Wind_Speed
00:00:08,Mostly Cloudy,12,12,20
00:02:08,Mostly Cloudy,12,12,20
00:04:09,Mostly Cloudy,12,12,20
00:06:09,Mostly Cloudy,12,12,20
00:08:09,Mostly Cloudy,12,12,20
00:10:08,Mostly Cloudy,12,12,20
00:12:09,Mostly Cloudy,12,12,20
00:14:09,Mostly Cloudy,11,11,14
00:16:09,Mostly Cloudy,11,11,14
00:18:08,Mostly Cloudy,11,11,14
00:20:09,Mostly Cloudy,11,11,14
00:22:09,Mostly Cloudy,11,11,14
00:24:08,Mostly Cloudy,11,11,14
00:26:08,Mostly Cloudy,11,11,14
00:28:09,Mostly Cloudy,11,11,14
00:30:09,Mostly Cloudy,11,11,14
00:32:09,Mostly Cloudy,11,11,14
00:34:09,Mostly Cloudy,11,11,14
00:36:08,Mostly Cloudy,11,11,14
00:38:08,Mostly Cloudy,11,11,14
00:40:09,Mostly Cloudy,11,11,14
00:42:09,Mostly Cloudy,11,11,14
00:44:09,Mostly Cloudy,11,11,14
00:46:08,Mostly Cloudy,11,11,14
00:48:09,Mostly Cloudy,11,11,14
00:50:09,Mostly Cloudy,11,11,14
00:52:08,Mostly Cloudy,11,11,14
00:54:08,Mostly Cloudy,11,11,14
00:56:08,Mostly Cloudy,11,11,14
00:58:09,Mostly Cloudy,11,11,14
01:00:17,Mostly Cloudy,11,11,14
01:02:09,Mostly Cloudy,11,11,14
01:04:09,Mostly Cloudy,11,11,14
01:06:09,Mostly Cloudy,11,11,14
01:08:09,Mostly Cloudy,11,11,14
01:10:09,Mostly Cloudy,11,11,14
01:12:09,Mostly Cloudy,11,11,14
01:14:08,Mostly Cloudy,11,11,16
01:16:09,Mostly Cloudy,11,11,16
01:18:09,Mostly Cloudy,11,11,16
01:20:09,Mostly Cloudy,11,11,16
01:22:09,Mostly Cloudy,11,11,16
01:24:09,Mostly Cloudy,11,11,16
01:26:08,Mostly Cloudy,11,11,16
01:28:09,Mostly Cloudy,11,11,16
01:30:09,Mostly Cloudy,11,11,16
01:32:08,Mostly Cloudy,11,11,16
01:34:09,Mostly Cloudy,11,11,16
01:36:09,Mostly Cloudy,11,11,16
01:38:09,Mostly Cloudy,11,11,16
01:40:08,Mostly Cloudy,11,11,16
01:42:08,Mostly Cloudy,11,11,16
01:44:09,Mostly Cloudy,11,11,16
01:46:09,Mostly Cloudy,11,11,16
01:48:09,Mostly Cloudy,11,11,16
01:50:08,Mostly Cloudy,11,11,16
01:52:09,Mostly Cloudy,11,11,16
01:54:09,Mostly Cloudy,11,11,16
01:56:09,Mostly Cloudy,11,11,16
01:58:08,Mostly Cloudy,11,11,16
02:00:09,Mostly Cloudy,11,11,16
02:02:09,Mostly Cloudy,11,11,16
02:04:08,Mostly Cloudy,11,11,16
02:06:09,Mostly Cloudy,11,11,16
02:08:09,Mostly Cloudy,11,11,16
02:10:09,Mostly Cloudy,11,11,16
02:12:08,Mostly Cloudy,10,10,16
02:14:09,Mostly Cloudy,10,10,16
02:16:09,Mostly Cloudy,10,10,16
02:18:08,Mostly Cloudy,10,10,16
02:20:09,Mostly Cloudy,10,10,16
02:22:09,Mostly Cloudy,10,10,16
02:24:09,Mostly Cloudy,10,10,16
02:26:09,Mostly Cloudy,10,10,16
02:28:08,Mostly Cloudy,10,10,16
02:30:08,Mostly Cloudy,10,10,16
02:32:09,Mostly Cloudy,10,10,16
02:34:09,Mostly Cloudy,10,10,16
02:36:09,Mostly Cloudy,10,10,16
02:38:08,Mostly Cloudy,10,10,16
02:40:09,Mostly Cloudy,10,10,16
02:42:09,Mostly Cloudy,10,10,16
02:44:09,Mostly Cloudy,10,10,16
02:46:09,Mostly Cloudy,10,10,16
02:48:08,Mostly Cloudy,10,10,16
02:50:08,Mostly Cloudy,10,10,16
02:52:09,Mostly Cloudy,10,10,16
02:54:09,Mostly Cloudy,10,10,16
02:56:09,Mostly Cloudy,10,10,16
02:58:09,Mostly Cloudy,10,10,16
03:00:09,Mostly Cloudy,10,10,16
03:02:09,Mostly Cloudy,10,10,16
03:04:09,Mostly Cloudy,10,10,16
03:06:08,Mostly Cloudy,10,10,16
03:08:08,Mostly Cloudy,10,10,16
03:10:08,Mostly Cloudy,10,10,16
03:12:09,Mostly Cloudy,10,10,16
03:14:09,Mostly Cloudy,10,10,16
03:16:09,Mostly Cloudy,10,10,16
03:18:08,Mostly Cloudy,10,10,16
03:20:09,Mostly Cloudy,10,10,16
03:22:09,Mostly Cloudy,10,10,16
03:24:09,Mostly Cloudy,10,10,16
03:26:08,Mostly Cloudy,10,10,16
03:28:09,Mostly Cloudy,10,10,16
03:30:09,Mostly Cloudy,10,10,16
03:32:08,Mostly Cloudy,10,10,16
03:34:09,Mostly Cloudy,10,10,16
03:36:09,Mostly Cloudy,10,10,16
03:38:09,Mostly Cloudy,10,10,16
03:40:09,Mostly Cloudy,10,10,16
03:42:08,Mostly Cloudy,10,10,16
03:44:09,Mostly Cloudy,10,10,16
03:46:09,Mostly Cloudy,10,10,16
03:48:09,Mostly Cloudy,10,10,16
03:50:09,Mostly Cloudy,10,10,16
03:52:09,Mostly Cloudy,10,10,16
03:54:09,Mostly Cloudy,10,10,16
03:56:09,Mostly Cloudy,10,10,16
03:58:08,Mostly Cloudy,10,10,16
04:00:08,Mostly Cloudy,10,10,16
04:02:09,Mostly Cloudy,10,10,16
04:04:09,Mostly Cloudy,10,10,16
04:06:09,Mostly Cloudy,10,10,16
04:08:08,Mostly Cloudy,10,10,16
04:10:08,Mostly Cloudy,10,10,16
04:12:09,Mostly Cloudy,8,6,14
04:14:09,Mostly Cloudy,8,6,14
04:16:09,Mostly Cloudy,8,6,14
04:18:08,Mostly Cloudy,8,6,14
04:20:09,Mostly Cloudy,8,6,14
04:22:09,Mostly Cloudy,8,6,14
04:24:09,Mostly Cloudy,8,6,14
04:26:08,Mostly Cloudy,8,6,14
04:28:08,Mostly Cloudy,8,6,14
04:30:09,Mostly Cloudy,8,6,14
04:32:09,Mostly Cloudy,8,6,14
04:34:09,Mostly Cloudy,8,6,14
04:36:08,Mostly Cloudy,8,6,14
04:38:08,Mostly Cloudy,8,6,14
04:40:09,Mostly Cloudy,8,6,14
04:42:09,Mostly Cloudy,8,6,14
04:44:08,Mostly Cloudy,8,6,14
04:46:09,Mostly Cloudy,8,6,14
04:48:09,Mostly Cloudy,8,6,14
04:50:09,Mostly Cloudy,8,6,14
04:52:09,Mostly Cloudy,8,6,14
04:54:08,Mostly Cloudy,8,6,14
04:56:08,Mostly Cloudy,8,6,14
04:58:09,Mostly Cloudy,8,6,14
05:00:09,Mostly Cloudy,8,6,14
05:02:09,Mostly Cloudy,8,6,14
05:04:08,Mostly Cloudy,8,6,14
05:06:09,Mostly Cloudy,8,6,14
05:08:09,Mostly Cloudy,8,6,14
05:10:08,Mostly Cloudy,10,10,11
05:12:08,Mostly Cloudy,10,10,11
05:14:09,Mostly Cloudy,10,10,11
05:16:09,Mostly Cloudy,10,10,11
05:18:09,Mostly Cloudy,10,10,11
05:20:09,Mostly Cloudy,10,10,11
05:22:09,Mostly Cloudy,10,10,11
05:24:09,Mostly Cloudy,10,10,11
05:26:09,Mostly Cloudy,10,10,11
05:28:09,Mostly Cloudy,10,10,11
05:30:08,Mostly Cloudy,10,10,11
05:32:08,Mostly Cloudy,10,10,11
05:34:09,Mostly Cloudy,10,10,11
05:36:09,Mostly Cloudy,10,10,11
05:38:09,Mostly Cloudy,10,10,11
05:40:09,Mostly Cloudy,10,10,11
05:42:09,Mostly Cloudy,10,10,11
05:44:09,Mostly Cloudy,10,10,11
05:46:08,Mostly Cloudy,10,10,11
05:48:08,Mostly Cloudy,10,10,11
05:50:09,Mostly Cloudy,10,10,11
05:52:09,Mostly Cloudy,10,10,11
05:54:08,Mostly Cloudy,10,10,11
05:56:08,Mostly Cloudy,10,10,11
05:58:09,Mostly Cloudy,10,10,11
06:00:09,Mostly Cloudy,10,10,11
06:02:09,Mostly Cloudy,10,10,11
06:04:09,Mostly Cloudy,10,10,11
06:06:09,Mostly Cloudy,10,10,11
06:08:09,Mostly Cloudy,10,10,11
06:10:09,Mostly Cloudy,10,10,11
06:12:08,Mostly Cloudy,10,10,11
06:14:08,Mostly Cloudy,10,10,12
06:16:09,Mostly Cloudy,10,10,12
06:18:08,Mostly Cloudy,10,10,12
06:20:08,Mostly Cloudy,10,10,12
06:22:09,Mostly Cloudy,10,10,12
06:24:09,Mostly Cloudy,10,10,12
06:26:09,Mostly Cloudy,10,10,12
06:28:08,Mostly Cloudy,10,10,12
06:30:09,Mostly Cloudy,10,10,12
06:32:09,Mostly Cloudy,10,10,12
06:34:09,Mostly Cloudy,10,10,12
06:36:08,Mostly Cloudy,10,10,12
06:38:08,Mostly Cloudy,10,10,12
06:40:09,Mostly Cloudy,10,10,12
06:42:09,Mostly Cloudy,10,10,12
06:44:09,Mostly Cloudy,10,10,12
06:46:08,Mostly Cloudy,10,10,12
06:48:09,Mostly Cloudy,10,10,12
06:50:09,Mostly Cloudy,10,10,12
06:52:08,Mostly Cloudy,10,10,12
06:54:08,Mostly Cloudy,10,10,12
06:56:08,Mostly Cloudy,10,10,12
06:58:09,Mostly Cloudy,10,10,12
07:00:09,Mostly Cloudy,10,10,12
07:02:09,Mostly Cloudy,10,10,12
07:04:08,Mostly Cloudy,10,10,12
07:06:09,Mostly Cloudy,10,10,12
07:08:09,Mostly Cloudy,11,11,8
07:10:08,Mostly Cloudy,11,11,8
07:12:08,Mostly Cloudy,11,11,8
07:14:09,Mostly Cloudy,11,11,8
07:16:09,Mostly Cloudy,11,11,8
07:18:08,Mostly Cloudy,11,11,8
07:20:08,Mostly Cloudy,11,11,8
07:22:09,Mostly Cloudy,11,11,8
07:24:09,Mostly Cloudy,11,11,8
07:26:09,Mostly Cloudy,11,11,8
07:28:08,Mostly Cloudy,11,11,8
07:30:09,Mostly Cloudy,11,11,8
07:32:09,Mostly Cloudy,11,11,8
07:34:09,Mostly Cloudy,11,11,8
07:36:09,Mostly Cloudy,11,11,8
07:38:08,Mostly Cloudy,11,11,8
07:40:09,Mostly Cloudy,11,11,8
07:42:09,Mostly Cloudy,11,11,8
07:44:09,Mostly Cloudy,11,11,8
07:46:09,Mostly Cloudy,11,11,8
07:48:09,Mostly Cloudy,11,11,8
07:50:09,Mostly Cloudy,11,11,8
07:52:08,Mostly Cloudy,11,11,8
07:54:09,Mostly Cloudy,11,11,8
07:56:09,Mostly Cloudy,11,11,8
07:58:09,Mostly Cloudy,11,11,8
08:00:09,Mostly Cloudy,11,11,8
08:02:08,Mostly Cloudy,11,11,8
08:04:08,Mostly Cloudy,11,11,8
08:06:09,Mostly Cloudy,11,11,8
08:08:09,Mostly Cloudy,12,12,3
08:10:08,Mostly Cloudy,12,12,3
08:12:09,Mostly Cloudy,12,12,3
08:14:09,Mostly Cloudy,12,12,3
08:16:09,Mostly Cloudy,12,12,3
08:18:08,Mostly Cloudy,12,12,3
08:20:09,Mostly Cloudy,12,12,3
08:22:09,Mostly Cloudy,12,12,3
08:24:09,Mostly Cloudy,12,12,3
08:26:08,Mostly Cloudy,12,12,3
08:28:09,Mostly Cloudy,12,12,3
08:30:09,Mostly Cloudy,12,12,3
08:32:08,Mostly Cloudy,12,12,3
08:34:08,Mostly Cloudy,12,12,3
08:36:08,Mostly Cloudy,12,12,3
08:38:09,Mostly Cloudy,12,12,3
08:40:09,Mostly Cloudy,12,12,3
08:42:09,Mostly Cloudy,12,12,3
08:44:08,Mostly Cloudy,12,12,3
08:46:09,Mostly Cloudy,12,12,3
08:48:09,Mostly Cloudy,12,12,3
08:50:08,Mostly Cloudy,12,12,3
08:52:08,Mostly Cloudy,12,12,3
08:54:09,Mostly Cloudy,12,12,3
08:56:09,Mostly Cloudy,12,12,3
08:58:09,Mostly Cloudy,12,12,3
09:00:09,Mostly Cloudy,12,12,3
09:02:09,Mostly Cloudy,12,12,3
09:04:09,Mostly Cloudy,12,12,3
09:06:08,Mostly Cloudy,12,12,3
09:08:09,Mostly Cloudy,12,12,3
09:10:09,Mostly Cloudy,12,12,3
09:12:09,Mostly Cloudy,12,12,3
09:14:08,Mostly Cloudy,12,12,3
09:16:08,Mostly Cloudy,12,12,3
09:18:09,Mostly Cloudy,12,12,3
09:20:08,Mostly Cloudy,12,12,3
09:22:08,Mostly Cloudy,12,12,3
09:24:08,Mostly Cloudy,12,12,3
09:26:09,Mostly Cloudy,12,12,3
09:28:09,Mostly Cloudy,12,12,3
09:30:09,Mostly Cloudy,12,12,3
09:32:09,Mostly Cloudy,12,12,3
09:34:09,Mostly Cloudy,12,12,3
09:36:09,Mostly Cloudy,12,12,3
09:38:09,Mostly Cloudy,12,12,3
09:40:09,Mostly Cloudy,12,12,3
09:42:09,Mostly Cloudy,12,12,3
09:44:08,Mostly Cloudy,12,12,3
09:46:08,Mostly Cloudy,12,12,3
09:48:09,Mostly Cloudy,12,12,3
09:50:09,Mostly Cloudy,12,12,3
09:52:08,Mostly Cloudy,12,12,3
09:54:09,Mostly Cloudy,12,12,3
09:56:09,Mostly Cloudy,12,12,3
09:58:09,Mostly Cloudy,12,12,3
10:00:09,Mostly Cloudy,12,12,3
10:02:09,Mostly Cloudy,12,12,3
10:04:09,Mostly Cloudy,12,12,3
10:06:09,Mostly Cloudy,12,12,3
10:08:08,Mostly Cloudy,12,12,3
10:10:08,Mostly Cloudy,12,12,3
10:12:09,Mostly Cloudy,12,12,3
10:14:09,Mostly Cloudy,12,12,3
10:16:09,Mostly Cloudy,12,12,3
10:18:08,Mostly Cloudy,12,12,4
10:20:09,Mostly Cloudy,12,12,4
10:22:09,Mostly Cloudy,12,12,4
10:24:09,Mostly Cloudy,12,12,4
10:26:08,Mostly Cloudy,12,12,4
10:28:08,Mostly Cloudy,12,12,4
10:30:09,Mostly Cloudy,12,12,4
10:32:09,Mostly Cloudy,12,12,4
10:34:08,Mostly Cloudy,12,12,4
10:36:08,Mostly Cloudy,12,12,4
10:38:09,Mostly Cloudy,12,12,4
10:40:09,Mostly Cloudy,12,12,4
10:42:08,Mostly Cloudy,12,12,4
10:44:09,Mostly Cloudy,12,12,4
10:46:09,Mostly Cloudy,12,12,4
10:48:09,Mostly Cloudy,12,12,4
10:50:09,Mostly Cloudy,12,12,4
10:52:08,Mostly Cloudy,12,12,4
10:54:09,Mostly Cloudy,12,12,4
10:56:09,Mostly Cloudy,12,12,4
10:58:08,Mostly Cloudy,12,12,4
11:00:08,Mostly Cloudy,12,12,4
11:02:09,Mostly Cloudy,12,12,4
11:04:09,Mostly Cloudy,12,12,4
11:06:09,Mostly Cloudy,12,12,4
11:08:08,Mostly Cloudy,12,12,4
11:10:09,Mostly Cloudy,12,12,4
11:12:09,Mostly Cloudy,13,13,8
11:14:08,Mostly Cloudy,13,13,8
11:16:08,Mostly Cloudy,13,13,8
11:18:09,Mostly Cloudy,13,13,8
11:20:09,Mostly Cloudy,13,13,8
11:22:09,Mostly Cloudy,13,13,8
11:24:08,Mostly Cloudy,13,13,8
11:26:08,Mostly Cloudy,13,13,8
11:28:09,Mostly Cloudy,13,13,8
11:30:09,Mostly Cloudy,13,13,8
11:32:09,Mostly Cloudy,13,13,8
11:34:09,Mostly Cloudy,13,13,8
11:36:09,Mostly Cloudy,13,13,8
11:38:09,Mostly Cloudy,13,13,8
11:40:09,Mostly Cloudy,13,13,8
11:42:09,Mostly Cloudy,13,13,8
11:44:09,Mostly Cloudy,13,13,8
11:46:09,Mostly Cloudy,13,13,8
11:48:08,Mostly Cloudy,13,13,8
11:50:08,Mostly Cloudy,13,13,8
11:52:09,Mostly Cloudy,13,13,8
11:54:09,Mostly Cloudy,13,13,8
11:56:08,Mostly Cloudy,13,13,8
11:58:08,Mostly Cloudy,13,13,8
12:00:08,Mostly Cloudy,13,13,8
12:02:09,Mostly Cloudy,13,13,8
12:04:09,Mostly Cloudy,13,13,8
12:06:09,Mostly Cloudy,13,13,8
12:08:08,Mostly Cloudy,13,13,8
12:10:09,Mostly Cloudy,13,13,8
12:12:09,Mostly Cloudy,13,13,8
12:14:08,Mostly Cloudy,13,13,8
12:16:08,Mostly Cloudy,13,13,8
12:18:09,Mostly Cloudy,16,16,8
12:20:09,Mostly Cloudy,16,16,8
12:22:09,Mostly Cloudy,16,16,8
12:24:08,Mostly Cloudy,16,16,8
12:26:09,Mostly Cloudy,16,16,8
12:28:09,Mostly Cloudy,16,16,8
12:30:09,Mostly Cloudy,16,16,8
12:32:09,Mostly Cloudy,16,16,8
12:34:09,Mostly Cloudy,16,16,8
12:36:09,Mostly Cloudy,16,16,8
12:38:08,Mostly Cloudy,16,16,8
12:40:09,Mostly Cloudy,16,16,8
12:42:09,Mostly Cloudy,16,16,8
12:44:09,Mostly Cloudy,16,16,8
12:46:09,Mostly Cloudy,16,16,8
12:48:08,Mostly Cloudy,16,16,8
12:50:09,Mostly Cloudy,16,16,8
12:52:09,Mostly Cloudy,16,16,8
12:54:09,Mostly Cloudy,16,16,8
12:56:08,Mostly Cloudy,16,16,8
12:58:08,Mostly Cloudy,16,16,8
13:00:09,Mostly Cloudy,16,16,8
13:02:09,Mostly Cloudy,16,16,8
13:04:08,Mostly Cloudy,16,16,8
13:06:09,Mostly Cloudy,16,16,8
13:08:09,Mostly Cloudy,16,16,8
13:10:08,Mostly Cloudy,16,16,8
13:12:09,Mostly Cloudy,16,16,8
13:14:09,Mostly Cloudy,16,16,4
13:16:09,Mostly Cloudy,16,16,4
13:18:09,Mostly Cloudy,16,16,4
13:20:09,Mostly Cloudy,16,16,4
13:22:09,Mostly Cloudy,16,16,4
13:24:09,Mostly Cloudy,16,16,4
13:26:09,Mostly Cloudy,16,16,4
13:28:08,Mostly Cloudy,16,16,4
13:30:09,Mostly Cloudy,16,16,4
13:32:09,Mostly Cloudy,16,16,4
13:34:09,Mostly Cloudy,16,16,4
13:36:09,Mostly Cloudy,16,16,4
13:38:08,Mostly Cloudy,16,16,4
13:40:09,Mostly Cloudy,16,16,4
13:42:09,Mostly Cloudy,16,16,4
13:44:09,Mostly Cloudy,16,16,4
13:46:09,Mostly Cloudy,16,16,4
13:48:08,Mostly Cloudy,16,16,4
13:50:09,Mostly Cloudy,16,16,4
13:52:09,Mostly Cloudy,16,16,4
13:54:08,Mostly Cloudy,16,16,4
13:56:08,Mostly Cloudy,16,16,4
13:58:09,Mostly Cloudy,16,16,4
14:00:09,Mostly Cloudy,16,16,4
14:02:09,Mostly Cloudy,16,16,4
14:04:08,Mostly Cloudy,16,16,4
14:06:09,Mostly Cloudy,16,16,4
14:08:09,Mostly Cloudy,16,16,4
14:10:09,Mostly Cloudy,16,16,4
14:12:09,Mostly Cloudy,16,16,4
14:14:08,Mostly Cloudy,16,16,14
14:16:08,Mostly Cloudy,16,16,14
14:18:09,Mostly Cloudy,16,16,14
14:20:09,Mostly Cloudy,16,16,14
14:22:08,Mostly Cloudy,16,16,14
14:24:08,Mostly Cloudy,16,16,14
14:26:08,Mostly Cloudy,16,16,14
14:28:09,Mostly Cloudy,16,16,14
14:30:09,Mostly Cloudy,16,16,14
14:32:09,Mostly Cloudy,16,16,14
14:34:08,Mostly Cloudy,16,16,14
14:36:09,Mostly Cloudy,16,16,14
14:38:09,Mostly Cloudy,16,16,14
14:40:08,Mostly Cloudy,16,16,14
14:42:08,Mostly Cloudy,16,16,14
14:44:09,Mostly Cloudy,16,16,14
14:46:09,Mostly Cloudy,16,16,14
14:48:08,Mostly Cloudy,16,16,14
14:50:08,Mostly Cloudy,16,16,14
14:52:09,Mostly Cloudy,16,16,14
14:54:09,Mostly Cloudy,16,16,14
14:56:09,Mostly Cloudy,16,16,14
14:58:08,Mostly Cloudy,16,16,14
15:00:09,Mostly Cloudy,16,16,14
15:02:09,Mostly Cloudy,16,16,14
15:04:08,Mostly Cloudy,16,16,14
15:06:09,Mostly Cloudy,16,16,14
15:08:09,Mostly Cloudy,16,16,14
15:10:09,Mostly Cloudy,16,16,14
15:12:08,Mostly Cloudy,16,16,14
15:14:08,Mostly Cloudy,15,15,16
15:16:08,Mostly Cloudy,15,15,16
15:18:09,Mostly Cloudy,15,15,16
15:20:08,Mostly Cloudy,15,15,16
15:22:09,Mostly Cloudy,15,15,16
15:24:09,Mostly Cloudy,15,15,16
15:26:08,Mostly Cloudy,15,15,16
15:28:08,Mostly Cloudy,15,15,16
15:30:09,Mostly Cloudy,15,15,16
15:32:09,Mostly Cloudy,15,15,16
15:34:09,Mostly Cloudy,15,15,16
15:36:08,Mostly Cloudy,15,15,16
15:38:09,Mostly Cloudy,15,15,16
15:40:09,Mostly Cloudy,15,15,16
15:42:09,Mostly Cloudy,15,15,16
15:44:09,Mostly Cloudy,15,15,16
15:46:08,Mostly Cloudy,15,15,16
15:48:09,Mostly Cloudy,15,15,16
15:50:09,Mostly Cloudy,15,15,16
15:52:09,Mostly Cloudy,15,15,16
15:54:08,Mostly Cloudy,15,15,16
15:56:08,Mostly Cloudy,15,15,16
15:58:09,Mostly Cloudy,15,15,16
16:00:09,Mostly Cloudy,15,15,16
16:02:09,Mostly Cloudy,15,15,16
16:04:08,Mostly Cloudy,15,15,16
16:06:08,Mostly Cloudy,15,15,16
16:08:09,Mostly Cloudy,15,15,16
16:10:09,Mostly Cloudy,15,15,16
16:12:09,Mostly Cloudy,15,15,16
16:14:09,Mostly Cloudy,15,15,16
16:16:09,Mostly Cloudy,15,15,16
16:18:08,Mostly Cloudy,15,15,16
16:20:08,Cloudy,13,13,16
16:22:09,Cloudy,13,13,16
16:24:09,Cloudy,13,13,16
16:26:09,Cloudy,13,13,16
16:28:08,Cloudy,13,13,16
16:30:08,Cloudy,13,13,16
16:32:09,Cloudy,13,13,16
16:34:09,Cloudy,13,13,16
16:36:09,Cloudy,13,13,16
16:38:08,Cloudy,13,13,16
16:40:09,Cloudy,13,13,16
16:42:09,Cloudy,13,13,16
16:44:08,Cloudy,13,13,16
16:46:08,Cloudy,13,13,16
16:48:09,Cloudy,13,13,16
16:50:09,Cloudy,13,13,16
16:52:08,Cloudy,13,13,16
16:54:08,Cloudy,13,13,16
16:56:08,Cloudy,13,13,16
16:58:09,Cloudy,13,13,16
17:00:09,Cloudy,13,13,16
17:02:09,Cloudy,13,13,16
17:04:08,Cloudy,13,13,16
17:06:08,Cloudy,13,13,16
17:08:09,Cloudy,13,13,16
17:10:09,Cloudy,13,13,16
17:12:09,Cloudy,13,13,16
17:14:08,Cloudy,12,12,16
17:16:08,Cloudy,12,12,16
17:18:09,Cloudy,12,12,16
17:20:09,Cloudy,12,12,16
17:22:09,Cloudy,12,12,16
17:24:09,Cloudy,12,12,16
17:26:09,Cloudy,12,12,16
17:28:09,Cloudy,12,12,16
17:30:09,Cloudy,12,12,16
17:32:08,Cloudy,12,12,16
17:34:09,Cloudy,12,12,16
17:36:08,Cloudy,12,12,16
17:38:08,Cloudy,12,12,16
17:40:09,Cloudy,12,12,16
17:42:09,Cloudy,12,12,16
17:44:08,Cloudy,12,12,16
17:46:09,Cloudy,12,12,16
17:48:09,Cloudy,12,12,16
17:50:09,Cloudy,12,12,16
17:52:09,Cloudy,12,12,16
17:54:08,Cloudy,12,12,16
17:56:08,Cloudy,12,12,16
17:58:08,Cloudy,12,12,16
18:00:09,Cloudy,12,12,16
18:02:09,Cloudy,12,12,16
18:04:08,Cloudy,12,12,16
18:06:08,Cloudy,12,12,16
18:08:09,Cloudy,12,12,16
18:10:09,Cloudy,12,12,16
18:12:08,Cloudy,12,12,16
18:14:08,Cloudy,12,12,14
18:16:09,Cloudy,12,12,14
18:18:09,Cloudy,12,12,14
18:20:08,Cloudy,12,12,14
18:22:09,Cloudy,12,12,14
18:24:09,Cloudy,12,12,14
18:26:09,Cloudy,12,12,14
18:28:09,Cloudy,12,12,14
18:30:08,Cloudy,12,12,14
18:32:09,Cloudy,12,12,14
18:34:09,Cloudy,12,12,14
18:36:09,Cloudy,12,12,14
18:38:09,Cloudy,12,12,14
18:40:08,Cloudy,12,12,14
18:42:08,Cloudy,12,12,14
18:44:08,Cloudy,12,12,14
18:46:09,Cloudy,12,12,14
18:48:09,Cloudy,12,12,14
18:50:08,Cloudy,12,12,14
18:52:08,Cloudy,12,12,14
18:54:09,Cloudy,12,12,14
18:56:09,Cloudy,12,12,14
18:58:09,Cloudy,12,12,14
19:00:09,Cloudy,12,12,14
19:02:08,Cloudy,12,12,14
19:04:09,Cloudy,12,12,14
19:06:09,Cloudy,12,12,14
19:08:08,Cloudy,12,12,14
19:10:08,Cloudy,12,12,14
19:12:09,Mostly Cloudy,12,12,14
19:14:09,Mostly Cloudy,12,12,14
19:16:08,Mostly Cloudy,12,12,14
19:18:09,Mostly Cloudy,12,12,14
19:20:09,Mostly Cloudy,12,12,14
19:22:09,Mostly Cloudy,12,12,14
19:24:08,Mostly Cloudy,12,12,14
19:26:09,Mostly Cloudy,12,12,14
19:28:09,Mostly Cloudy,12,12,14
19:30:09,Mostly Cloudy,12,12,14
19:32:08,Mostly Cloudy,12,12,14
19:34:08,Mostly Cloudy,12,12,14
19:36:09,Mostly Cloudy,12,12,14
19:38:09,Mostly Cloudy,12,12,14
19:40:08,Mostly Cloudy,12,12,14
19:42:08,Mostly Cloudy,12,12,14
19:44:09,Mostly Cloudy,12,12,14
19:46:09,Mostly Cloudy,12,12,14
19:48:08,Mostly Cloudy,12,12,14
19:50:09,Mostly Cloudy,12,12,14
19:52:09,Mostly Cloudy,12,12,14
19:54:09,Mostly Cloudy,12,12,14
19:56:09,Mostly Cloudy,12,12,14
19:58:09,Mostly Cloudy,12,12,14
20:00:08,Mostly Cloudy,12,12,14
20:02:08,Mostly Cloudy,12,12,14
20:04:09,Mostly Cloudy,12,12,14
20:06:09,Mostly Cloudy,12,12,14
20:08:09,Mostly Cloudy,12,12,14
20:10:09,Mostly Cloudy,12,12,14
20:12:09,Cloudy,12,12,11
20:14:08,Cloudy,12,12,11
20:16:09,Cloudy,12,12,11
20:18:09,Cloudy,12,12,11
20:20:08,Cloudy,12,12,11
20:22:08,Cloudy,12,12,11
20:24:09,Cloudy,12,12,11
20:26:09,Cloudy,12,12,11
20:28:09,Cloudy,12,12,11
20:30:09,Cloudy,12,12,11
20:32:08,Cloudy,12,12,11
20:34:08,Cloudy,12,12,11
20:36:09,Cloudy,12,12,11
20:38:09,Cloudy,12,12,11
20:40:09,Cloudy,12,12,11
20:42:08,Cloudy,12,12,11
20:44:08,Cloudy,12,12,11
20:46:09,Cloudy,12,12,11
20:48:09,Cloudy,12,12,11
20:50:09,Cloudy,12,12,11
20:52:08,Cloudy,12,12,11
20:54:08,Cloudy,12,12,11
20:56:09,Cloudy,12,12,11
20:58:09,Cloudy,12,12,11
21:00:09,Cloudy,12,12,11
21:02:09,Cloudy,12,12,11
21:04:08,Cloudy,12,12,11
21:06:08,Cloudy,12,12,11
21:08:09,Cloudy,12,12,11
21:10:09,Cloudy,12,12,11
21:12:09,Cloudy,12,12,11
21:14:08,Cloudy,12,12,11
21:16:08,Cloudy,12,12,11
21:18:09,Light Rain,12,12,12
21:20:09,Light Rain,12,12,12
21:22:08,Light Rain,12,12,12
21:24:09,Light Rain,12,12,12
21:26:09,Light Rain,12,12,12
21:28:09,Light Rain,12,12,12
21:30:08,Light Rain,12,12,12
21:32:09,Light Rain,12,12,12
21:34:09,Light Rain,12,12,12
21:36:09,Light Rain,12,12,12
21:38:08,Light Rain,12,12,12
21:40:09,Light Rain,12,12,12
21:42:09,Light Rain,12,12,12
21:44:09,Light Rain,12,12,12
21:46:09,Light Rain,12,12,12
21:48:08,Light Rain,12,12,12
21:50:09,Light Rain,12,12,12
21:52:09,Light Rain,12,12,12
21:54:09,Light Rain,12,12,12
21:56:08,Light Rain,12,12,12
21:58:09,Light Rain,12,12,12
22:00:09,Light Rain,12,12,12
22:02:09,Light Rain,12,12,12
22:04:08,Light Rain,12,12,12
22:06:09,Light Rain,12,12,12
22:08:09,Light Rain,12,12,12
22:10:09,Light Rain,12,12,12
22:12:08,Light Rain,11,11,12
22:14:09,Light Rain,11,11,12
22:16:09,Light Rain,11,11,12
22:18:08,Light Rain,11,11,12
22:20:09,Light Rain,11,11,12
22:22:09,Light Rain,11,11,12
22:24:09,Light Rain,11,11,12
22:26:08,Light Rain,11,11,12
22:28:09,Light Rain,11,11,12
22:30:09,Light Rain,11,11,12
22:32:09,Light Rain,11,11,12
22:34:08,Light Rain,11,11,12
22:36:08,Light Rain,11,11,12
22:38:09,Light Rain,11,11,12
22:40:09,Light Rain,11,11,12
22:42:08,Light Rain,11,11,12
22:44:09,Light Rain,11,11,12
22:46:09,Light Rain,11,11,12
22:48:09,Light Rain,11,11,12
22:50:08,Light Rain,11,11,12
22:52:08,Light Rain,11,11,12
22:54:09,Light Rain,11,11,12
22:56:09,Light Rain,11,11,12
22:58:08,Light Rain,11,11,12
23:00:08,Light Rain,11,11,12
23:02:09,Light Rain,11,11,12
23:04:09,Light Rain,11,11,12
23:06:09,Light Rain,11,11,12
23:08:09,Light Rain,11,11,12
23:10:09,Light Rain,11,11,12
23:12:09,Light Rain,11,11,12
23:14:09,Light Rain,11,11,12
23:16:09,Light Rain,11,11,12
23:18:08,Cloudy,11,11,9
23:20:08,Cloudy,11,11,9
23:22:09,Cloudy,11,11,9
23:24:09,Cloudy,11,11,9
23:26:09,Cloudy,11,11,9
23:28:08,Cloudy,11,11,9
23:30:08,Cloudy,11,11,9
23:32:09,Cloudy,11,11,9
23:34:09,Cloudy,11,11,9
23:36:09,Cloudy,11,11,9
23:38:09,Cloudy,11,11,9
23:40:08,Cloudy,11,11,9
23:42:08,Cloudy,11,11,9
23:44:08,Cloudy,11,11,9
23:46:09,Cloudy,11,11,9
23:48:09,Cloudy,11,11,9
23:50:09,Cloudy,11,11,9
23:52:08,Cloudy,11,11,9
23:54:09,Cloudy,11,11,9
23:56:09,Cloudy,11,11,9
23:58:08,Cloudy,11,11,9
