Time,Weather,Temperature,Feels_Like,Wind_Speed
00:00:08,Fair,10,10,25
00:02:09,Fair,10,10,25
00:04:09,Fair,10,10,25
00:06:09,Fair,10,10,25
00:08:09,Fair,10,10,25
00:10:09,Fair,8,6,20
00:12:09,Fair,8,6,20
00:14:08,Fair,8,6,20
00:16:08,Fair,8,6,20
00:18:09,Fair,8,6,20
00:20:08,Fair,8,6,20
00:22:08,Fair,8,6,20
00:24:09,Fair,8,6,20
00:26:09,Fair,8,6,20
00:28:09,Fair,8,6,20
00:30:08,Fair,8,6,20
00:32:09,Fair,8,6,20
00:34:09,Fair,8,6,20
00:36:09,Fair,8,6,20
00:38:08,Fair,8,6,20
00:40:09,Fair,8,6,20
00:42:09,Fair,8,6,20
00:44:09,Fair,8,6,20
00:46:09,Fair,8,6,20
00:48:08,Fair,8,6,20
00:50:09,Fair,8,6,20
00:52:09,Fair,8,6,20
00:54:09,Fair,8,6,20
00:56:08,Fair,8,6,20
00:58:09,Fair,8,6,20
01:00:17,Fair,8,6,20
01:02:09,Fair,8,6,20
01:04:08,Fair,8,6,20
01:06:09,Fair,8,6,20
01:08:09,Fair,8,6,20
01:10:09,Fair,8,6,20
01:12:09,Fair,8,6,20
01:14:09,Fair,8,6,20
01:16:09,Fair,8,5,25
01:18:08,Fair,8,5,25
01:20:09,Fair,8,5,25
01:22:09,Fair,8,5,25
01:24:09,Fair,8,5,25
01:26:09,Fair,8,5,25
01:28:08,Fair,8,5,25
01:30:09,Fair,8,5,25
01:32:09,Fair,8,5,25
01:34:09,Fair,8,5,25
01:36:08,Fair,8,5,25
01:38:08,Fair,8,5,25
01:40:08,Fair,8,5,25
01:42:09,Fair,8,5,25
01:44:09,Fair,8,5,25
01:46:09,Fair,8,5,25
01:48:08,Fair,8,5,25
01:50:09,Fair,8,5,25
01:52:09,Fair,8,5,25
01:54:08,Fair,8,5,25
01:56:09,Fair,8,5,25
01:58:09,Fair,8,5,25
02:00:09,Fair,8,5,25
02:02:08,Fair,8,5,25
02:04:09,Fair,8,5,25
02:06:09,Fair,8,5,25
02:08:09,Fair,8,5,25
02:10:08,Mostly Cloudy,10,10,28
02:12:09,Mostly Cloudy,10,10,28
02:14:09,Mostly Cloudy,10,10,28
02:16:08,Mostly Cloudy,10,10,28
02:18:09,Mostly Cloudy,10,10,28
02:20:09,Mostly Cloudy,10,10,28
02:22:08,Mostly Cloudy,10,10,28
02:24:09,Mostly Cloudy,10,10,28
02:26:09,Mostly Cloudy,10,10,28
02:28:08,Mostly Cloudy,10,10,28
02:30:08,Mostly Cloudy,10,10,28
02:32:09,Mostly Cloudy,10,10,28
02:34:09,Mostly Cloudy,10,10,28
02:36:09,Mostly Cloudy,10,10,28
02:38:09,Mostly Cloudy,10,10,28
02:40:09,Mostly Cloudy,10,10,28
02:42:09,Mostly Cloudy,10,10,28
02:44:08,Mostly Cloudy,10,10,28
02:46:08,Mostly Cloudy,10,10,28
02:48:09,Mostly Cloudy,10,10,28
02:50:09,Mostly Cloudy,10,10,28
02:52:08,Mostly Cloudy,10,10,28
02:54:08,Mostly Cloudy,10,10,28
02:56:09,Mostly Cloudy,10,10,28
02:58:09,Mostly Cloudy,10,10,28
03:00:09,Mostly Cloudy,10,10,28
03:02:08,Mostly Cloudy,10,10,28
03:04:08,Mostly Cloudy,10,10,28
03:06:09,Mostly Cloudy,10,10,28
03:08:09,Mostly Cloudy,10,10,28
03:10:08,Fair / Windy,10,10,33
03:12:09,Fair / Windy,10,10,33
03:14:09,Fair / Windy,10,10,33
03:16:09,Fair / Windy,10,10,33
03:18:09,Fair / Windy,10,10,33
03:20:09,Fair / Windy,10,10,33
03:22:09,Fair / Windy,10,10,33
03:24:09,Fair / Windy,10,10,33
03:26:08,Fair / Windy,10,10,33
03:28:08,Fair / Windy,10,10,33
03:30:09,Fair / Windy,10,10,33
03:32:09,Fair / Windy,10,10,33
03:34:08,Fair / Windy,10,10,33
03:36:08,Fair / Windy,10,10,33
03:38:09,Fair / Windy,10,10,33
03:40:09,Fair / Windy,10,10,33
03:42:08,Fair / Windy,10,10,33
03:44:08,Fair / Windy,10,10,33
03:46:09,Fair / Windy,10,10,33
03:48:09,Fair / Windy,10,10,33
03:50:09,Fair / Windy,10,10,33
03:52:09,Fair / Windy,10,10,33
03:54:09,Fair / Windy,10,10,33
03:56:09,Fair / Windy,10,10,33
03:58:08,Fair / Windy,10,10,33
04:00:08,Fair / Windy,10,10,33
04:02:09,Fair / Windy,10,10,33
04:04:09,Fair / Windy,10,10,33
04:06:08,Fair / Windy,10,10,33
04:08:08,Fair / Windy,10,10,33
04:10:09,Fair / Windy,10,10,35
04:12:09,Fair / Windy,10,10,35
04:14:08,Fair / Windy,10,10,35
04:16:08,Fair / Windy,10,10,35
04:18:09,Fair / Windy,10,10,35
04:20:09,Fair / Windy,10,10,35
04:22:09,Fair / Windy,10,10,35
04:24:09,Fair / Windy,10,10,35
04:26:09,Fair / Windy,10,10,35
04:28:09,Fair / Windy,10,10,35
04:30:08,Fair / Windy,10,10,35
04:32:08,Fair / Windy,10,10,35
04:34:08,Fair / Windy,10,10,35
04:36:09,Fair / Windy,10,10,35
04:38:09,Fair / Windy,10,10,35
04:40:09,Fair / Windy,10,10,35
04:42:08,Fair / Windy,10,10,35
04:44:09,Fair / Windy,10,10,35
04:46:09,Fair / Windy,10,10,35
04:48:08,Fair / Windy,10,10,35
04:50:09,Fair / Windy,10,10,35
04:52:09,Fair / Windy,10,10,35
04:54:08,Fair / Windy,10,10,35
04:56:08,Fair / Windy,10,10,35
04:58:09,Fair / Windy,10,10,35
05:00:09,Fair / Windy,10,10,35
05:02:09,Fair / Windy,10,10,35
05:04:08,Fair / Windy,10,10,35
05:06:09,Fair / Windy,10,10,35
05:08:09,Fair / Windy,10,10,35
05:10:09,Mostly Cloudy / Windy,10,10,35
05:12:09,Mostly Cloudy / Windy,10,10,35
05:14:09,Mostly Cloudy / Windy,10,10,35
05:16:08,Mostly Cloudy / Windy,10,10,35
05:18:09,Mostly Cloudy / Windy,10,10,35
05:20:08,Mostly Cloudy / Windy,10,10,35
05:22:08,Mostly Cloudy / Windy,10,10,35
05:24:09,Mostly Cloudy / Windy,10,10,35
05:26:09,Mostly Cloudy / Windy,10,10,35
05:28:09,Mostly Cloudy / Windy,10,10,35
05:30:08,Mostly Cloudy / Windy,10,10,35
05:32:09,Mostly Cloudy / Windy,10,10,35
05:34:09,Mostly Cloudy / Windy,10,10,35
05:36:09,Mostly Cloudy / Windy,10,10,35
05:38:08,Mostly Cloudy / Windy,10,10,35
05:40:09,Mostly Cloudy / Windy,10,10,35
05:42:09,Mostly Cloudy / Windy,10,10,35
05:44:09,Mostly Cloudy / Windy,10,10,35
05:46:08,Mostly Cloudy / Windy,10,10,35
05:48:08,Mostly Cloudy / Windy,10,10,35
05:50:08,Mostly Cloudy / Windy,10,10,35
05:52:09,Mostly Cloudy / Windy,10,10,35
05:54:09,Mostly Cloudy / Windy,10,10,35
05:56:09,Mostly Cloudy / Windy,10,10,35
05:58:08,Mostly Cloudy / Windy,10,10,35
06:00:09,Mostly Cloudy / Windy,10,10,35
06:02:09,Mostly Cloudy / Windy,10,10,35
06:04:09,Mostly Cloudy / Windy,10,10,35
06:06:08,Mostly Cloudy / Windy,10,10,35
06:08:08,Mostly Cloudy / Windy,10,10,35
06:10:09,Mostly Cloudy / Windy,10,10,33
06:12:09,Mostly Cloudy / Windy,10,10,33
06:14:09,Mostly Cloudy / Windy,10,10,33
06:16:08,Mostly Cloudy / Windy,10,10,33
06:18:09,Mostly Cloudy / Windy,10,10,33
06:20:09,Mostly Cloudy / Windy,10,10,33
06:22:09,Mostly Cloudy / Windy,10,10,33
06:24:08,Mostly Cloudy / Windy,10,10,33
06:26:08,Mostly Cloudy / Windy,10,10,33
06:28:08,Mostly Cloudy / Windy,10,10,33
06:30:09,Mostly Cloudy / Windy,10,10,33
06:32:09,Mostly Cloudy / Windy,10,10,33
06:34:09,Mostly Cloudy / Windy,10,10,33
06:36:09,Mostly Cloudy / Windy,10,10,33
06:38:08,Mostly Cloudy / Windy,10,10,33
06:40:09,Mostly Cloudy / Windy,10,10,33
06:42:09,Mostly Cloudy / Windy,10,10,33
06:44:09,Mostly Cloudy / Windy,10,10,33
06:46:08,Mostly Cloudy / Windy,10,10,33
06:48:09,Mostly Cloudy / Windy,10,10,33
06:50:09,Mostly Cloudy / Windy,10,10,33
06:52:08,Mostly Cloudy / Windy,10,10,33
06:54:08,Mostly Cloudy / Windy,10,10,33
06:56:09,Mostly Cloudy / Windy,10,10,33
06:58:09,Mostly Cloudy / Windy,10,10,33
07:00:08,Mostly Cloudy / Windy,10,10,33
07:02:09,Mostly Cloudy / Windy,10,10,33
07:04:09,Mostly Cloudy / Windy,10,10,33
07:06:09,Mostly Cloudy / Windy,10,10,33
07:08:08,Mostly Cloudy / Windy,10,10,33
07:10:09,Mostly Cloudy / Windy,10,10,33
07:12:09,Mostly Cloudy / Windy,10,10,33
07:14:09,Mostly Cloudy / Windy,10,10,33
07:16:08,Light Rain,11,11,32
07:18:09,Light Rain,11,11,32
07:20:09,Light Rain,11,11,32
07:22:08,Light Rain,11,11,32
07:24:09,Light Rain,11,11,32
07:26:09,Light Rain,11,11,32
07:28:09,Light Rain,11,11,32
07:30:09,Light Rain,11,11,32
07:32:09,Light Rain,11,11,32
07:34:09,Light Rain,11,11,32
07:36:08,Light Rain,11,11,32
07:38:09,Light Rain,11,11,32
07:40:09,Light Rain,11,11,32
07:42:09,Light Rain,11,11,32
07:44:09,Light Rain,11,11,32
07:46:09,Light Rain,11,11,32
07:48:09,Light Rain,11,11,32
07:50:08,Light Rain,11,11,32
07:52:08,Light Rain,11,11,32
07:54:09,Light Rain,11,11,32
07:56:09,Light Rain,11,11,32
07:58:09,Light Rain,11,11,32
08:00:08,Light Rain,11,11,32
08:02:08,Light Rain,11,11,32
08:04:09,Light Rain,11,11,32
08:06:09,Light Rain,11,11,32
08:08:09,Light Rain,11,11,32
08:10:08,Light Rain,10,10,25
08:12:09,Light Rain,10,10,25
08:14:09,Light Rain,10,10,25
08:16:09,Light Rain,10,10,25
08:18:09,Light Rain,10,10,25
08:20:09,Light Rain,10,10,25
08:22:09,Light Rain,10,10,25
08:24:09,Light Rain,10,10,25
08:26:08,Light Rain,10,10,25
08:28:08,Light Rain,10,10,25
08:30:09,Light Rain,10,10,25
08:32:09,Light Rain,10,10,25
08:34:08,Light Rain,10,10,25
08:36:09,Light Rain,10,10,25
08:38:09,Light Rain,10,10,25
08:40:09,Light Rain,10,10,25
08:42:08,Light Rain,10,10,25
08:44:08,Light Rain,10,10,25
08:46:09,Light Rain,10,10,25
08:48:09,Light Rain,10,10,25
08:50:09,Light Rain,10,10,25
08:52:08,Light Rain,10,10,25
08:54:09,Light Rain,10,10,25
08:56:09,Light Rain,10,10,25
08:58:08,Light Rain,10,10,25
09:00:08,Light Rain,10,10,25
09:02:09,Light Rain,10,10,25
09:04:09,Light Rain,10,10,25
09:06:08,Light Rain,10,10,25
09:08:08,Light Rain,10,10,25
09:10:09,Light Rain,11,11,28
09:12:09,Light Rain,11,11,28
09:14:09,Light Rain,11,11,28
09:16:08,Light Rain,11,11,28
09:18:09,Light Rain,11,11,28
09:20:09,Light Rain,11,11,28
09:22:09,Light Rain,11,11,28
09:24:09,Light Rain,11,11,28
09:26:09,Light Rain,11,11,28
09:28:09,Light Rain,11,11,28
09:30:09,Light Rain,11,11,28
09:32:09,Light Rain,11,11,28
09:34:08,Light Rain,11,11,28
09:36:09,Light Rain,11,11,28
09:38:09,Light Rain,11,11,28
09:40:09,Light Rain,11,11,28
09:42:08,Light Rain,11,11,28
09:44:09,Light Rain,11,11,28
09:46:09,Light Rain,11,11,28
09:48:09,Light Rain,11,11,28
09:50:08,Light Rain,11,11,28
09:52:09,Light Rain,11,11,28
09:54:09,Light Rain,11,11,28
09:56:08,Light Rain,11,11,28
09:58:09,Light Rain,11,11,28
10:00:09,Light Rain,11,11,28
10:02:08,Light Rain,11,11,28
10:04:08,Light Rain,11,11,28
10:06:09,Light Rain,11,11,28
10:08:09,Light Rain,11,11,28
10:10:08,Light Rain,11,11,28
10:12:08,Light Rain,11,11,28
10:14:08,Light Rain,11,11,28
10:16:09,Light Rain / Windy,12,12,37
10:18:09,Light Rain / Windy,12,12,37
10:20:09,Light Rain / Windy,12,12,37
10:22:09,Light Rain / Windy,12,12,37
10:24:08,Light Rain / Windy,12,12,37
10:26:09,Light Rain / Windy,12,12,37
10:28:09,Light Rain / Windy,12,12,37
10:30:08,Light Rain / Windy,12,12,37
10:32:09,Light Rain / Windy,12,12,37
10:34:08,Light Rain / Windy,12,12,37
10:36:09,Light Rain / Windy,12,12,37
10:38:09,Light Rain / Windy,12,12,37
10:40:09,Light Rain / Windy,12,12,37
10:42:09,Light Rain / Windy,12,12,37
10:44:09,Light Rain / Windy,12,12,37
10:46:09,Light Rain / Windy,12,12,37
10:48:08,Light Rain / Windy,12,12,37
10:50:09,Light Rain / Windy,12,12,37
10:52:09,Light Rain / Windy,12,12,37
10:54:08,Light Rain / Windy,12,12,37
10:56:08,Light Rain / Windy,12,12,37
10:58:09,Light Rain / Windy,12,12,37
11:00:09,Light Rain / Windy,12,12,37
11:02:08,Light Rain / Windy,12,12,37
11:04:09,Light Rain / Windy,12,12,37
11:06:09,Light Rain / Windy,12,12,37
11:08:09,Light Rain / Windy,12,12,37
11:10:08,Light Rain / Windy,12,12,35
11:12:09,Light Rain / Windy,12,12,35
11:14:09,Light Rain / Windy,12,12,35
11:16:09,Light Rain / Windy,12,12,35
11:18:09,Light Rain / Windy,12,12,35
11:20:09,Light Rain / Windy,12,12,35
11:22:08,Light Rain / Windy,12,12,35
11:24:09,Light Rain / Windy,12,12,35
11:26:09,Light Rain / Windy,12,12,35
11:28:09,Light Rain / Windy,12,12,35
11:30:08,Light Rain / Windy,12,12,35
11:32:09,Light Rain / Windy,12,12,35
11:34:09,Light Rain / Windy,12,12,35
11:36:09,Light Rain / Windy,12,12,35
11:38:08,Light Rain / Windy,12,12,35
11:40:09,Light Rain / Windy,12,12,35
11:42:09,Light Rain / Windy,12,12,35
11:44:09,Light Rain / Windy,12,12,35
11:46:09,Light Rain / Windy,12,12,35
11:48:09,Light Rain / Windy,12,12,35
11:50:09,Light Rain / Windy,12,12,35
11:52:08,Light Rain / Windy,12,12,35
11:54:09,Light Rain / Windy,12,12,35
11:56:09,Light Rain / Windy,12,12,35
11:58:08,Light Rain / Windy,12,12,35
12:00:09,Light Rain / Windy,12,12,35
12:02:09,Light Rain / Windy,12,12,35
12:04:09,Light Rain / Windy,12,12,35
12:06:08,Light Rain / Windy,12,12,35
12:08:08,Light Rain / Windy,12,12,35
12:10:09,Mostly Cloudy,12,12,27
12:12:09,Mostly Cloudy,12,12,27
12:14:08,Mostly Cloudy,12,12,27
12:16:08,Mostly Cloudy,12,12,27
12:18:09,Mostly Cloudy,12,12,27
12:20:08,Mostly Cloudy,12,12,27
12:22:08,Mostly Cloudy,12,12,27
12:24:09,Mostly Cloudy,12,12,27
12:26:09,Mostly Cloudy,12,12,27
12:28:08,Mostly Cloudy,12,12,27
12:30:09,Mostly Cloudy,12,12,27
12:32:09,Mostly Cloudy,12,12,27
12:34:09,Mostly Cloudy,12,12,27
12:36:08,Mostly Cloudy,12,12,27
12:38:08,Mostly Cloudy,12,12,27
12:40:09,Mostly Cloudy,12,12,27
12:42:09,Mostly Cloudy,12,12,27
12:44:08,Mostly Cloudy,12,12,27
12:46:09,Mostly Cloudy,12,12,27
12:48:09,Mostly Cloudy,12,12,27
12:50:09,Mostly Cloudy,12,12,27
12:52:08,Mostly Cloudy,12,12,27
12:54:08,Mostly Cloudy,12,12,27
12:56:09,Mostly Cloudy,12,12,27
12:58:09,Mostly Cloudy,12,12,27
13:00:09,Mostly Cloudy,12,12,27
13:02:08,Mostly Cloudy,12,12,27
13:04:08,Mostly Cloudy,12,12,27
13:06:09,Mostly Cloudy,12,12,27
13:08:09,Mostly Cloudy,12,12,27
13:10:09,Mostly Cloudy,12,12,27
13:12:08,Mostly Cloudy,12,12,27
13:14:08,Mostly Cloudy,12,12,27
13:16:09,Light Rain,11,11,20
13:18:09,Light Rain,11,11,20
13:20:08,Light Rain,11,11,20
13:22:09,Light Rain,11,11,20
13:24:09,Light Rain,11,11,20
13:26:09,Light Rain,11,11,20
13:28:09,Light Rain,11,11,20
13:30:09,Light Rain,11,11,20
13:32:09,Light Rain,11,11,20
13:34:08,Light Rain,11,11,20
13:36:09,Light Rain,11,11,20
13:38:09,Light Rain,11,11,20
13:40:09,Light Rain,11,11,20
13:42:09,Light Rain,11,11,20
13:44:09,Light Rain,11,11,20
13:46:09,Light Rain,11,11,20
13:48:08,Light Rain,11,11,20
13:50:09,Light Rain,11,11,20
13:52:09,Light Rain,11,11,20
13:54:09,Light Rain,11,11,20
13:56:09,Light Rain,11,11,20
13:58:08,Light Rain,11,11,20
14:00:09,Light Rain,11,11,20
14:02:09,Light Rain,11,11,20
14:04:08,Light Rain,11,11,20
14:06:08,Light Rain,11,11,20
14:08:09,Light Rain,11,11,20
14:10:09,Light Rain,11,11,16
14:12:08,Light Rain,11,11,16
14:14:08,Light Rain,11,11,16
14:16:09,Light Rain,11,11,16
14:18:09,Light Rain,11,11,16
14:20:08,Light Rain,11,11,16
14:22:09,Light Rain,11,11,16
14:24:09,Light Rain,11,11,16
14:26:09,Light Rain,11,11,16
14:28:09,Light Rain,11,11,16
14:30:08,Light Rain,11,11,16
14:32:09,Light Rain,11,11,16
14:34:09,Light Rain,11,11,16
14:36:09,Light Rain,11,11,16
14:38:08,Light Rain,11,11,16
14:40:09,Light Rain,11,11,16
14:42:09,Light Rain,11,11,16
14:44:08,Light Rain,11,11,16
14:46:09,Light Rain,11,11,16
14:48:09,Light Rain,11,11,16
14:50:09,Light Rain,11,11,16
14:52:08,Light Rain,11,11,16
14:54:09,Light Rain,11,11,16
14:56:09,Light Rain,11,11,16
14:58:08,Light Rain,11,11,16
15:00:09,Light Rain,11,11,16
15:02:09,Light Rain,11,11,16
15:04:09,Light Rain,11,11,16
15:06:09,Light Rain,11,11,16
15:08:09,Light Rain,11,11,16
15:10:09,Light Rain,11,11,16
15:12:09,Light Rain,11,11,16
15:14:08,Light Rain,11,11,16
15:16:09,Light Rain,11,11,16
15:18:08,Light Rain,11,11,16
15:20:09,Light Rain,11,11,16
15:22:09,Light Rain,11,11,16
15:24:09,Light Rain,11,11,16
15:26:08,Light Rain,11,11,16
15:28:08,Light Rain,11,11,16
15:30:09,Light Rain,11,11,16
15:32:09,Light Rain,11,11,16
15:34:08,Light Rain,11,11,16
15:36:08,Light Rain,11,11,16
15:38:09,Light Rain,11,11,16
15:40:09,Light Rain,11,11,16
15:42:08,Light Rain,11,11,16
15:44:08,Light Rain,11,11,16
15:46:09,Light Rain,11,11,16
15:48:09,Light Rain,11,11,16
15:50:08,Light Rain,11,11,16
15:52:08,Light Rain,11,11,16
15:54:09,Light Rain,11,11,16
15:56:09,Light Rain,11,11,16
15:58:09,Light Rain,11,11,16
16:00:08,Light Rain,11,11,16
16:02:09,Light Rain,11,11,16
16:04:09,Light Rain,11,11,16
16:06:08,Light Rain,11,11,16
16:08:08,Light Rain,11,11,16
16:10:09,Light Rain,10,10,14
16:12:09,Light Rain,10,10,14
16:14:08,Light Rain,10,10,14
16:16:08,Light Rain,10,10,14
16:18:09,Light Rain,10,10,14
16:20:09,Light Rain,10,10,14
16:22:09,Light Rain,10,10,14
16:24:09,Light Rain,10,10,14
16:26:09,Light Rain,10,10,14
16:28:08,Light Rain,10,10,14
16:30:09,Light Rain,10,10,14
16:32:09,Light Rain,10,10,14
16:34:08,Light Rain,10,10,14
16:36:09,Light Rain,10,10,14
16:38:09,Light Rain,10,10,14
16:40:09,Light Rain,10,10,14
16:42:08,Light Rain,10,10,14
16:44:09,Light Rain,10,10,14
16:46:09,Light Rain,10,10,14
16:48:09,Light Rain,10,10,14
16:50:08,Light Rain,10,10,14
16:52:08,Light Rain,10,10,14
16:54:09,Light Rain,10,10,14
16:56:09,Light Rain,10,10,14
16:58:09,Light Rain,10,10,14
17:00:09,Light Rain,10,10,14
17:02:09,Light Rain,10,10,14
17:04:09,Light Rain,10,10,14
17:06:09,Light Rain,10,10,14
17:08:09,Light Rain,10,10,14
17:10:09,Light Rain,10,10,14
17:12:08,Light Rain,10,10,14
17:14:09,Light Rain,10,10,14
17:16:09,Light Rain,10,10,12
17:18:09,Light Rain,10,10,12
17:20:09,Light Rain,10,10,12
17:22:09,Light Rain,10,10,12
17:24:08,Light Rain,10,10,12
17:26:09,Light Rain,10,10,12
17:28:09,Light Rain,10,10,12
17:30:08,Light Rain,10,10,12
17:32:08,Light Rain,10,10,12
17:34:09,Light Rain,10,10,12
17:36:09,Light Rain,10,10,12
17:38:09,Light Rain,10,10,12
17:40:08,Light Rain,10,10,12
17:42:09,Light Rain,10,10,12
17:44:09,Light Rain,10,10,12
17:46:09,Light Rain,10,10,12
17:48:08,Light Rain,10,10,12
17:50:08,Light Rain,10,10,12
17:52:09,Light Rain,10,10,12
17:54:09,Light Rain,10,10,12
17:56:08,Light Rain,10,10,12
17:58:08,Light Rain,10,10,12
18:00:09,Light Rain,10,10,12
18:02:09,Light Rain,10,10,12
18:04:08,Light Rain,10,10,12
18:06:09,Light Rain,10,10,12
18:08:09,Light Rain,10,10,12
18:10:09,Light Rain,10,10,12
18:12:09,Light Rain,10,10,12
18:14:08,Light Rain,10,10,12
18:16:09,Light Rain,8,6,16
18:18:09,Light Rain,8,6,16
18:20:08,Light Rain,8,6,16
18:22:08,Light Rain,8,6,16
18:24:09,Light Rain,8,6,16
18:26:09,Light Rain,8,6,16
18:28:09,Light Rain,8,6,16
18:30:09,Light Rain,8,6,16
18:32:09,Light Rain,8,6,16
18:34:08,Light Rain,8,6,16
18:36:09,Light Rain,8,6,16
18:38:09,Light Rain,8,6,16
18:40:09,Light Rain,8,6,16
18:42:08,Light Rain,8,6,16
18:44:09,Light Rain,8,6,16
18:46:09,Light Rain,8,6,16
18:48:08,Light Rain,8,6,16
18:50:09,Light Rain,8,6,16
18:52:09,Light Rain,8,6,16
18:54:09,Light Rain,8,6,16
18:56:08,Light Rain,8,6,16
18:58:08,Light Rain,8,6,16
19:00:09,Light Rain,8,6,16
19:02:09,Light Rain,8,6,16
19:04:08,Light Rain,8,6,16
19:06:08,Light Rain,8,6,16
19:08:09,Light Rain,8,6,16
19:10:09,Light Rain,8,6,16
19:12:09,Light Rain,8,6,16
19:14:08,Light Rain,8,6,16
19:16:08,Light Rain,8,6,16
19:18:09,Mostly Cloudy,8,6,14
19:20:08,Mostly Cloudy,8,6,14
19:22:08,Mostly Cloudy,8,6,14
19:24:08,Mostly Cloudy,8,6,14
19:26:09,Mostly Cloudy,8,6,14
19:28:09,Mostly Cloudy,8,6,14
19:30:08,Mostly Cloudy,8,6,14
19:32:09,Mostly Cloudy,8,6,14
19:34:09,Mostly Cloudy,8,6,14
19:36:08,Mostly Cloudy,8,6,14
19:38:09,Mostly Cloudy,8,6,14
19:40:09,Mostly Cloudy,8,6,14
19:42:08,Mostly Cloudy,8,6,14
19:44:09,Mostly Cloudy,8,6,14
19:46:09,Mostly Cloudy,8,6,14
19:48:09,Mostly Cloudy,8,6,14
19:50:09,Mostly Cloudy,8,6,14
19:52:09,Mostly Cloudy,8,6,14
19:54:08,Mostly Cloudy,8,6,14
19:56:09,Mostly Cloudy,8,6,14
19:58:09,Mostly Cloudy,8,6,14
20:00:08,Mostly Cloudy,8,6,14
20:02:09,Mostly Cloudy,8,6,14
20:04:09,Mostly Cloudy,8,6,14
20:06:09,Mostly Cloudy,8,6,14
20:08:08,Mostly Cloudy,8,6,14
20:10:08,Mostly Cloudy,8,6,14
20:12:09,Mostly Cloudy,8,7,11
20:14:09,Mostly Cloudy,8,7,11
20:16:08,Mostly Cloudy,8,7,11
20:18:09,Mostly Cloudy,8,7,11
20:20:08,Mostly Cloudy,8,7,11
20:22:09,Mostly Cloudy,8,7,11
20:24:09,Mostly Cloudy,8,7,11
20:26:09,Mostly Cloudy,8,7,11
20:28:08,Mostly Cloudy,8,7,11
20:30:08,Mostly Cloudy,8,7,11
20:32:09,Mostly Cloudy,8,7,11
20:34:09,Mostly Cloudy,8,7,11
20:36:08,Mostly Cloudy,8,7,11
20:38:09,Mostly Cloudy,8,7,11
20:40:09,Mostly Cloudy,8,7,11
20:42:09,Mostly Cloudy,8,7,11
20:44:08,Mostly Cloudy,8,7,11
20:46:09,Mostly Cloudy,8,7,11
20:48:09,Mostly Cloudy,8,7,11
20:50:08,Mostly Cloudy,8,7,11
20:52:08,Mostly Cloudy,8,7,11
20:54:09,Mostly Cloudy,8,7,11
20:56:08,Mostly Cloudy,8,7,11
20:58:08,Mostly Cloudy,8,7,11
21:00:09,Mostly Cloudy,8,7,11
21:02:09,Mostly Cloudy,8,7,11
21:04:08,Mostly Cloudy,8,7,11
21:06:08,Mostly Cloudy,8,7,11
21:08:09,Mostly Cloudy,8,7,11
21:10:09,Mostly Cloudy,8,7,11
21:12:09,Mostly Cloudy,8,7,9
21:14:09,Mostly Cloudy,8,7,9
21:16:09,Mostly Cloudy,8,7,9
21:18:08,Mostly Cloudy,8,7,9
21:20:08,Mostly Cloudy,8,7,9
21:22:08,Mostly Cloudy,8,7,9
21:24:09,Mostly Cloudy,8,7,9
21:26:09,Mostly Cloudy,8,7,9
21:28:08,Mostly Cloudy,8,7,9
21:30:08,Mostly Cloudy,8,7,9
21:32:09,Mostly Cloudy,8,7,9
21:34:09,Mostly Cloudy,8,7,9
21:36:08,Mostly Cloudy,8,7,9
21:38:08,Mostly Cloudy,8,7,9
21:40:09,Mostly Cloudy,8,7,9
21:42:09,Mostly Cloudy,8,7,9
21:44:08,Mostly Cloudy,8,7,9
21:46:08,Mostly Cloudy,8,7,9
21:48:09,Mostly Cloudy,8,7,9
21:50:09,Mostly Cloudy,8,7,9
21:52:08,Mostly Cloudy,8,7,9
21:54:09,Mostly Cloudy,8,7,9
21:56:09,Mostly Cloudy,8,7,9
21:58:08,Mostly Cloudy,8,7,9
22:00:08,Mostly Cloudy,8,7,9
22:02:09,Mostly Cloudy,8,7,9
22:04:09,Mostly Cloudy,8,7,9
22:06:09,Mostly Cloudy,8,7,9
22:08:08,Mostly Cloudy,8,7,9
22:10:08,Mostly Cloudy,8,7,9
22:12:09,Mostly Cloudy,7,5,12
22:14:09,Mostly Cloudy,7,5,12
22:16:09,Mostly Cloudy,7,5,12
22:18:08,Mostly Cloudy,7,5,12
22:20:09,Mostly Cloudy,7,5,12
22:22:09,Mostly Cloudy,7,5,12
22:24:09,Mostly Cloudy,7,5,12
22:26:09,Mostly Cloudy,7,5,12
22:28:08,Mostly Cloudy,7,5,12
22:30:08,Mostly Cloudy,7,5,12
22:32:09,Mostly Cloudy,7,5,12
22:34:09,Mostly Cloudy,7,5,12
22:36:09,Mostly Cloudy,7,5,12
22:38:08,Mostly Cloudy,7,5,12
22:40:09,Mostly Cloudy,7,5,12
22:42:09,Mostly Cloudy,7,5,12
22:44:09,Mostly Cloudy,7,5,12
22:46:08,Mostly Cloudy,7,5,12
22:48:08,Mostly Cloudy,7,5,12
22:50:09,Mostly Cloudy,7,5,12
22:52:09,Mostly Cloudy,7,5,12
22:54:09,Mostly Cloudy,7,5,12
22:56:09,Mostly Cloudy,7,5,12
22:58:08,Mostly Cloudy,7,5,12
23:00:09,Mostly Cloudy,7,5,12
23:02:08,Mostly Cloudy,7,5,12
23:04:09,Mostly Cloudy,7,5,12
23:06:09,Mostly Cloudy,7,5,12
23:08:08,Mostly Cloudy,7,5,12
23:10:09,Mostly Cloudy,7,5,12
23:12:09,Mist,7,7,3
23:14:08,Mist,7,7,3
23:16:09,Mist,7,7,3
23:18:09,Mist,7,7,3
23:20:09,Mist,7,7,3
23:22:09,Mist,7,7,3
23:24:09,Mist,7,7,3
23:26:09,Mist,7,7,3
23:28:08,Mist,7,7,3
23:30:08,Mist,7,7,3
23:32:09,Mist,7,7,3
23:34:09,Mist,7,7,3
23:36:08,Mist,7,7,3
23:38:09,Mist,7,7,3
23:40:09,Mist,7,7,3
23:42:09,Mist,7,7,3
23:44:08,Mist,7,7,3
23:46:09,Mist,7,7,3
23:48:09,Mist,7,7,3
23:50:09,Mist,7,7,3
23:52:09,Mist,7,7,3
23:54:08,Mist,7,7,3
23:56:09,Mist,7,7,3
23:58:09,Mist,7,7,3
