Time,Weather,Temperature,Feels_Like,Wind_Speed
00:00:08,Mostly Cloudy,12,12,28
00:02:09,Mostly Cloudy,12,12,28
00:04:09,Mostly Cloudy,12,12,28
00:06:09,Mostly Cloudy,12,12,28
00:08:08,Mostly Cloudy,12,12,28
00:10:09,Mostly Cloudy,12,12,28
00:12:09,Mostly Cloudy,12,12,28
00:14:09,Mostly Cloudy,12,12,25
00:16:08,Mostly Cloudy,12,12,25
00:18:09,Mostly Cloudy,12,12,25
00:20:09,Mostly Cloudy,12,12,25
00:22:09,Mostly Cloudy,12,12,25
00:24:08,Mostly Cloudy,12,12,25
00:26:08,Mostly Cloudy,12,12,25
00:28:09,Mostly Cloudy,12,12,25
00:30:09,Mostly Cloudy,12,12,25
00:32:08,Mostly Cloudy,12,12,25
00:34:08,Mostly Cloudy,12,12,25
00:36:09,Mostly Cloudy,12,12,25
00:38:09,Mostly Cloudy,12,12,25
00:40:09,Mostly Cloudy,12,12,25
00:42:08,Mostly Cloudy,12,12,25
00:44:09,Mostly Cloudy,12,12,25
00:46:09,Mostly Cloudy,12,12,25
00:48:09,Mostly Cloudy,12,12,25
00:50:09,Mostly Cloudy,12,12,25
00:52:09,Mostly Cloudy,12,12,25
00:54:09,Mostly Cloudy,12,12,25
00:56:09,Mostly Cloudy,12,12,25
00:58:08,Mostly Cloudy,12,12,25
01:00:17,Mostly Cloudy,12,12,25
01:02:09,Mostly Cloudy,12,12,25
01:04:09,Mostly Cloudy,12,12,25
01:06:09,Mostly Cloudy,12,12,25
01:08:09,Light Rain,12,12,28
01:10:08,Light Rain,12,12,28
01:12:09,Light Rain,12,12,28
01:14:09,Light Rain,12,12,28
01:16:09,Light Rain,12,12,28
01:18:09,Light Rain,12,12,28
01:20:08,Light Rain,12,12,28
01:22:09,Light Rain,12,12,28
01:24:09,Light Rain,12,12,28
01:26:09,Light Rain,12,12,28
01:28:08,Light Rain,12,12,28
01:30:09,Light Rain,12,12,28
01:32:09,Light Rain,12,12,28
01:34:09,Light Rain,12,12,28
01:36:09,Light Rain,12,12,28
01:38:09,Light Rain,12,12,28
01:40:09,Light Rain,12,12,28
01:42:09,Light Rain,12,12,28
01:44:08,Light Rain,12,12,28
01:46:08,Light Rain,12,12,28
01:48:08,Light Rain,12,12,28
01:50:09,Light Rain,12,12,28
01:52:09,Light Rain,12,12,28
01:54:09,Light Rain,12,12,28
01:56:09,Light Rain,12,12,28
01:58:09,Light Rain,12,12,28
02:00:09,Light Rain,12,12,28
02:02:08,Light Rain,12,12,28
02:04:09,Light Rain,12,12,28
02:06:09,Light Rain,12,12,28
02:08:08,Light Rain,12,12,28
02:10:09,Light Rain,12,12,28
02:12:09,Light Rain,12,12,28
02:14:08,Light Rain,12,12,28
02:16:09,Mostly Cloudy,12,12,22
02:18:08,Mostly Cloudy,12,12,22
02:20:09,Mostly Cloudy,12,12,22
02:22:09,Mostly Cloudy,12,12,22
02:24:08,Mostly Cloudy,12,12,22
02:26:09,Mostly Cloudy,12,12,22
02:28:09,Mostly Cloudy,12,12,22
02:30:09,Mostly Cloudy,12,12,22
02:32:09,Mostly Cloudy,12,12,22
02:34:09,Mostly Cloudy,12,12,22
02:36:08,Mostly Cloudy,12,12,22
02:38:09,Mostly Cloudy,12,12,22
02:40:09,Mostly Cloudy,12,12,22
02:42:08,Mostly Cloudy,12,12,22
02:44:09,Mostly Cloudy,12,12,22
02:46:09,Mostly Cloudy,12,12,22
02:48:08,Mostly Cloudy,12,12,22
02:50:09,Mostly Cloudy,12,12,22
02:52:09,Mostly Cloudy,12,12,22
02:54:09,Mostly Cloudy,12,12,22
02:56:08,Mostly Cloudy,12,12,22
02:58:09,Mostly Cloudy,12,12,22
03:00:09,Mostly Cloudy,12,12,22
03:02:08,Mostly Cloudy,12,12,22
03:04:09,Mostly Cloudy,12,12,22
03:06:09,Mostly Cloudy,12,12,22
03:08:08,Mostly Cloudy,12,12,22
03:10:09,Mostly Cloudy,12,12,22
03:12:08,Mostly Cloudy,12,12,22
03:14:08,Mostly Cloudy,12,12,22
03:16:09,Mostly Cloudy,12,12,22
03:18:08,Mostly Cloudy,12,12,22
03:20:09,Mostly Cloudy,12,12,22
03:22:09,Mostly Cloudy,12,12,22
03:24:08,Mostly Cloudy,12,12,22
03:26:09,Mostly Cloudy,12,12,22
03:28:09,Mostly Cloudy,12,12,22
03:30:09,Mostly Cloudy,12,12,22
03:32:09,Mostly Cloudy,12,12,22
03:34:09,Mostly Cloudy,12,12,22
03:36:08,Mostly Cloudy,12,12,22
03:38:09,Mostly Cloudy,12,12,22
03:40:09,Mostly Cloudy,12,12,22
03:42:09,Mostly Cloudy,12,12,22
03:44:09,Mostly Cloudy,12,12,22
03:46:09,Mostly Cloudy,12,12,22
03:48:09,Mostly Cloudy,12,12,22
03:50:09,Mostly Cloudy,12,12,22
03:52:08,Mostly Cloudy,12,12,22
03:54:09,Mostly Cloudy,12,12,22
03:56:08,Mostly Cloudy,12,12,22
03:58:08,Mostly Cloudy,12,12,22
04:00:09,Mostly Cloudy,12,12,22
04:02:09,Mostly Cloudy,12,12,22
04:04:09,Mostly Cloudy,12,12,22
04:06:09,Mostly Cloudy,12,12,22
04:08:09,Mostly Cloudy,12,12,22
04:10:09,Mostly Cloudy,12,12,22
04:12:09,Mostly Cloudy,12,12,22
04:14:09,Mostly Cloudy,12,12,22
04:16:09,Mostly Cloudy,12,12,19
04:18:09,Mostly Cloudy,12,12,19
04:20:09,Mostly Cloudy,12,12,19
04:22:08,Mostly Cloudy,12,12,19
04:24:09,Mostly Cloudy,12,12,19
04:26:09,Mostly Cloudy,12,12,19
04:28:09,Mostly Cloudy,12,12,19
04:30:09,Mostly Cloudy,12,12,19
04:32:09,Mostly Cloudy,12,12,19
04:34:09,Mostly Cloudy,12,12,19
04:36:08,Mostly Cloudy,12,12,19
04:38:09,Mostly Cloudy,12,12,19
04:40:09,Mostly Cloudy,12,12,19
04:42:09,Mostly Cloudy,12,12,19
04:44:09,Mostly Cloudy,12,12,19
04:46:09,Mostly Cloudy,12,12,19
04:48:09,Mostly Cloudy,12,12,19
04:50:08,Mostly Cloudy,12,12,19
04:52:08,Mostly Cloudy,12,12,19
04:54:09,Mostly Cloudy,12,12,19
04:56:09,Mostly Cloudy,12,12,19
04:58:08,Mostly Cloudy,12,12,19
05:00:09,Mostly Cloudy,12,12,19
05:02:08,Mostly Cloudy,12,12,19
05:04:08,Mostly Cloudy,12,12,19
05:06:08,Mostly Cloudy,12,12,19
05:08:09,Mostly Cloudy,12,12,19
05:10:08,Mostly Cloudy,12,12,14
05:12:09,Mostly Cloudy,12,12,14
05:14:09,Mostly Cloudy,12,12,14
05:16:08,Mostly Cloudy,12,12,14
05:18:09,Mostly Cloudy,12,12,14
05:20:09,Mostly Cloudy,12,12,14
05:22:09,Mostly Cloudy,12,12,14
05:24:09,Mostly Cloudy,12,12,14
05:26:09,Mostly Cloudy,12,12,14
05:28:08,Mostly Cloudy,12,12,14
05:30:08,Mostly Cloudy,12,12,14
05:32:09,Mostly Cloudy,12,12,14
05:34:09,Mostly Cloudy,12,12,14
05:36:08,Mostly Cloudy,12,12,14
05:38:09,Mostly Cloudy,12,12,14
05:40:09,Mostly Cloudy,12,12,14
05:42:08,Mostly Cloudy,12,12,14
05:44:09,Mostly Cloudy,12,12,14
05:46:09,Mostly Cloudy,12,12,14
05:48:09,Mostly Cloudy,12,12,14
05:50:08,Mostly Cloudy,12,12,14
05:52:08,Mostly Cloudy,12,12,14
05:54:09,Mostly Cloudy,12,12,14
05:56:09,Mostly Cloudy,12,12,14
05:58:08,Mostly Cloudy,12,12,14
06:00:09,Mostly Cloudy,12,12,14
06:02:09,Mostly Cloudy,12,12,14
06:04:09,Mostly Cloudy,12,12,14
06:06:09,Mostly Cloudy,12,12,14
06:08:08,Mostly Cloudy,12,12,14
06:10:09,Mostly Cloudy,12,12,14
06:12:09,Mostly Cloudy,12,12,14
06:14:09,Mostly Cloudy,12,12,14
06:16:08,Light Rain,12,12,12
06:18:09,Light Rain,12,12,12
06:20:09,Light Rain,12,12,12
06:22:09,Light Rain,12,12,12
06:24:08,Light Rain,12,12,12
06:26:09,Light Rain,12,12,12
06:28:09,Light Rain,12,12,12
06:30:08,Light Rain,12,12,12
06:32:08,Light Rain,12,12,12
06:34:09,Light Rain,12,12,12
06:36:09,Light Rain,12,12,12
06:38:09,Light Rain,12,12,12
06:40:08,Light Rain,12,12,12
06:42:09,Light Rain,12,12,12
06:44:09,Light Rain,12,12,12
06:46:09,Light Rain,12,12,12
06:48:08,Light Rain,12,12,12
06:50:08,Light Rain,12,12,12
06:52:09,Light Rain,12,12,12
06:54:08,Light Rain,12,12,12
06:56:08,Light Rain,12,12,12
06:58:09,Light Rain,12,12,12
07:00:09,Light Rain,12,12,12
07:02:09,Light Rain,12,12,12
07:04:08,Light Rain,12,12,12
07:06:09,Light Rain,12,12,12
07:08:09,Light Rain,12,12,12
07:10:09,Light Rain,12,12,12
07:12:08,Light Rain,12,12,12
07:14:08,Light Rain,12,12,12
07:16:09,Light Rain,12,12,12
07:18:09,Light Rain,12,12,12
07:20:08,Light Rain,12,12,12
07:22:08,Light Rain,12,12,24
07:24:09,Light Rain,12,12,24
07:26:09,Light Rain,12,12,24
07:28:08,Light Rain,12,12,24
07:30:08,Light Rain,12,12,24
07:32:09,Light Rain,12,12,24
07:34:09,Light Rain,12,12,24
07:36:08,Light Rain,12,12,24
07:38:09,Light Rain,12,12,24
07:40:09,Light Rain,12,12,24
07:42:09,Light Rain,12,12,24
07:44:08,Light Rain,12,12,24
07:46:09,Light Rain,12,12,24
07:48:09,Light Rain,12,12,24
07:50:09,Light Rain,12,12,24
07:52:08,Light Rain,12,12,24
07:54:09,Light Rain,12,12,24
07:56:09,Light Rain,12,12,24
07:58:08,Light Rain,12,12,24
08:00:09,Light Rain,12,12,24
08:02:09,Light Rain,12,12,24
08:04:08,Light Rain,12,12,24
08:06:09,Light Rain,12,12,24
08:08:09,Light Rain,12,12,24
08:10:08,Light Rain,12,12,24
08:12:09,Light Rain,12,12,24
08:14:09,Light Rain,12,12,24
08:16:08,Light Drizzle,12,12,22
08:18:09,Light Drizzle,12,12,22
08:20:09,Light Drizzle,12,12,22
08:22:09,Light Drizzle,12,12,22
08:24:09,Light Drizzle,12,12,22
08:26:09,Light Drizzle,12,12,22
08:28:09,Light Drizzle,12,12,22
08:30:08,Light Drizzle,12,12,22
08:32:09,Light Drizzle,12,12,22
08:34:09,Light Drizzle,12,12,22
08:36:08,Light Drizzle,12,12,22
08:38:08,Light Drizzle,12,12,22
08:40:09,Light Drizzle,12,12,22
08:42:09,Light Drizzle,12,12,22
08:44:08,Light Drizzle,12,12,22
08:46:08,Light Drizzle,12,12,12
08:48:09,Light Drizzle,12,12,12
08:50:08,Light Drizzle,12,12,12
08:52:08,Light Drizzle,12,12,12
08:54:09,Light Drizzle,12,12,12
08:56:09,Light Drizzle,12,12,12
08:58:09,Light Drizzle,12,12,12
09:00:09,Light Drizzle,12,12,12
09:02:09,Light Drizzle,12,12,12
09:04:08,Light Drizzle,12,12,12
09:06:09,Light Drizzle,12,12,12
09:08:09,Light Drizzle,12,12,12
09:10:09,Light Drizzle,12,12,12
09:12:08,Light Drizzle,12,12,12
09:14:08,Light Drizzle,12,12,12
09:16:09,Mostly Cloudy,12,12,20
09:18:09,Mostly Cloudy,12,12,20
09:20:08,Mostly Cloudy,12,12,20
09:22:09,Mostly Cloudy,12,12,20
09:24:08,Mostly Cloudy,12,12,20
09:26:08,Mostly Cloudy,12,12,20
09:28:08,Mostly Cloudy,12,12,20
09:30:09,Mostly Cloudy,12,12,20
09:32:09,Mostly Cloudy,12,12,20
09:34:09,Mostly Cloudy,12,12,20
09:36:08,Mostly Cloudy,12,12,20
09:38:09,Mostly Cloudy,12,12,20
09:40:09,Mostly Cloudy,12,12,25
09:42:09,Mostly Cloudy,12,12,25
09:44:09,Mostly Cloudy,12,12,25
09:46:08,Mostly Cloudy,12,12,25
09:48:08,Mostly Cloudy,12,12,25
09:50:09,Mostly Cloudy,12,12,25
09:52:09,Mostly Cloudy,12,12,25
09:54:08,Mostly Cloudy,12,12,25
09:56:09,Mostly Cloudy,12,12,25
09:58:09,Mostly Cloudy,12,12,25
10:00:08,Mostly Cloudy,12,12,25
10:02:08,Mostly Cloudy,12,12,25
10:04:09,Mostly Cloudy,12,12,25
10:06:09,Mostly Cloudy,12,12,25
10:08:08,Mostly Cloudy,12,12,25
10:10:09,Mostly Cloudy,12,12,19
10:12:09,Mostly Cloudy,12,12,19
10:14:09,Mostly Cloudy,12,12,19
10:16:09,Mostly Cloudy,12,12,19
10:18:09,Mostly Cloudy,12,12,19
10:20:09,Mostly Cloudy,12,12,19
10:22:08,Mostly Cloudy,12,12,19
10:24:09,Mostly Cloudy,12,12,19
10:26:09,Mostly Cloudy,12,12,19
10:28:09,Mostly Cloudy,12,12,19
10:30:08,Mostly Cloudy,12,12,19
10:32:08,Mostly Cloudy,12,12,19
10:34:09,Mostly Cloudy,12,12,19
10:36:09,Mostly Cloudy,12,12,19
10:38:08,Mostly Cloudy,12,12,19
10:40:08,Mostly Cloudy,12,12,19
10:42:09,Mostly Cloudy,12,12,19
10:44:09,Mostly Cloudy,12,12,19
10:46:08,Mostly Cloudy,12,12,28
10:48:09,Mostly Cloudy,12,12,28
10:50:09,Mostly Cloudy,12,12,28
10:52:09,Mostly Cloudy,12,12,28
10:54:08,Mostly Cloudy,12,12,28
10:56:08,Mostly Cloudy,12,12,28
10:58:09,Mostly Cloudy,12,12,28
11:00:09,Mostly Cloudy,12,12,28
11:02:09,Mostly Cloudy,12,12,28
11:04:08,Mostly Cloudy,12,12,28
11:06:08,Mostly Cloudy,12,12,28
11:08:09,Mostly Cloudy,12,12,28
11:10:09,Mostly Cloudy,12,12,28
11:12:08,Mostly Cloudy,12,12,28
11:14:09,Mostly Cloudy,12,12,28
11:16:09,Mostly Cloudy,13,13,27
11:18:08,Mostly Cloudy,13,13,27
11:20:09,Mostly Cloudy,13,13,27
11:22:09,Mostly Cloudy,13,13,27
11:24:09,Mostly Cloudy,13,13,27
11:26:08,Mostly Cloudy,13,13,27
11:28:08,Mostly Cloudy,13,13,27
11:30:09,Mostly Cloudy,13,13,27
11:32:09,Mostly Cloudy,13,13,27
11:34:08,Mostly Cloudy,13,13,27
11:36:09,Mostly Cloudy,13,13,27
11:38:08,Mostly Cloudy,13,13,27
11:40:09,Mostly Cloudy,13,13,27
11:42:09,Mostly Cloudy,13,13,27
11:44:09,Mostly Cloudy,13,13,27
11:46:08,Mostly Cloudy,13,13,28
11:48:09,Mostly Cloudy,13,13,28
11:50:09,Mostly Cloudy,13,13,28
11:52:09,Mostly Cloudy,13,13,28
11:54:09,Mostly Cloudy,13,13,28
11:56:09,Mostly Cloudy,13,13,28
11:58:09,Mostly Cloudy,13,13,28
12:00:08,Mostly Cloudy,13,13,28
12:02:08,Mostly Cloudy,13,13,28
12:04:09,Mostly Cloudy,13,13,28
12:06:09,Mostly Cloudy,13,13,28
12:08:08,Mostly Cloudy,13,13,28
12:10:08,Mostly Cloudy,13,13,28
12:12:09,Mostly Cloudy,13,13,28
12:14:09,Mostly Cloudy,13,13,28
12:16:09,Mostly Cloudy,13,13,32
12:18:09,Mostly Cloudy,13,13,32
12:20:09,Mostly Cloudy,13,13,32
12:22:08,Mostly Cloudy,13,13,32
12:24:09,Mostly Cloudy,13,13,32
12:26:09,Mostly Cloudy,13,13,32
12:28:09,Mostly Cloudy,13,13,32
12:30:09,Mostly Cloudy,13,13,32
12:32:09,Mostly Cloudy,13,13,32
12:34:09,Mostly Cloudy,13,13,32
12:36:08,Mostly Cloudy,13,13,32
12:38:09,Mostly Cloudy,13,13,32
12:40:09,Mostly Cloudy,13,13,32
12:42:09,Mostly Cloudy,13,13,32
12:44:08,Mostly Cloudy,13,13,32
12:46:08,Mostly Cloudy,13,13,28
12:48:09,Mostly Cloudy,13,13,28
12:50:09,Mostly Cloudy,13,13,28
12:52:09,Mostly Cloudy,13,13,28
12:54:08,Mostly Cloudy,13,13,28
12:56:08,Mostly Cloudy,13,13,28
12:58:09,Mostly Cloudy,13,13,28
13:00:08,Mostly Cloudy,13,13,28
13:02:08,Mostly Cloudy,13,13,28
13:04:08,Mostly Cloudy,13,13,28
13:06:09,Mostly Cloudy,13,13,28
13:08:09,Mostly Cloudy,13,13,28
13:10:09,Mostly Cloudy,13,13,28
13:12:09,Mostly Cloudy,13,13,28
13:14:09,Mostly Cloudy,13,13,28
13:16:08,Mostly Cloudy,13,13,27
13:18:09,Mostly Cloudy,13,13,27
13:20:08,Mostly Cloudy,13,13,27
13:22:09,Mostly Cloudy,13,13,27
13:24:09,Mostly Cloudy,13,13,27
13:26:09,Mostly Cloudy,13,13,27
13:28:08,Mostly Cloudy,13,13,27
13:30:08,Mostly Cloudy,13,13,27
13:32:09,Mostly Cloudy,13,13,27
13:34:09,Mostly Cloudy,13,13,27
13:36:09,Mostly Cloudy,13,13,27
13:38:08,Mostly Cloudy,13,13,27
13:40:08,Mostly Cloudy,13,13,27
13:42:09,Mostly Cloudy,13,13,27
13:44:08,Mostly Cloudy,13,13,27
13:46:08,Mostly Cloudy,13,13,25
13:48:09,Mostly Cloudy,13,13,25
13:50:09,Mostly Cloudy,13,13,25
13:52:09,Mostly Cloudy,13,13,25
13:54:09,Mostly Cloudy,13,13,25
13:56:08,Mostly Cloudy,13,13,25
13:58:08,Mostly Cloudy,13,13,25
14:00:09,Mostly Cloudy,13,13,25
14:02:09,Mostly Cloudy,13,13,25
14:04:08,Mostly Cloudy,13,13,25
14:06:09,Mostly Cloudy,13,13,25
14:08:09,Mostly Cloudy,13,13,25
14:10:08,Mostly Cloudy,13,13,25
14:12:09,Mostly Cloudy,13,13,25
14:14:09,Mostly Cloudy,13,13,25
14:16:08,Mostly Cloudy,13,13,25
14:18:09,Mostly Cloudy,13,13,25
14:20:08,Mostly Cloudy,13,13,25
14:22:09,Mostly Cloudy,13,13,25
14:24:09,Mostly Cloudy,13,13,25
14:26:09,Mostly Cloudy,13,13,25
14:28:08,Mostly Cloudy,13,13,25
14:30:08,Mostly Cloudy,13,13,25
14:32:09,Mostly Cloudy,13,13,25
14:34:09,Mostly Cloudy,13,13,25
14:36:08,Mostly Cloudy,13,13,25
14:38:09,Mostly Cloudy,13,13,25
14:40:09,Mostly Cloudy,13,13,25
14:42:09,Mostly Cloudy,13,13,25
14:44:09,Mostly Cloudy,13,13,25
14:46:08,Mostly Cloudy,13,13,25
14:48:09,Mostly Cloudy,13,13,25
14:50:09,Mostly Cloudy,13,13,25
14:52:08,Mostly Cloudy,13,13,25
14:54:08,Mostly Cloudy,13,13,25
14:56:09,Mostly Cloudy,13,13,25
14:58:09,Mostly Cloudy,13,13,25
15:00:08,Mostly Cloudy,13,13,25
15:02:08,Mostly Cloudy,13,13,25
15:04:09,Mostly Cloudy,13,13,25
15:06:09,Mostly Cloudy,13,13,25
15:08:08,Mostly Cloudy,13,13,25
15:10:08,Mostly Cloudy,13,13,25
15:12:09,Mostly Cloudy,13,13,25
15:14:09,Mostly Cloudy,13,13,25
15:16:09,Mostly Cloudy,13,13,22
15:18:09,Mostly Cloudy,13,13,22
15:20:09,Mostly Cloudy,13,13,22
15:22:09,Mostly Cloudy,13,13,22
15:24:09,Mostly Cloudy,13,13,22
15:26:09,Mostly Cloudy,13,13,22
15:28:09,Mostly Cloudy,13,13,22
15:30:08,Mostly Cloudy,13,13,22
15:32:08,Mostly Cloudy,13,13,22
15:34:09,Mostly Cloudy,13,13,22
15:36:09,Mostly Cloudy,13,13,22
15:38:09,Mostly Cloudy,13,13,22
15:40:09,Mostly Cloudy,13,13,22
15:42:08,Mostly Cloudy,13,13,22
15:44:09,Mostly Cloudy,13,13,22
15:46:09,Mostly Cloudy,13,13,25
15:48:09,Mostly Cloudy,13,13,25
15:50:08,Mostly Cloudy,13,13,25
15:52:09,Mostly Cloudy,13,13,25
15:54:09,Mostly Cloudy,13,13,25
15:56:08,Mostly Cloudy,13,13,25
15:58:08,Mostly Cloudy,13,13,25
16:00:09,Mostly Cloudy,13,13,25
16:02:09,Mostly Cloudy,13,13,25
16:04:08,Mostly Cloudy,13,13,25
16:06:09,Mostly Cloudy,13,13,25
16:08:09,Mostly Cloudy,13,13,25
16:10:09,Mostly Cloudy,13,13,25
16:12:08,Mostly Cloudy,13,13,25
16:14:09,Mostly Cloudy,13,13,25
16:16:09,Light Rain,12,12,27
16:18:08,Light Rain,12,12,27
16:20:09,Light Rain,12,12,27
16:22:09,Light Rain,12,12,27
16:24:09,Light Rain,12,12,27
16:26:08,Light Rain,12,12,27
16:28:09,Light Rain,12,12,27
16:30:09,Light Rain,12,12,27
16:32:09,Light Rain,12,12,27
16:34:08,Light Rain,12,12,27
16:36:09,Light Rain,12,12,27
16:38:09,Light Rain,12,12,27
16:40:09,Light Rain,12,12,27
16:42:08,Light Rain,12,12,27
16:44:09,Light Rain,12,12,27
16:46:09,Light Rain,12,12,27
16:48:09,Light Rain,12,12,27
16:50:08,Light Rain,12,12,27
16:52:09,Light Rain,12,12,27
16:54:09,Light Rain,12,12,27
16:56:09,Light Rain,12,12,27
16:58:08,Light Rain,12,12,27
17:00:09,Light Rain,12,12,27
17:02:09,Light Rain,12,12,27
17:04:09,Light Rain,12,12,27
17:06:09,Light Rain,12,12,27
17:08:09,Light Rain,12,12,27
17:10:08,Light Rain,12,12,27
17:12:09,Light Rain,12,12,27
17:14:09,Mostly Cloudy,12,12,27
17:16:09,Mostly Cloudy,12,12,27
17:18:09,Mostly Cloudy,12,12,27
17:20:09,Mostly Cloudy,12,12,27
17:22:08,Mostly Cloudy,12,12,27
17:24:09,Mostly Cloudy,12,12,27
17:26:09,Mostly Cloudy,12,12,27
17:28:08,Mostly Cloudy,12,12,27
17:30:09,Mostly Cloudy,12,12,27
17:32:09,Mostly Cloudy,12,12,27
17:34:09,Mostly Cloudy,12,12,27
17:36:09,Mostly Cloudy,12,12,27
17:38:09,Mostly Cloudy,12,12,27
17:40:09,Mostly Cloudy,12,12,27
17:42:09,Mostly Cloudy,12,12,27
17:44:09,Mostly Cloudy,12,12,27
17:46:08,Mostly Cloudy,12,12,27
17:48:09,Mostly Cloudy,12,12,27
17:50:09,Mostly Cloudy,12,12,27
17:52:08,Mostly Cloudy,12,12,27
17:54:09,Mostly Cloudy,12,12,27
17:56:09,Mostly Cloudy,12,12,27
17:58:09,Mostly Cloudy,12,12,27
18:00:08,Mostly Cloudy,12,12,27
18:02:09,Mostly Cloudy,12,12,27
18:04:09,Mostly Cloudy,12,12,27
18:06:09,Mostly Cloudy,12,12,27
18:08:08,Mostly Cloudy,12,12,27
18:10:08,Mostly Cloudy,12,12,27
18:12:09,Mostly Cloudy,12,12,16
18:14:09,Mostly Cloudy,12,12,16
18:16:08,Mostly Cloudy,12,12,16
18:18:09,Mostly Cloudy,12,12,16
18:20:09,Mostly Cloudy,12,12,16
18:22:08,Mostly Cloudy,12,12,16
18:24:08,Mostly Cloudy,12,12,16
18:26:09,Mostly Cloudy,12,12,16
18:28:09,Mostly Cloudy,12,12,16
18:30:08,Mostly Cloudy,12,12,16
18:32:09,Mostly Cloudy,12,12,16
18:34:09,Mostly Cloudy,12,12,16
18:36:09,Mostly Cloudy,12,12,16
18:38:08,Mostly Cloudy,12,12,16
18:40:08,Mostly Cloudy,12,12,16
18:42:09,Mostly Cloudy,12,12,16
18:44:09,Mostly Cloudy,12,12,16
18:46:08,Mostly Cloudy,12,12,16
18:48:08,Mostly Cloudy,12,12,16
18:50:09,Mostly Cloudy,12,12,16
18:52:09,Mostly Cloudy,12,12,16
18:54:09,Mostly Cloudy,12,12,16
18:56:08,Mostly Cloudy,12,12,16
18:58:08,Mostly Cloudy,12,12,16
19:00:09,Mostly Cloudy,12,12,16
19:02:09,Mostly Cloudy,12,12,16
19:04:08,Mostly Cloudy,12,12,16
19:06:09,Mostly Cloudy,12,12,16
19:08:09,Mostly Cloudy,12,12,16
19:10:09,Mostly Cloudy,12,12,16
19:12:09,Mostly Cloudy,12,12,16
19:14:08,Mostly Cloudy,12,12,16
19:16:09,Mostly Cloudy,12,12,16
19:18:09,Mostly Cloudy,12,12,16
19:20:09,Mostly Cloudy,12,12,16
19:22:09,Mostly Cloudy,12,12,16
19:24:09,Mostly Cloudy,12,12,16
19:26:08,Mostly Cloudy,12,12,16
19:28:09,Mostly Cloudy,12,12,16
19:30:09,Mostly Cloudy,12,12,16
19:32:08,Mostly Cloudy,12,12,16
19:34:09,Mostly Cloudy,12,12,16
19:36:09,Mostly Cloudy,12,12,16
19:38:09,Mostly Cloudy,12,12,16
19:40:09,Mostly Cloudy,12,12,16
19:42:08,Mostly Cloudy,12,12,16
19:44:08,Mostly Cloudy,12,12,16
19:46:09,Mostly Cloudy,12,12,16
19:48:08,Mostly Cloudy,12,12,16
19:50:08,Mostly Cloudy,12,12,16
19:52:09,Mostly Cloudy,12,12,16
19:54:09,Mostly Cloudy,12,12,16
19:56:09,Mostly Cloudy,12,12,16
19:58:09,Mostly Cloudy,12,12,16
20:00:08,Mostly Cloudy,12,12,16
20:02:08,Mostly Cloudy,12,12,16
20:04:09,Mostly Cloudy,12,12,16
20:06:09,Mostly Cloudy,12,12,16
20:08:08,Mostly Cloudy,12,12,16
20:10:09,Mostly Cloudy,12,12,16
20:12:09,Mostly Cloudy,12,12,16
20:14:08,Light Drizzle,12,12,19
20:16:08,Light Drizzle,12,12,19
20:18:09,Light Drizzle,12,12,19
20:20:09,Light Drizzle,12,12,19
20:22:09,Light Drizzle,12,12,19
20:24:08,Light Drizzle,12,12,19
20:26:08,Light Drizzle,12,12,19
20:28:09,Light Drizzle,12,12,19
20:30:09,Light Drizzle,12,12,19
20:32:09,Light Drizzle,12,12,19
20:34:08,Light Drizzle,12,12,19
20:36:09,Light Drizzle,12,12,19
20:38:08,Light Drizzle,12,12,19
20:40:09,Light Drizzle,12,12,19
20:42:09,Light Drizzle,12,12,19
20:44:08,Light Drizzle,12,12,19
20:46:09,Light Drizzle,12,12,19
20:48:09,Light Drizzle,12,12,19
20:50:09,Light Drizzle,12,12,19
20:52:08,Light Drizzle,12,12,19
20:54:09,Light Drizzle,12,12,19
20:56:09,Light Drizzle,12,12,19
20:58:09,Light Drizzle,12,12,19
21:00:09,Light Drizzle,12,12,19
21:02:09,Light Drizzle,12,12,19
21:04:09,Light Drizzle,12,12,19
21:06:09,Light Drizzle,12,12,19
21:08:08,Light Drizzle,12,12,19
21:10:09,Light Drizzle,12,12,19
21:12:09,Light Drizzle,12,12,19
21:14:09,Light Drizzle,12,12,19
21:16:08,Light Drizzle,12,12,19
21:18:09,Light Drizzle,12,12,19
21:20:09,Mostly Cloudy,12,12,20
21:22:08,Mostly Cloudy,12,12,20
21:24:08,Mostly Cloudy,12,12,20
21:26:09,Mostly Cloudy,12,12,20
21:28:09,Mostly Cloudy,12,12,20
21:30:08,Mostly Cloudy,12,12,20
21:32:09,Mostly Cloudy,12,12,20
21:34:09,Mostly Cloudy,12,12,20
21:36:09,Mostly Cloudy,12,12,20
21:38:08,Mostly Cloudy,12,12,20
21:40:09,Mostly Cloudy,12,12,20
21:42:09,Mostly Cloudy,12,12,20
21:44:09,Mostly Cloudy,12,12,20
21:46:09,Mostly Cloudy,12,12,20
21:48:09,Mostly Cloudy,12,12,20
21:50:08,Mostly Cloudy,12,12,20
21:52:08,Mostly Cloudy,12,12,20
21:54:09,Mostly Cloudy,12,12,20
21:56:08,Mostly Cloudy,12,12,20
21:58:08,Mostly Cloudy,12,12,20
22:00:08,Mostly Cloudy,12,12,20
22:02:09,Mostly Cloudy,12,12,20
22:04:09,Mostly Cloudy,12,12,20
22:06:08,Mostly Cloudy,12,12,20
22:08:09,Mostly Cloudy,12,12,20
22:10:09,Mostly Cloudy,12,12,20
22:12:09,Mostly Cloudy,12,12,20
22:14:08,Mostly Cloudy,12,12,20
22:16:08,Mostly Cloudy,12,12,20
22:18:09,Mostly Cloudy,12,12,14
22:20:09,Mostly Cloudy,12,12,14
22:22:08,Mostly Cloudy,12,12,14
22:24:08,Mostly Cloudy,12,12,14
22:26:08,Mostly Cloudy,12,12,14
22:28:09,Mostly Cloudy,12,12,14
22:30:09,Mostly Cloudy,12,12,14
22:32:08,Mostly Cloudy,12,12,14
22:34:08,Mostly Cloudy,12,12,14
22:36:09,Mostly Cloudy,12,12,14
22:38:09,Mostly Cloudy,12,12,14
22:40:09,Mostly Cloudy,12,12,14
22:42:08,Mostly Cloudy,12,12,14
22:44:08,Mostly Cloudy,12,12,14
22:46:09,Mostly Cloudy,12,12,14
22:48:09,Mostly Cloudy,12,12,14
22:50:09,Mostly Cloudy,12,12,14
22:52:08,Mostly Cloudy,12,12,14
22:54:09,Mostly Cloudy,12,12,14
22:56:09,Mostly Cloudy,12,12,14
22:58:09,Mostly Cloudy,12,12,14
23:00:09,Mostly Cloudy,12,12,14
23:02:09,Mostly Cloudy,12,12,14
23:04:09,Mostly Cloudy,12,12,14
23:06:09,Mostly Cloudy,12,12,14
23:08:08,Mostly Cloudy,12,12,14
23:10:09,Mostly Cloudy,12,12,14
23:12:09,Mostly Cloudy,12,12,16
23:14:09,Mostly Cloudy,12,12,16
23:16:09,Mostly Cloudy,12,12,16
23:18:08,Mostly Cloudy,12,12,16
23:20:09,Mostly Cloudy,12,12,16
23:22:08,Mostly Cloudy,12,12,16
23:24:08,Mostly Cloudy,12,12,16
23:26:09,Mostly Cloudy,12,12,16
23:28:09,Mostly Cloudy,12,12,16
23:30:08,Mostly Cloudy,12,12,16
23:32:09,Mostly Cloudy,12,12,16
23:34:08,Mostly Cloudy,12,12,16
23:36:09,Mostly Cloudy,12,12,16
23:38:09,Mostly Cloudy,12,12,16
23:40:09,Mostly Cloudy,12,12,16
23:42:08,Mostly Cloudy,12,12,16
23:44:09,Mostly Cloudy,12,12,16
23:46:08,Mostly Cloudy,12,12,16
23:48:09,Mostly Cloudy,12,12,16
23:50:09,Mostly Cloudy,12,12,16
23:52:09,Mostly Cloudy,12,12,16
23:54:09,Mostly Cloudy,12,12,16
23:56:09,Mostly Cloudy,12,12,16
23:58:09,Mostly Cloudy,12,12,16
