Time,Weather,Temperature,Feels_Like,Wind_Speed
00:00:09,Partly Cloudy,12,12,19
00:02:08,Partly Cloudy,12,12,19
00:04:08,Partly Cloudy,12,12,19
00:06:08,Partly Cloudy,12,12,19
00:08:09,Partly Cloudy,12,12,19
00:10:09,Partly Cloudy,12,12,19
00:12:08,Partly Cloudy,12,12,24
00:14:09,Partly Cloudy,12,12,24
00:16:09,Partly Cloudy,12,12,24
00:18:09,Partly Cloudy,12,12,24
00:20:09,Partly Cloudy,12,12,24
00:22:09,Partly Cloudy,12,12,24
00:24:08,Partly Cloudy,12,12,24
00:26:09,Partly Cloudy,12,12,24
00:28:09,Partly Cloudy,12,12,24
00:30:09,Partly Cloudy,12,12,24
00:32:08,Partly Cloudy,12,12,24
00:34:08,Partly Cloudy,12,12,24
00:36:09,Partly Cloudy,12,12,24
00:38:09,Partly Cloudy,12,12,24
00:40:08,Partly Cloudy,12,12,24
00:42:09,Partly Cloudy,12,12,24
00:44:09,Partly Cloudy,12,12,24
00:46:08,Partly Cloudy,12,12,24
00:48:09,Partly Cloudy,12,12,24
00:50:08,Partly Cloudy,12,12,24
00:52:09,Partly Cloudy,12,12,24
00:54:09,Partly Cloudy,12,12,24
00:56:08,Partly Cloudy,12,12,24
00:58:08,Partly Cloudy,12,12,24
01:00:17,Partly Cloudy,12,12,24
01:02:08,Partly Cloudy,12,12,24
01:04:09,Partly Cloudy,12,12,24
01:06:09,Partly Cloudy,12,12,24
01:08:08,Partly Cloudy,12,12,24
01:10:09,Partly Cloudy,12,12,24
01:12:09,Fair,12,12,22
01:14:08,Fair,12,12,22
01:16:09,Fair,12,12,22
01:18:09,Fair,12,12,22
01:20:09,Fair,12,12,22
01:22:09,Fair,12,12,22
01:24:09,Fair,12,12,22
01:26:08,Fair,12,12,22
01:28:09,Fair,12,12,22
01:30:09,Fair,12,12,22
01:32:09,Fair,12,12,22
01:34:08,Fair,12,12,22
01:36:09,Fair,12,12,22
01:38:09,Fair,12,12,22
01:40:09,Fair,12,12,22
01:42:08,Fair,12,12,22
01:44:09,Fair,12,12,22
01:46:09,Fair,12,12,22
01:48:09,Fair,12,12,22
01:50:08,Fair,12,12,22
01:52:09,Fair,12,12,22
01:54:09,Fair,12,12,22
01:56:08,Fair,12,12,22
01:58:09,Fair,12,12,22
02:00:09,Fair,12,12,22
02:02:09,Fair,12,12,22
02:04:08,Fair,12,12,22
02:06:09,Fair,12,12,22
02:08:09,Fair,12,12,22
02:10:08,Fair,12,12,22
02:12:09,Mostly Cloudy,12,12,20
02:14:09,Mostly Cloudy,12,12,20
02:16:09,Mostly Cloudy,12,12,20
02:18:09,Mostly Cloudy,12,12,20
02:20:08,Mostly Cloudy,12,12,20
02:22:09,Mostly Cloudy,12,12,20
02:24:09,Mostly Cloudy,12,12,20
02:26:08,Mostly Cloudy,12,12,20
02:28:09,Mostly Cloudy,12,12,20
02:30:09,Mostly Cloudy,12,12,20
02:32:09,Mostly Cloudy,12,12,20
02:34:08,Mostly Cloudy,12,12,20
02:36:09,Mostly Cloudy,12,12,20
02:38:09,Mostly Cloudy,12,12,20
02:40:08,Mostly Cloudy,12,12,20
02:42:09,Mostly Cloudy,12,12,20
02:44:09,Mostly Cloudy,12,12,20
02:46:09,Mostly Cloudy,12,12,20
02:48:09,Mostly Cloudy,12,12,20
02:50:09,Mostly Cloudy,12,12,20
02:52:08,Mostly Cloudy,12,12,20
02:54:09,Mostly Cloudy,12,12,20
02:56:09,Mostly Cloudy,12,12,20
02:58:08,Mostly Cloudy,12,12,20
03:00:09,Mostly Cloudy,12,12,20
03:02:09,Mostly Cloudy,12,12,20
03:04:09,Mostly Cloudy,12,12,20
03:06:08,Mostly Cloudy,12,12,20
03:08:09,Mostly Cloudy,12,12,20
03:10:09,Mostly Cloudy,12,12,20
03:12:09,Partly Cloudy,11,11,20
03:14:08,Partly Cloudy,11,11,20
03:16:08,Partly Cloudy,11,11,20
03:18:09,Partly Cloudy,11,11,20
03:20:08,Partly Cloudy,11,11,20
03:22:08,Partly Cloudy,11,11,20
03:24:09,Partly Cloudy,11,11,20
03:26:09,Partly Cloudy,11,11,20
03:28:08,Partly Cloudy,11,11,20
03:30:09,Partly Cloudy,11,11,20
03:32:09,Partly Cloudy,11,11,20
03:34:08,Partly Cloudy,11,11,20
03:36:08,Partly Cloudy,11,11,20
03:38:09,Partly Cloudy,11,11,20
03:40:09,Partly Cloudy,11,11,20
03:42:09,Partly Cloudy,11,11,20
03:44:09,Partly Cloudy,11,11,20
03:46:09,Partly Cloudy,11,11,20
03:48:08,Partly Cloudy,11,11,20
03:50:09,Partly Cloudy,11,11,20
03:52:09,Partly Cloudy,11,11,20
03:54:08,Partly Cloudy,11,11,20
03:56:09,Partly Cloudy,11,11,20
03:58:09,Partly Cloudy,11,11,20
04:06:09,Partly Cloudy,11,11,20
04:08:08,Partly Cloudy,11,11,20
04:10:09,Partly Cloudy,11,11,20
04:12:09,Fair,11,11,19
04:14:08,Fair,11,11,19
04:16:08,Fair,11,11,19
04:18:09,Fair,11,11,19
04:20:08,Fair,11,11,19
04:22:08,Fair,11,11,19
04:24:09,Fair,11,11,19
04:26:09,Fair,11,11,19
04:28:09,Fair,11,11,19
04:30:09,Fair,11,11,19
04:32:09,Fair,11,11,19
04:34:09,Fair,11,11,19
04:36:09,Fair,11,11,19
04:38:08,Fair,11,11,19
04:40:09,Fair,11,11,19
04:42:09,Fair,11,11,19
04:44:09,Fair,11,11,19
04:46:08,Fair,11,11,19
04:48:09,Fair,11,11,19
04:50:09,Fair,11,11,19
04:52:09,Fair,11,11,19
04:54:08,Fair,11,11,19
04:56:09,Fair,11,11,19
04:58:09,Fair,11,11,19
05:00:09,Fair,11,11,19
05:02:09,Fair,11,11,19
05:04:09,Fair,11,11,19
05:06:09,Fair,11,11,19
05:08:08,Fair,11,11,19
05:10:08,Fair,11,11,19
05:12:09,Fair,11,11,19
05:14:09,Fair,11,11,19
05:16:08,Fair,11,11,19
05:18:09,Fair,11,11,20
05:20:08,Fair,11,11,20
05:22:08,Fair,11,11,20
05:24:09,Fair,11,11,20
05:26:09,Fair,11,11,20
05:28:08,Fair,11,11,20
05:30:09,Fair,11,11,20
05:32:09,Fair,11,11,20
05:34:09,Fair,11,11,20
05:36:08,Fair,11,11,20
05:38:09,Fair,11,11,20
05:40:09,Fair,11,11,20
05:42:09,Fair,11,11,20
05:44:08,Fair,11,11,20
05:46:09,Fair,11,11,20
05:48:09,Fair,11,11,20
05:50:08,Fair,11,11,20
05:52:09,Fair,11,11,20
05:54:09,Fair,11,11,20
05:56:08,Fair,11,11,20
05:58:08,Fair,11,11,20
06:00:09,Fair,11,11,20
06:02:09,Fair,11,11,20
06:04:09,Fair,11,11,20
06:06:08,Fair,11,11,20
06:08:09,Fair,11,11,20
06:10:09,Fair,11,11,20
06:12:09,Mostly Cloudy,11,11,16
06:14:09,Mostly Cloudy,11,11,16
06:16:08,Mostly Cloudy,11,11,16
06:18:09,Mostly Cloudy,11,11,16
06:20:09,Mostly Cloudy,11,11,16
06:22:08,Mostly Cloudy,11,11,16
06:24:09,Mostly Cloudy,11,11,16
06:26:09,Mostly Cloudy,11,11,16
06:28:09,Mostly Cloudy,11,11,16
06:30:08,Mostly Cloudy,11,11,16
06:32:09,Mostly Cloudy,11,11,16
06:34:09,Mostly Cloudy,11,11,16
06:36:08,Mostly Cloudy,11,11,16
06:38:09,Mostly Cloudy,11,11,16
06:40:09,Mostly Cloudy,11,11,16
06:42:08,Mostly Cloudy,11,11,16
06:44:09,Mostly Cloudy,11,11,16
06:46:09,Mostly Cloudy,11,11,16
06:48:09,Mostly Cloudy,11,11,16
06:50:09,Mostly Cloudy,11,11,16
06:52:08,Mostly Cloudy,11,11,16
06:54:09,Mostly Cloudy,11,11,16
06:56:09,Mostly Cloudy,11,11,16
06:58:08,Mostly Cloudy,11,11,16
07:00:08,Mostly Cloudy,11,11,16
07:02:09,Mostly Cloudy,11,11,16
07:04:09,Mostly Cloudy,11,11,16
07:06:08,Mostly Cloudy,11,11,16
07:08:08,Mostly Cloudy,11,11,16
07:10:09,Mostly Cloudy,11,11,16
07:12:08,Mostly Cloudy,12,12,16
07:14:09,Mostly Cloudy,12,12,16
07:16:09,Mostly Cloudy,12,12,16
07:18:08,Mostly Cloudy,12,12,16
07:20:09,Mostly Cloudy,12,12,16
07:22:09,Mostly Cloudy,12,12,16
07:24:09,Mostly Cloudy,12,12,16
07:26:09,Mostly Cloudy,12,12,16
07:28:08,Mostly Cloudy,12,12,16
07:30:09,Mostly Cloudy,12,12,16
07:32:09,Mostly Cloudy,12,12,16
07:34:09,Mostly Cloudy,12,12,16
07:36:08,Mostly Cloudy,12,12,16
07:38:09,Mostly Cloudy,12,12,16
07:40:09,Mostly Cloudy,12,12,16
07:42:08,Mostly Cloudy,12,12,16
07:44:09,Mostly Cloudy,12,12,16
07:46:09,Mostly Cloudy,12,12,16
07:48:09,Mostly Cloudy,12,12,16
07:50:08,Mostly Cloudy,12,12,16
07:52:09,Mostly Cloudy,12,12,16
07:54:09,Mostly Cloudy,12,12,16
07:56:09,Mostly Cloudy,12,12,16
07:58:09,Mostly Cloudy,12,12,16
08:00:09,Mostly Cloudy,12,12,16
08:02:08,Mostly Cloudy,12,12,16
08:04:08,Mostly Cloudy,12,12,16
08:06:09,Mostly Cloudy,12,12,16
08:08:09,Mostly Cloudy,12,12,16
08:10:08,Mostly Cloudy,12,12,16
08:12:09,Mostly Cloudy,12,12,16
08:14:09,Mostly Cloudy,12,12,16
08:16:08,Mostly Cloudy,12,12,16
08:18:09,Mostly Cloudy,12,12,19
08:20:08,Mostly Cloudy,12,12,19
08:22:08,Mostly Cloudy,12,12,19
08:24:09,Mostly Cloudy,12,12,19
08:26:09,Mostly Cloudy,12,12,19
08:28:08,Mostly Cloudy,12,12,19
08:30:09,Mostly Cloudy,12,12,19
08:32:09,Mostly Cloudy,12,12,19
08:34:08,Mostly Cloudy,12,12,19
08:36:09,Mostly Cloudy,12,12,19
08:38:09,Mostly Cloudy,12,12,19
08:40:08,Mostly Cloudy,12,12,19
08:42:09,Mostly Cloudy,13,13,20
08:44:09,Mostly Cloudy,13,13,20
08:46:09,Mostly Cloudy,13,13,20
08:48:08,Mostly Cloudy,13,13,20
08:50:09,Mostly Cloudy,13,13,20
08:52:08,Mostly Cloudy,13,13,20
08:54:09,Mostly Cloudy,13,13,20
08:56:09,Mostly Cloudy,13,13,20
08:58:08,Mostly Cloudy,13,13,20
09:00:09,Mostly Cloudy,13,13,20
09:02:08,Mostly Cloudy,13,13,20
09:04:08,Mostly Cloudy,13,13,20
09:06:09,Mostly Cloudy,13,13,20
09:08:08,Mostly Cloudy,13,13,20
09:10:09,Mostly Cloudy,13,13,20
09:12:09,Mostly Cloudy,15,15,22
09:14:09,Mostly Cloudy,15,15,22
09:16:08,Mostly Cloudy,15,15,22
09:18:09,Mostly Cloudy,15,15,22
09:20:09,Mostly Cloudy,15,15,22
09:22:09,Mostly Cloudy,15,15,22
09:24:09,Mostly Cloudy,15,15,22
09:26:08,Mostly Cloudy,15,15,22
09:28:08,Mostly Cloudy,15,15,22
09:30:09,Mostly Cloudy,15,15,22
09:32:08,Mostly Cloudy,15,15,22
09:34:09,Mostly Cloudy,15,15,22
09:36:09,Mostly Cloudy,15,15,22
09:38:08,Mostly Cloudy,15,15,22
09:40:09,Mostly Cloudy,15,15,22
09:42:08,Mostly Cloudy,15,15,22
09:44:08,Mostly Cloudy,15,15,22
09:46:09,Mostly Cloudy,15,15,22
09:48:09,Mostly Cloudy,15,15,19
09:50:08,Mostly Cloudy,15,15,19
09:52:09,Mostly Cloudy,15,15,19
09:54:09,Mostly Cloudy,15,15,19
09:56:09,Mostly Cloudy,15,15,19
09:58:09,Mostly Cloudy,15,15,19
10:00:09,Mostly Cloudy,15,15,19
10:02:08,Mostly Cloudy,15,15,19
10:04:09,Mostly Cloudy,15,15,19
10:06:09,Mostly Cloudy,15,15,19
10:08:09,Mostly Cloudy,15,15,19
10:10:09,Mostly Cloudy,15,15,19
10:12:09,Mostly Cloudy,15,15,19
10:14:09,Mostly Cloudy,15,15,19
10:16:09,Mostly Cloudy,15,15,19
10:18:08,Mostly Cloudy,16,16,19
10:20:09,Mostly Cloudy,16,16,19
10:22:09,Mostly Cloudy,16,16,19
10:24:08,Mostly Cloudy,16,16,19
10:26:09,Mostly Cloudy,16,16,19
10:28:09,Mostly Cloudy,16,16,19
10:30:09,Mostly Cloudy,16,16,19
10:32:08,Mostly Cloudy,16,16,19
10:34:09,Mostly Cloudy,16,16,19
10:36:09,Mostly Cloudy,16,16,19
10:38:08,Mostly Cloudy,16,16,19
10:40:08,Mostly Cloudy,16,16,19
10:42:09,Mostly Cloudy,16,16,19
10:44:09,Mostly Cloudy,16,16,19
10:46:08,Mostly Cloudy,16,16,19
10:48:09,Mostly Cloudy,17,17,22
10:50:09,Mostly Cloudy,17,17,22
10:52:08,Mostly Cloudy,17,17,22
10:54:09,Mostly Cloudy,17,17,22
10:56:08,Mostly Cloudy,17,17,22
10:58:09,Mostly Cloudy,17,17,22
11:00:09,Mostly Cloudy,17,17,22
11:02:09,Mostly Cloudy,17,17,22
11:04:09,Mostly Cloudy,17,17,22
11:06:09,Mostly Cloudy,17,17,22
11:08:09,Mostly Cloudy,17,17,22
11:10:09,Mostly Cloudy,17,17,22
11:12:09,Mostly Cloudy,17,17,22
11:14:08,Mostly Cloudy,17,17,22
11:16:08,Mostly Cloudy,17,17,22
11:18:09,Partly Cloudy,17,17,20
11:20:08,Partly Cloudy,17,17,20
11:22:09,Partly Cloudy,17,17,20
11:24:09,Partly Cloudy,17,17,20
11:26:08,Partly Cloudy,17,17,20
11:28:09,Partly Cloudy,17,17,20
11:30:08,Partly Cloudy,17,17,20
11:32:09,Partly Cloudy,17,17,20
11:34:09,Partly Cloudy,17,17,20
11:36:08,Partly Cloudy,17,17,20
11:38:09,Partly Cloudy,17,17,20
11:40:09,Partly Cloudy,17,17,20
11:42:08,Mostly Cloudy,17,17,20
11:44:09,Mostly Cloudy,17,17,20
11:46:09,Mostly Cloudy,17,17,20
11:48:09,Mostly Cloudy,17,17,20
11:50:08,Mostly Cloudy,17,17,20
11:52:09,Mostly Cloudy,17,17,20
11:54:09,Mostly Cloudy,17,17,20
11:56:08,Mostly Cloudy,17,17,20
11:58:09,Mostly Cloudy,17,17,20
12:00:08,Mostly Cloudy,17,17,20
12:02:09,Mostly Cloudy,17,17,20
12:04:09,Mostly Cloudy,17,17,20
12:06:08,Mostly Cloudy,17,17,20
12:08:09,Mostly Cloudy,17,17,20
12:10:09,Mostly Cloudy,17,17,20
12:12:09,Light Rain Shower,15,15,16
12:14:09,Light Rain Shower,15,15,16
12:16:09,Light Rain Shower,15,15,16
12:18:08,Light Rain Shower,15,15,16
12:20:09,Light Rain Shower,15,15,16
12:22:09,Light Rain Shower,15,15,16
12:24:09,Light Rain Shower,15,15,16
12:26:09,Light Rain Shower,15,15,16
12:28:08,Light Rain Shower,15,15,16
12:30:09,Light Rain Shower,15,15,16
12:32:09,Light Rain Shower,15,15,16
12:34:09,Light Rain Shower,15,15,16
12:36:09,Light Rain Shower,15,15,16
12:38:09,Light Rain Shower,15,15,16
12:40:08,Light Rain Shower,15,15,16
12:42:08,Mostly Cloudy,16,16,19
12:44:09,Mostly Cloudy,16,16,19
12:46:09,Mostly Cloudy,16,16,19
12:48:08,Mostly Cloudy,16,16,19
12:50:09,Mostly Cloudy,16,16,19
12:52:08,Mostly Cloudy,16,16,19
12:54:09,Mostly Cloudy,16,16,19
12:56:09,Mostly Cloudy,16,16,19
12:58:08,Mostly Cloudy,16,16,19
13:00:09,Mostly Cloudy,16,16,19
13:02:09,Mostly Cloudy,16,16,19
13:04:08,Mostly Cloudy,16,16,19
13:06:09,Mostly Cloudy,16,16,19
13:08:09,Mostly Cloudy,16,16,19
13:10:08,Mostly Cloudy,16,16,19
13:12:09,Mostly Cloudy,17,17,22
13:14:08,Mostly Cloudy,17,17,22
13:16:09,Mostly Cloudy,17,17,22
13:18:09,Mostly Cloudy,17,17,22
13:20:08,Mostly Cloudy,17,17,22
13:22:09,Mostly Cloudy,17,17,22
13:24:09,Mostly Cloudy,17,17,22
13:26:09,Mostly Cloudy,17,17,22
13:28:09,Mostly Cloudy,17,17,22
13:30:09,Mostly Cloudy,17,17,22
13:32:09,Mostly Cloudy,17,17,22
13:34:08,Mostly Cloudy,17,17,22
13:36:09,Mostly Cloudy,17,17,22
13:38:10,Mostly Cloudy,17,17,22
13:40:09,Mostly Cloudy,17,17,22
13:42:08,Mostly Cloudy,17,17,22
13:44:09,Mostly Cloudy,17,17,22
13:46:09,Mostly Cloudy,17,17,22
13:48:09,Mostly Cloudy,17,17,25
13:50:09,Mostly Cloudy,17,17,25
13:52:08,Mostly Cloudy,17,17,25
13:54:08,Mostly Cloudy,17,17,25
13:56:09,Mostly Cloudy,17,17,25
13:58:09,Mostly Cloudy,17,17,25
14:00:08,Mostly Cloudy,17,17,25
14:02:09,Mostly Cloudy,17,17,25
14:04:09,Mostly Cloudy,17,17,25
14:06:08,Mostly Cloudy,17,17,25
14:08:09,Mostly Cloudy,17,17,25
14:10:09,Mostly Cloudy,17,17,25
14:12:09,Light Rain Shower,15,15,14
14:14:09,Light Rain Shower,15,15,14
14:16:09,Light Rain Shower,15,15,14
14:18:09,Light Rain Shower,15,15,14
14:20:09,Light Rain Shower,15,15,14
14:22:08,Light Rain Shower,15,15,14
14:24:08,Light Rain Shower,15,15,14
14:26:09,Light Rain Shower,15,15,14
14:28:09,Light Rain Shower,15,15,14
14:30:08,Light Rain Shower,15,15,14
14:32:09,Light Rain Shower,15,15,14
14:34:09,Light Rain Shower,15,15,14
14:36:09,Light Rain Shower,15,15,14
14:38:08,Light Rain Shower,15,15,14
14:40:09,Light Rain Shower,15,15,14
14:42:09,Light Rain Shower,16,16,16
14:44:08,Light Rain Shower,16,16,16
14:46:08,Light Rain Shower,16,16,16
14:48:09,Light Rain Shower,16,16,16
14:50:09,Light Rain Shower,16,16,16
14:52:08,Light Rain Shower,16,16,16
14:54:08,Light Rain Shower,16,16,16
14:56:09,Light Rain Shower,16,16,16
14:58:09,Light Rain Shower,16,16,16
15:00:08,Light Rain Shower,16,16,16
15:02:09,Light Rain Shower,16,16,16
15:04:09,Light Rain Shower,16,16,16
15:06:09,Light Rain Shower,16,16,16
15:08:09,Light Rain Shower,16,16,16
15:10:09,Light Rain Shower,16,16,16
15:12:09,Light Rain Shower,16,16,16
15:14:09,Light Rain Shower,16,16,16
15:16:09,Light Rain Shower,16,16,16
15:18:09,Light Rain Shower,16,16,16
15:20:09,Light Rain Shower,16,16,16
15:22:08,Light Rain Shower,16,16,16
15:24:09,Light Rain Shower,16,16,16
15:26:09,Light Rain Shower,16,16,16
15:28:08,Light Rain Shower,16,16,16
15:30:09,Light Rain Shower,16,16,16
15:32:09,Light Rain Shower,16,16,16
15:34:09,Light Rain Shower,16,16,16
15:36:08,Light Rain Shower,16,16,16
15:38:09,Light Rain Shower,16,16,16
15:40:09,Light Rain Shower,16,16,16
15:42:08,Mostly Cloudy,17,17,16
15:44:09,Mostly Cloudy,17,17,16
15:46:09,Mostly Cloudy,17,17,16
15:48:08,Mostly Cloudy,17,17,16
15:50:09,Mostly Cloudy,17,17,16
15:52:09,Mostly Cloudy,17,17,16
15:54:08,Mostly Cloudy,17,17,16
15:56:09,Mostly Cloudy,17,17,16
15:58:09,Mostly Cloudy,17,17,16
16:00:09,Mostly Cloudy,17,17,16
16:02:09,Mostly Cloudy,17,17,16
16:04:09,Mostly Cloudy,17,17,16
16:06:09,Mostly Cloudy,17,17,16
16:08:08,Mostly Cloudy,17,17,16
16:10:09,Mostly Cloudy,17,17,16
16:12:09,Mostly Cloudy,16,16,25
16:14:09,Mostly Cloudy,16,16,25
16:16:08,Mostly Cloudy,16,16,25
16:18:09,Mostly Cloudy,16,16,25
16:20:09,Mostly Cloudy,16,16,25
16:22:08,Mostly Cloudy,16,16,25
16:24:08,Mostly Cloudy,16,16,25
16:26:09,Mostly Cloudy,16,16,25
16:28:09,Mostly Cloudy,16,16,25
16:30:08,Mostly Cloudy,16,16,25
16:32:09,Mostly Cloudy,16,16,25
16:34:09,Mostly Cloudy,16,16,25
16:36:08,Mostly Cloudy,16,16,25
16:38:09,Mostly Cloudy,16,16,25
16:40:09,Mostly Cloudy,16,16,25
16:42:09,Mostly Cloudy,16,16,25
16:44:09,Mostly Cloudy,16,16,25
16:46:09,Mostly Cloudy,16,16,25
16:48:09,Mostly Cloudy,16,16,25
16:50:09,Mostly Cloudy,16,16,25
16:52:09,Mostly Cloudy,16,16,25
16:54:09,Mostly Cloudy,16,16,25
16:56:08,Mostly Cloudy,16,16,25
16:58:09,Mostly Cloudy,16,16,25
17:00:08,Mostly Cloudy,16,16,25
17:02:09,Mostly Cloudy,16,16,25
17:04:09,Mostly Cloudy,16,16,25
17:06:08,Mostly Cloudy,16,16,25
17:08:09,Mostly Cloudy,16,16,25
17:10:09,Mostly Cloudy,17,17,14
17:12:08,Mostly Cloudy,17,17,14
17:14:08,Mostly Cloudy,17,17,14
17:16:09,Mostly Cloudy,17,17,14
17:18:09,Mostly Cloudy,17,17,14
17:20:08,Mostly Cloudy,17,17,14
17:22:09,Mostly Cloudy,17,17,14
17:24:09,Mostly Cloudy,17,17,14
17:26:08,Mostly Cloudy,17,17,14
17:28:09,Mostly Cloudy,17,17,14
17:30:09,Mostly Cloudy,17,17,14
17:32:09,Mostly Cloudy,17,17,14
17:34:09,Mostly Cloudy,17,17,14
17:36:09,Mostly Cloudy,17,17,14
17:38:08,Mostly Cloudy,17,17,14
17:40:08,Mostly Cloudy,17,17,14
17:42:09,Mostly Cloudy,17,17,14
17:44:09,Mostly Cloudy,17,17,14
17:46:08,Mostly Cloudy,17,17,14
17:48:09,Mostly Cloudy,17,17,14
17:50:09,Mostly Cloudy,17,17,14
17:52:09,Mostly Cloudy,17,17,14
17:54:08,Mostly Cloudy,17,17,14
17:56:09,Mostly Cloudy,17,17,14
17:58:09,Mostly Cloudy,17,17,14
18:00:08,Mostly Cloudy,17,17,14
18:02:08,Mostly Cloudy,17,17,14
18:04:09,Mostly Cloudy,17,17,14
18:06:09,Mostly Cloudy,17,17,14
18:08:08,Mostly Cloudy,17,17,14
18:10:09,Mostly Cloudy,17,17,14
18:12:08,Mostly Cloudy,17,17,14
18:14:09,Mostly Cloudy,17,17,14
18:16:09,Mostly Cloudy,16,16,12
18:18:08,Mostly Cloudy,16,16,12
18:20:09,Mostly Cloudy,16,16,12
18:22:09,Mostly Cloudy,16,16,12
18:24:09,Mostly Cloudy,16,16,12
18:26:09,Mostly Cloudy,16,16,12
18:28:09,Mostly Cloudy,16,16,12
18:30:09,Mostly Cloudy,16,16,12
18:32:09,Mostly Cloudy,16,16,12
18:34:09,Mostly Cloudy,16,16,12
18:36:09,Mostly Cloudy,16,16,12
18:38:09,Mostly Cloudy,16,16,12
18:40:08,Mostly Cloudy,16,16,12
18:42:09,Mostly Cloudy,16,16,12
18:44:09,Mostly Cloudy,16,16,12
18:46:08,Mostly Cloudy,16,16,12
18:48:09,Mostly Cloudy,16,16,12
18:50:09,Mostly Cloudy,16,16,12
18:52:08,Mostly Cloudy,16,16,12
18:54:09,Mostly Cloudy,16,16,12
18:56:09,Mostly Cloudy,16,16,12
18:58:08,Mostly Cloudy,16,16,12
19:00:09,Mostly Cloudy,16,16,12
19:02:09,Mostly Cloudy,16,16,12
19:04:09,Mostly Cloudy,16,16,12
19:06:08,Mostly Cloudy,16,16,12
19:08:09,Mostly Cloudy,16,16,12
19:10:09,Mostly Cloudy,15,15,12
19:12:08,Mostly Cloudy,15,15,12
19:14:08,Mostly Cloudy,15,15,12
19:16:09,Mostly Cloudy,15,15,12
19:18:09,Mostly Cloudy,15,15,12
19:20:08,Mostly Cloudy,15,15,12
19:22:09,Mostly Cloudy,15,15,12
19:24:09,Mostly Cloudy,15,15,12
19:26:08,Mostly Cloudy,15,15,12
19:28:08,Mostly Cloudy,15,15,12
19:30:09,Mostly Cloudy,15,15,12
19:32:09,Mostly Cloudy,15,15,12
19:34:08,Mostly Cloudy,15,15,12
19:36:09,Mostly Cloudy,15,15,12
19:38:09,Mostly Cloudy,15,15,12
19:40:09,Mostly Cloudy,15,15,12
19:42:08,Mostly Cloudy,15,15,12
19:44:09,Mostly Cloudy,15,15,12
19:46:09,Mostly Cloudy,15,15,12
19:48:08,Mostly Cloudy,15,15,12
19:50:09,Mostly Cloudy,15,15,12
19:52:09,Mostly Cloudy,15,15,12
19:54:08,Mostly Cloudy,15,15,12
19:56:09,Mostly Cloudy,15,15,12
19:58:09,Mostly Cloudy,15,15,12
20:00:09,Mostly Cloudy,15,15,12
20:02:09,Mostly Cloudy,15,15,12
20:04:08,Mostly Cloudy,15,15,12
20:06:09,Mostly Cloudy,15,15,12
20:08:09,Mostly Cloudy,15,15,12
20:10:08,Mostly Cloudy,15,15,12
20:12:09,Mostly Cloudy,15,15,12
20:14:09,Mostly Cloudy,15,15,12
20:16:09,Light Rain Shower,13,13,12
20:18:09,Light Rain Shower,13,13,12
20:20:08,Light Rain Shower,13,13,12
20:22:09,Light Rain Shower,13,13,12
20:24:09,Light Rain Shower,13,13,12
20:26:08,Light Rain Shower,13,13,12
20:28:09,Light Rain Shower,13,13,12
20:30:09,Light Rain Shower,13,13,12
20:32:08,Light Rain Shower,13,13,12
20:34:09,Light Rain Shower,13,13,12
20:36:09,Light Rain Shower,13,13,12
20:38:09,Light Rain Shower,13,13,12
20:40:08,Light Rain Shower,13,13,12
20:42:09,Light Rain Shower,13,13,12
20:44:09,Light Rain Shower,13,13,12
20:46:09,Light Rain Shower,13,13,12
20:48:08,Light Rain Shower,13,13,12
20:50:09,Light Rain Shower,13,13,12
20:52:09,Light Rain Shower,13,13,12
20:54:09,Light Rain Shower,13,13,12
20:56:09,Light Rain Shower,13,13,12
20:58:09,Light Rain Shower,13,13,12
21:00:08,Light Rain Shower,13,13,12
21:02:09,Light Rain Shower,13,13,12
21:04:09,Light Rain Shower,13,13,12
21:06:09,Light Rain Shower,13,13,12
21:08:08,Light Rain Shower,13,13,12
21:10:09,Mostly Cloudy,12,12,11
21:12:09,Mostly Cloudy,12,12,11
21:14:08,Mostly Cloudy,12,12,11
21:16:09,Mostly Cloudy,12,12,11
21:18:09,Mostly Cloudy,12,12,11
21:20:09,Mostly Cloudy,12,12,11
21:22:09,Mostly Cloudy,12,12,11
21:24:09,Mostly Cloudy,12,12,11
21:26:09,Mostly Cloudy,12,12,11
21:28:09,Mostly Cloudy,12,12,11
21:30:09,Mostly Cloudy,12,12,11
21:32:08,Mostly Cloudy,12,12,11
21:34:09,Mostly Cloudy,12,12,11
21:36:08,Mostly Cloudy,12,12,11
21:38:08,Mostly Cloudy,12,12,11
21:40:09,Mostly Cloudy,12,12,11
21:42:09,Mostly Cloudy,12,12,11
21:44:08,Mostly Cloudy,12,12,11
21:46:09,Mostly Cloudy,12,12,11
21:48:08,Mostly Cloudy,12,12,11
21:50:08,Mostly Cloudy,12,12,11
21:52:09,Mostly Cloudy,12,12,11
21:54:09,Mostly Cloudy,12,12,11
21:56:08,Mostly Cloudy,12,12,11
21:58:09,Mostly Cloudy,12,12,11
22:00:09,Mostly Cloudy,12,12,11
22:02:09,Mostly Cloudy,12,12,11
22:04:09,Mostly Cloudy,12,12,11
22:06:09,Mostly Cloudy,12,12,11
22:08:09,Mostly Cloudy,12,12,11
22:10:08,Mostly Cloudy,12,12,11
22:12:09,Mostly Cloudy,12,12,11
22:14:09,Mostly Cloudy,12,12,11
22:16:09,Mostly Cloudy,12,12,11
22:18:08,Mostly Cloudy,12,12,11
22:20:09,Mostly Cloudy,12,12,11
22:22:09,Mostly Cloudy,12,12,11
22:24:08,Mostly Cloudy,12,12,11
22:26:08,Mostly Cloudy,12,12,11
22:28:09,Mostly Cloudy,12,12,11
22:30:09,Mostly Cloudy,12,12,11
22:32:09,Mostly Cloudy,12,12,11
22:34:09,Mostly Cloudy,12,12,11
22:36:08,Mostly Cloudy,12,12,11
22:38:08,Mostly Cloudy,12,12,11
22:40:09,Mostly Cloudy,12,12,11
22:42:09,Mostly Cloudy,12,12,11
22:44:09,Mostly Cloudy,12,12,11
22:46:08,Mostly Cloudy,12,12,11
22:48:09,Mostly Cloudy,12,12,11
22:50:09,Mostly Cloudy,12,12,11
22:52:08,Mostly Cloudy,12,12,11
22:54:09,Mostly Cloudy,12,12,11
22:56:09,Mostly Cloudy,12,12,11
22:58:09,Mostly Cloudy,12,12,11
23:00:08,Mostly Cloudy,12,12,11
23:02:08,Mostly Cloudy,12,12,11
23:04:09,Mostly Cloudy,12,12,11
23:06:08,Mostly Cloudy,12,12,11
23:08:08,Mostly Cloudy,12,12,11
23:10:09,Mostly Cloudy,12,12,11
23:12:09,Mostly Cloudy,12,12,11
23:14:09,Mostly Cloudy,12,12,11
23:16:08,Mostly Cloudy,12,12,12
23:18:09,Mostly Cloudy,12,12,12
23:20:09,Mostly Cloudy,12,12,12
23:22:08,Mostly Cloudy,12,12,12
23:24:09,Mostly Cloudy,12,12,12
23:26:09,Mostly Cloudy,12,12,12
23:28:09,Mostly Cloudy,12,12,12
23:30:08,Mostly Cloudy,12,12,12
23:32:08,Mostly Cloudy,12,12,12
23:34:09,Mostly Cloudy,12,12,12
23:36:09,Mostly Cloudy,12,12,12
23:38:09,Mostly Cloudy,12,12,12
23:40:09,Mostly Cloudy,12,12,12
23:42:08,Mostly Cloudy,12,12,12
23:44:09,Mostly Cloudy,12,12,12
23:46:08,Mostly Cloudy,12,12,12
23:48:09,Mostly Cloudy,12,12,12
23:50:09,Mostly Cloudy,12,12,12
23:52:09,Mostly Cloudy,12,12,12
23:54:08,Mostly Cloudy,12,12,12
23:56:09,Mostly Cloudy,12,12,12
23:58:09,Mostly Cloudy,12,12,12
