Time,Weather,Temperature,Feels_Like,Wind_Speed
00:00:09,Mostly Cloudy,7,3,19
00:02:09,Mostly Cloudy,7,3,19
00:04:09,Mostly Cloudy,7,3,19
00:06:09,Mostly Cloudy,7,3,19
00:08:08,Mostly Cloudy,7,3,19
00:10:09,Mostly Cloudy,7,3,19
00:12:09,Mostly Cloudy,7,3,19
00:14:09,Mostly Cloudy,7,4,14
00:16:08,Mostly Cloudy,7,4,14
00:18:09,Mostly Cloudy,7,4,14
00:20:09,Mostly Cloudy,7,4,14
00:22:08,Mostly Cloudy,7,4,14
00:24:09,Mostly Cloudy,7,4,14
00:26:09,Mostly Cloudy,7,4,14
00:28:09,Mostly Cloudy,7,4,14
00:30:09,Mostly Cloudy,7,4,14
00:32:09,Mostly Cloudy,7,4,14
00:34:09,Mostly Cloudy,7,4,14
00:36:09,Mostly Cloudy,7,4,14
00:38:08,Mostly Cloudy,7,4,14
00:40:09,Mostly Cloudy,7,4,14
00:42:09,Mostly Cloudy,7,4,14
00:44:08,Mostly Cloudy,7,4,14
00:46:09,Mostly Cloudy,7,4,14
00:48:09,Mostly Cloudy,7,4,14
00:50:08,Mostly Cloudy,7,4,14
00:52:09,Mostly Cloudy,7,4,14
00:54:09,Mostly Cloudy,7,4,14
00:56:09,Mostly Cloudy,7,4,14
00:58:09,Mostly Cloudy,7,4,14
01:00:16,Mostly Cloudy,7,4,14
01:02:08,Mostly Cloudy,7,4,14
01:04:09,Mostly Cloudy,7,4,14
01:06:09,Mostly Cloudy,7,4,14
01:08:08,Mostly Cloudy,7,4,14
01:10:09,Mostly Cloudy,7,4,14
01:12:08,Mostly Cloudy,7,4,14
01:14:09,Mostly Cloudy,6,4,8
01:16:09,Mostly Cloudy,6,4,8
01:18:09,Mostly Cloudy,6,4,8
01:20:09,Mostly Cloudy,6,4,8
01:22:08,Mostly Cloudy,6,4,8
01:24:09,Mostly Cloudy,6,4,8
01:26:08,Mostly Cloudy,6,4,8
01:28:08,Mostly Cloudy,6,4,8
01:30:09,Mostly Cloudy,6,4,8
01:32:09,Mostly Cloudy,6,4,8
01:34:08,Mostly Cloudy,6,4,8
01:36:09,Mostly Cloudy,6,4,8
01:38:08,Mostly Cloudy,6,4,8
01:40:09,Mostly Cloudy,6,4,8
01:42:09,Mostly Cloudy,6,4,8
01:44:08,Mostly Cloudy,6,4,8
01:46:09,Mostly Cloudy,6,4,8
01:48:08,Mostly Cloudy,6,4,8
01:50:09,Mostly Cloudy,6,4,8
01:52:09,Mostly Cloudy,6,4,8
01:54:08,Mostly Cloudy,6,4,8
01:56:09,Mostly Cloudy,6,4,8
01:58:08,Mostly Cloudy,6,4,8
02:00:09,Mostly Cloudy,6,4,8
02:02:09,Mostly Cloudy,6,4,8
02:04:09,Mostly Cloudy,6,4,8
02:06:08,Mostly Cloudy,6,4,8
02:08:09,Mostly Cloudy,6,4,8
02:10:08,Mostly Cloudy,6,4,8
02:12:09,Mostly Cloudy,6,4,8
02:14:08,Mostly Cloudy,6,4,8
02:16:09,Mostly Cloudy,6,4,8
02:18:08,Mostly Cloudy,6,4,8
02:20:08,Mostly Cloudy,6,3,9
02:22:09,Mostly Cloudy,6,3,9
02:24:08,Mostly Cloudy,6,3,9
02:26:09,Mostly Cloudy,6,3,9
02:28:09,Mostly Cloudy,6,3,9
02:30:09,Mostly Cloudy,6,3,9
02:32:08,Mostly Cloudy,6,3,9
02:34:09,Mostly Cloudy,6,3,9
02:36:09,Mostly Cloudy,6,3,9
02:38:08,Mostly Cloudy,6,3,9
02:40:09,Mostly Cloudy,6,3,9
02:42:09,Mostly Cloudy,6,3,9
02:44:09,Mostly Cloudy,6,3,9
02:46:09,Mostly Cloudy,6,3,9
02:48:08,Mostly Cloudy,6,3,9
02:50:08,Mostly Cloudy,6,3,9
02:52:09,Mostly Cloudy,6,3,9
02:54:08,Mostly Cloudy,6,3,9
02:56:09,Mostly Cloudy,6,3,9
02:58:09,Mostly Cloudy,6,3,9
03:00:09,Mostly Cloudy,6,3,9
03:02:08,Mostly Cloudy,6,3,9
03:04:09,Mostly Cloudy,6,3,9
03:06:09,Mostly Cloudy,6,3,9
03:08:09,Mostly Cloudy,6,3,9
03:10:09,Mostly Cloudy,6,3,9
03:12:09,Mostly Cloudy,6,3,9
03:14:08,Mostly Cloudy,6,3,12
03:16:09,Mostly Cloudy,6,3,12
03:18:08,Mostly Cloudy,6,3,12
03:20:08,Mostly Cloudy,6,3,12
03:22:09,Mostly Cloudy,6,3,12
03:24:09,Mostly Cloudy,6,3,12
03:26:08,Mostly Cloudy,6,3,12
03:28:09,Mostly Cloudy,6,3,12
03:30:09,Mostly Cloudy,6,3,12
03:32:09,Mostly Cloudy,6,3,12
03:34:08,Mostly Cloudy,6,3,12
03:36:09,Mostly Cloudy,6,3,12
03:38:08,Mostly Cloudy,6,3,12
03:40:08,Mostly Cloudy,6,3,12
03:42:09,Mostly Cloudy,6,3,12
03:44:09,Mostly Cloudy,6,3,12
03:46:08,Mostly Cloudy,6,3,12
03:48:09,Mostly Cloudy,6,3,12
03:50:08,Mostly Cloudy,6,3,12
03:52:08,Mostly Cloudy,6,3,12
03:54:09,Mostly Cloudy,6,3,12
03:56:09,Mostly Cloudy,6,3,12
03:58:09,Mostly Cloudy,6,3,12
04:00:09,Mostly Cloudy,6,3,12
04:02:09,Mostly Cloudy,6,3,12
04:04:09,Mostly Cloudy,6,3,12
04:06:08,Mostly Cloudy,6,3,12
04:08:09,Mostly Cloudy,6,3,12
04:10:09,Mostly Cloudy,6,3,12
04:12:09,Partly Cloudy,6,1,24
04:14:09,Partly Cloudy,6,1,24
04:16:09,Partly Cloudy,6,1,24
04:18:09,Partly Cloudy,6,1,24
04:20:09,Partly Cloudy,6,1,24
04:22:08,Partly Cloudy,6,1,24
04:24:09,Partly Cloudy,6,1,24
04:26:09,Partly Cloudy,6,1,24
04:28:08,Partly Cloudy,6,1,24
04:30:09,Partly Cloudy,6,1,24
04:32:09,Partly Cloudy,6,1,24
04:34:08,Partly Cloudy,6,1,24
04:36:09,Partly Cloudy,6,1,24
04:38:09,Partly Cloudy,6,1,24
04:40:08,Partly Cloudy,6,1,24
04:42:09,Partly Cloudy,6,1,24
04:44:09,Partly Cloudy,6,1,24
04:46:08,Partly Cloudy,6,1,24
04:48:09,Partly Cloudy,6,1,24
04:50:08,Partly Cloudy,6,1,24
04:52:08,Partly Cloudy,6,1,24
04:54:09,Partly Cloudy,6,1,24
04:56:08,Partly Cloudy,6,1,24
04:58:09,Partly Cloudy,6,1,24
05:00:09,Partly Cloudy,6,1,24
05:02:09,Partly Cloudy,6,1,24
05:04:09,Partly Cloudy,6,1,24
05:06:08,Partly Cloudy,6,1,24
05:08:09,Partly Cloudy,6,1,24
05:10:09,Partly Cloudy,6,1,24
05:12:08,Partly Cloudy,5,1,16
05:14:09,Partly Cloudy,5,1,16
05:16:09,Partly Cloudy,5,1,16
05:18:08,Partly Cloudy,5,1,16
05:20:09,Partly Cloudy,5,1,16
05:22:09,Partly Cloudy,5,1,16
05:24:08,Partly Cloudy,5,1,16
05:26:09,Partly Cloudy,5,1,16
05:28:08,Partly Cloudy,5,1,16
05:30:09,Partly Cloudy,5,1,16
05:32:08,Partly Cloudy,5,1,16
05:34:08,Partly Cloudy,5,1,16
05:36:09,Partly Cloudy,5,1,16
05:38:09,Partly Cloudy,5,1,16
05:40:08,Partly Cloudy,5,1,16
05:42:09,Partly Cloudy,5,1,16
05:44:09,Partly Cloudy,5,1,16
05:46:08,Partly Cloudy,5,1,16
05:48:09,Partly Cloudy,5,1,16
05:50:09,Partly Cloudy,5,1,16
05:52:09,Partly Cloudy,5,1,16
05:54:09,Partly Cloudy,5,1,16
05:56:09,Partly Cloudy,5,1,16
05:58:09,Partly Cloudy,5,1,16
06:00:08,Partly Cloudy,5,1,16
06:02:09,Partly Cloudy,5,1,16
06:04:08,Partly Cloudy,5,1,16
06:06:09,Partly Cloudy,5,1,16
06:08:08,Partly Cloudy,5,1,16
06:10:09,Partly Cloudy,5,1,16
06:12:09,Partly Cloudy,5,1,16
06:14:09,Partly Cloudy,5,1,16
06:16:09,Partly Cloudy,5,1,16
06:18:09,Partly Cloudy,5,0,27
06:20:09,Partly Cloudy,5,0,27
06:22:09,Partly Cloudy,5,0,27
06:24:08,Partly Cloudy,5,0,27
06:26:08,Partly Cloudy,5,0,27
06:28:09,Partly Cloudy,5,0,27
06:30:09,Partly Cloudy,5,0,27
06:32:09,Partly Cloudy,5,0,27
06:34:08,Partly Cloudy,5,0,27
06:36:09,Partly Cloudy,5,0,27
06:38:08,Partly Cloudy,5,0,27
06:40:09,Partly Cloudy,5,0,27
06:42:09,Partly Cloudy,5,0,27
06:44:09,Partly Cloudy,5,0,27
06:46:09,Partly Cloudy,5,0,27
06:48:09,Partly Cloudy,5,0,27
06:50:08,Partly Cloudy,5,0,27
06:52:09,Partly Cloudy,5,0,27
06:54:08,Partly Cloudy,5,0,27
06:56:09,Partly Cloudy,5,0,27
06:58:08,Partly Cloudy,5,0,27
07:00:09,Partly Cloudy,5,0,27
07:02:08,Partly Cloudy,5,0,27
07:04:09,Partly Cloudy,5,0,27
07:06:09,Partly Cloudy,5,0,27
07:08:09,Partly Cloudy,5,0,27
07:10:08,Partly Cloudy,5,0,27
07:12:09,Partly Cloudy,5,0,27
07:14:08,Partly Cloudy,5,0,27
07:16:09,Partly Cloudy,5,0,27
07:18:08,Fair,5,1,20
07:20:09,Fair,5,1,20
07:22:08,Fair,5,1,20
07:24:09,Fair,5,1,20
07:26:09,Fair,5,1,20
07:28:09,Fair,5,1,20
07:30:09,Fair,5,1,20
07:32:09,Fair,5,1,20
07:34:09,Fair,5,1,20
07:36:09,Fair,5,1,20
07:38:08,Fair,5,1,20
07:40:09,Fair,5,1,20
07:42:08,Fair,5,1,20
07:44:09,Fair,5,1,20
07:46:08,Fair,5,1,20
07:48:09,Fair,5,1,20
07:50:08,Fair,5,1,20
07:52:09,Fair,5,1,20
07:54:08,Fair,5,1,20
07:56:09,Fair,5,1,20
07:58:08,Fair,5,1,20
08:00:08,Fair,5,1,20
08:02:09,Fair,5,1,20
08:04:08,Fair,5,1,20
08:06:09,Fair,5,1,20
08:08:08,Fair,5,1,20
08:10:08,Fair,5,1,20
08:12:09,Partly Cloudy,3,0,24
08:14:09,Partly Cloudy,3,0,24
08:16:09,Partly Cloudy,3,0,24
08:18:08,Partly Cloudy,3,0,24
08:20:09,Partly Cloudy,3,0,24
08:22:09,Partly Cloudy,3,0,24
08:24:08,Partly Cloudy,3,0,24
08:26:09,Partly Cloudy,3,0,24
08:28:09,Partly Cloudy,3,0,24
08:30:09,Partly Cloudy,3,0,24
08:32:09,Partly Cloudy,3,0,24
08:34:09,Partly Cloudy,3,0,24
08:36:08,Partly Cloudy,3,0,24
08:38:09,Partly Cloudy,3,0,24
08:40:08,Partly Cloudy,3,0,24
08:42:09,Partly Cloudy,3,0,24
08:44:08,Partly Cloudy,3,0,24
08:46:09,Partly Cloudy,3,0,24
08:48:09,Partly Cloudy,3,0,24
08:50:09,Partly Cloudy,3,0,24
08:52:09,Partly Cloudy,3,0,24
08:54:08,Partly Cloudy,3,0,24
08:56:09,Partly Cloudy,3,0,24
08:58:08,Partly Cloudy,3,0,24
09:00:09,Partly Cloudy,3,0,24
09:02:08,Partly Cloudy,3,0,24
09:04:08,Partly Cloudy,3,0,24
09:06:09,Partly Cloudy,3,0,24
09:08:08,Partly Cloudy,3,0,24
09:10:09,Partly Cloudy,3,0,24
09:12:08,Partly Cloudy,3,0,24
09:14:09,Partly Cloudy,3,0,24
09:16:09,Partly Cloudy,3,0,24
09:18:09,Mostly Cloudy,3,-1,27
09:20:09,Mostly Cloudy,3,-1,27
09:22:08,Mostly Cloudy,3,-1,27
09:24:09,Mostly Cloudy,3,-1,27
09:26:08,Mostly Cloudy,3,-1,27
09:28:09,Mostly Cloudy,3,-1,27
09:30:09,Mostly Cloudy,3,-1,27
09:32:09,Mostly Cloudy,3,-1,27
09:34:09,Mostly Cloudy,3,-1,27
09:36:09,Mostly Cloudy,3,-1,27
09:38:09,Mostly Cloudy,3,-1,27
09:40:09,Mostly Cloudy,3,-1,27
09:42:08,Mostly Cloudy,3,-1,27
09:44:09,Mostly Cloudy,3,-1,27
09:46:08,Mostly Cloudy,3,-1,27
09:48:09,Mostly Cloudy,6,2,19
09:50:08,Mostly Cloudy,6,2,19
09:52:09,Mostly Cloudy,6,2,19
09:54:08,Mostly Cloudy,6,2,19
09:56:09,Mostly Cloudy,6,2,19
09:58:08,Mostly Cloudy,6,2,19
10:00:08,Mostly Cloudy,6,2,19
10:02:09,Mostly Cloudy,6,2,19
10:04:09,Mostly Cloudy,6,2,19
10:06:08,Mostly Cloudy,6,2,19
10:08:09,Mostly Cloudy,6,2,19
10:10:09,Mostly Cloudy,6,2,19
10:12:08,Mostly Cloudy,6,2,19
10:14:09,Mostly Cloudy,6,2,19
10:16:08,Mostly Cloudy,6,2,19
10:18:09,Mostly Cloudy,5,2,12
10:20:08,Mostly Cloudy,5,2,12
10:22:09,Mostly Cloudy,5,2,12
10:24:09,Mostly Cloudy,5,2,12
10:26:09,Mostly Cloudy,5,2,12
10:28:09,Mostly Cloudy,5,2,12
10:30:09,Mostly Cloudy,5,2,12
10:32:09,Mostly Cloudy,5,2,12
10:34:09,Mostly Cloudy,5,2,12
10:36:09,Mostly Cloudy,5,2,12
10:38:09,Mostly Cloudy,5,2,12
10:40:09,Mostly Cloudy,5,2,12
10:42:09,Mostly Cloudy,6,3,12
10:44:08,Mostly Cloudy,6,3,12
10:46:09,Mostly Cloudy,6,3,12
10:48:09,Mostly Cloudy,6,3,12
10:50:08,Mostly Cloudy,6,3,12
10:52:09,Mostly Cloudy,6,3,12
10:54:09,Mostly Cloudy,6,3,12
10:56:09,Mostly Cloudy,6,3,12
10:58:09,Mostly Cloudy,6,3,12
11:00:09,Mostly Cloudy,6,3,12
11:02:09,Mostly Cloudy,6,3,12
11:04:09,Mostly Cloudy,6,3,12
11:06:09,Mostly Cloudy,6,3,12
11:08:08,Mostly Cloudy,6,3,12
11:10:09,Mostly Cloudy,6,3,12
11:12:08,Mostly Cloudy,6,3,12
11:14:08,Mostly Cloudy,6,3,12
11:16:09,Mostly Cloudy,6,3,12
11:18:08,Mostly Cloudy,6,3,12
11:20:09,Mostly Cloudy,6,3,12
11:22:09,Mostly Cloudy,6,3,12
11:24:08,Mostly Cloudy,6,3,12
11:26:09,Mostly Cloudy,6,3,12
11:28:09,Mostly Cloudy,6,3,12
11:30:08,Mostly Cloudy,6,3,12
11:32:09,Mostly Cloudy,6,3,12
11:34:09,Mostly Cloudy,6,3,12
11:36:08,Mostly Cloudy,6,3,12
11:38:09,Mostly Cloudy,6,3,12
11:40:08,Mostly Cloudy,6,3,12
11:42:09,Mostly Cloudy,6,2,22
11:44:08,Mostly Cloudy,6,2,22
11:46:09,Mostly Cloudy,6,2,22
11:48:09,Mostly Cloudy,6,2,22
11:50:08,Mostly Cloudy,6,2,22
11:52:09,Mostly Cloudy,6,2,22
11:54:09,Mostly Cloudy,6,2,22
11:56:08,Mostly Cloudy,6,2,22
11:58:08,Mostly Cloudy,6,2,22
12:00:09,Mostly Cloudy,6,2,22
12:02:08,Mostly Cloudy,6,2,22
12:04:09,Mostly Cloudy,6,2,22
12:06:09,Mostly Cloudy,6,2,22
12:08:09,Mostly Cloudy,6,2,22
12:10:09,Mostly Cloudy,6,2,22
12:12:08,Mostly Cloudy,7,3,16
12:14:09,Mostly Cloudy,7,3,16
12:16:09,Mostly Cloudy,7,3,16
12:18:09,Mostly Cloudy,7,3,16
12:20:08,Mostly Cloudy,7,3,16
12:22:09,Mostly Cloudy,7,3,16
12:24:09,Mostly Cloudy,7,3,16
12:26:09,Mostly Cloudy,7,3,16
12:28:08,Mostly Cloudy,7,3,16
12:30:09,Mostly Cloudy,7,3,16
12:32:09,Mostly Cloudy,7,3,16
12:34:08,Mostly Cloudy,7,3,16
12:36:09,Mostly Cloudy,7,3,16
12:38:09,Mostly Cloudy,7,3,16
12:40:09,Mostly Cloudy,7,3,16
12:42:09,Mostly Cloudy,7,3,16
12:44:09,Mostly Cloudy,7,3,16
12:46:09,Mostly Cloudy,7,3,16
12:48:09,Mostly Cloudy,6,1,28
12:50:08,Mostly Cloudy,6,1,28
12:52:09,Mostly Cloudy,6,1,28
12:54:08,Mostly Cloudy,6,1,28
12:56:08,Mostly Cloudy,6,1,28
12:58:09,Mostly Cloudy,6,1,28
13:00:09,Mostly Cloudy,6,1,28
13:02:09,Mostly Cloudy,6,1,28
13:04:09,Mostly Cloudy,6,1,28
13:06:08,Mostly Cloudy,6,1,28
13:08:09,Mostly Cloudy,6,1,28
13:10:09,Mostly Cloudy,6,1,28
13:12:09,Mostly Cloudy / Windy,6,1,33
13:14:08,Mostly Cloudy / Windy,6,1,33
13:16:09,Mostly Cloudy / Windy,6,1,33
13:18:08,Mostly Cloudy / Windy,6,1,33
13:20:09,Mostly Cloudy / Windy,6,1,33
13:22:09,Mostly Cloudy / Windy,6,1,33
13:24:09,Mostly Cloudy / Windy,6,1,33
13:26:09,Mostly Cloudy / Windy,6,1,33
13:28:09,Mostly Cloudy / Windy,6,1,33
13:30:09,Mostly Cloudy / Windy,6,1,33
13:32:09,Mostly Cloudy / Windy,6,1,33
13:34:09,Mostly Cloudy / Windy,6,1,33
13:36:08,Mostly Cloudy / Windy,6,1,33
13:38:09,Mostly Cloudy / Windy,6,1,33
13:40:08,Mostly Cloudy / Windy,6,1,33
13:42:08,Mostly Cloudy,6,1,24
13:44:09,Mostly Cloudy,6,1,24
13:46:09,Mostly Cloudy,6,1,24
13:48:08,Mostly Cloudy,6,1,24
13:50:09,Mostly Cloudy,6,1,24
13:52:08,Mostly Cloudy,6,1,24
13:54:09,Mostly Cloudy,6,1,24
13:56:09,Mostly Cloudy,6,1,24
13:58:09,Mostly Cloudy,6,1,24
14:00:09,Mostly Cloudy,6,1,24
14:02:09,Mostly Cloudy,6,1,24
14:04:09,Mostly Cloudy,6,1,24
14:06:09,Mostly Cloudy,6,1,24
14:08:09,Mostly Cloudy,6,1,24
14:10:09,Mostly Cloudy,6,1,24
14:12:08,Mostly Cloudy,6,1,32
14:14:09,Mostly Cloudy,6,1,32
14:16:09,Mostly Cloudy,6,1,32
14:18:08,Mostly Cloudy,6,1,32
14:20:09,Mostly Cloudy,6,1,32
14:22:08,Mostly Cloudy,6,1,32
14:24:09,Mostly Cloudy,6,1,32
14:26:09,Mostly Cloudy,6,1,32
14:28:09,Mostly Cloudy,6,1,32
14:30:09,Mostly Cloudy,6,1,32
14:32:09,Mostly Cloudy,6,1,32
14:34:09,Mostly Cloudy,6,1,32
14:36:08,Mostly Cloudy,6,1,32
14:38:09,Mostly Cloudy,6,1,32
14:40:09,Mostly Cloudy,6,1,32
14:42:08,Mostly Cloudy / Windy,6,1,37
14:44:09,Mostly Cloudy / Windy,6,1,37
14:46:09,Mostly Cloudy / Windy,6,1,37
14:48:09,Mostly Cloudy / Windy,6,1,37
14:50:08,Mostly Cloudy / Windy,6,1,37
14:52:09,Mostly Cloudy / Windy,6,1,37
14:54:09,Mostly Cloudy / Windy,6,1,37
14:56:09,Mostly Cloudy / Windy,6,1,37
14:58:09,Mostly Cloudy / Windy,6,1,37
15:00:08,Mostly Cloudy / Windy,6,1,37
15:02:09,Mostly Cloudy / Windy,6,1,37
15:04:08,Mostly Cloudy / Windy,6,1,37
15:06:08,Mostly Cloudy / Windy,6,1,37
15:08:09,Mostly Cloudy / Windy,6,1,37
15:10:09,Mostly Cloudy / Windy,6,1,37
15:12:08,Partly Cloudy,5,1,20
15:14:09,Partly Cloudy,5,1,20
15:16:08,Partly Cloudy,5,1,20
15:18:09,Partly Cloudy,5,1,20
15:20:08,Partly Cloudy,5,1,20
15:22:09,Partly Cloudy,5,1,20
15:24:09,Partly Cloudy,5,1,20
15:26:09,Partly Cloudy,5,1,20
15:28:09,Partly Cloudy,5,1,20
15:30:09,Partly Cloudy,5,1,20
15:32:08,Partly Cloudy,5,1,20
15:34:09,Partly Cloudy,5,1,20
15:36:09,Partly Cloudy,5,1,20
15:38:09,Partly Cloudy,5,1,20
15:40:09,Partly Cloudy,5,1,20
15:42:09,Partly Cloudy / Windy,5,0,33
15:44:09,Partly Cloudy / Windy,5,0,33
15:46:09,Partly Cloudy / Windy,5,0,33
15:48:08,Partly Cloudy / Windy,5,0,33
15:50:08,Partly Cloudy / Windy,5,0,33
15:52:09,Partly Cloudy / Windy,5,0,33
15:54:09,Partly Cloudy / Windy,5,0,33
15:56:08,Partly Cloudy / Windy,5,0,33
15:58:09,Partly Cloudy / Windy,5,0,33
16:00:09,Partly Cloudy / Windy,5,0,33
16:02:08,Partly Cloudy / Windy,5,0,33
16:04:09,Partly Cloudy / Windy,5,0,33
16:06:08,Partly Cloudy / Windy,5,0,33
16:08:09,Partly Cloudy / Windy,5,0,33
16:10:08,Partly Cloudy / Windy,5,0,33
16:12:09,Partly Cloudy,5,0,22
16:14:08,Partly Cloudy,5,0,22
16:16:09,Partly Cloudy,5,0,22
16:18:08,Partly Cloudy,5,0,22
16:20:09,Partly Cloudy,5,0,22
16:22:08,Partly Cloudy,5,0,22
16:24:09,Partly Cloudy,5,0,22
16:26:09,Partly Cloudy,5,0,22
16:28:08,Partly Cloudy,5,0,22
16:30:09,Partly Cloudy,5,0,22
16:32:08,Partly Cloudy,5,0,22
16:34:09,Partly Cloudy,5,0,22
16:36:09,Partly Cloudy,5,0,22
16:38:09,Partly Cloudy,5,0,22
16:40:09,Partly Cloudy,5,0,22
16:42:09,Partly Cloudy,5,0,22
16:44:09,Partly Cloudy,5,0,22
16:46:08,Partly Cloudy,5,0,22
16:48:09,Partly Cloudy,5,0,22
16:50:08,Partly Cloudy,5,0,22
16:52:09,Partly Cloudy,5,0,22
16:54:09,Partly Cloudy,5,0,22
16:56:08,Partly Cloudy,5,0,22
16:58:09,Partly Cloudy,5,0,22
17:00:09,Partly Cloudy,5,0,22
17:02:08,Partly Cloudy,5,0,22
17:04:09,Partly Cloudy,5,0,22
17:06:08,Partly Cloudy,5,0,22
17:08:09,Partly Cloudy,5,0,22
17:10:09,Partly Cloudy,5,0,22
17:12:08,Partly Cloudy,5,0,22
17:14:09,Partly Cloudy,5,0,22
17:16:09,Partly Cloudy,5,0,22
17:18:08,Partly Cloudy,3,1,12
17:20:08,Partly Cloudy,3,1,12
17:22:09,Partly Cloudy,3,1,12
17:24:09,Partly Cloudy,3,1,12
17:26:09,Partly Cloudy,3,1,12
17:28:09,Partly Cloudy,3,1,12
17:30:08,Partly Cloudy,3,1,12
17:32:09,Partly Cloudy,3,1,12
17:34:08,Partly Cloudy,3,1,12
17:36:09,Partly Cloudy,3,1,12
17:38:09,Partly Cloudy,3,1,12
17:40:09,Partly Cloudy,3,1,12
17:42:09,Partly Cloudy,3,1,12
17:44:09,Partly Cloudy,3,1,12
17:46:09,Partly Cloudy,3,1,12
17:48:08,Partly Cloudy,3,1,12
17:50:09,Partly Cloudy,3,1,12
17:52:09,Partly Cloudy,3,1,12
17:54:09,Partly Cloudy,3,1,12
17:56:08,Partly Cloudy,3,1,12
17:58:09,Partly Cloudy,3,1,12
18:00:08,Partly Cloudy,3,1,12
18:02:09,Partly Cloudy,3,1,12
18:04:09,Partly Cloudy,3,1,12
18:06:09,Partly Cloudy,3,1,12
18:08:08,Partly Cloudy,3,1,12
18:10:09,Partly Cloudy,3,1,12
18:12:09,Partly Cloudy,3,1,12
18:14:09,Partly Cloudy,3,1,12
18:16:09,Mostly Cloudy,5,1,20
18:18:09,Mostly Cloudy,5,1,20
18:20:08,Mostly Cloudy,5,1,20
18:22:09,Mostly Cloudy,5,1,20
18:24:09,Mostly Cloudy,5,1,20
18:26:08,Mostly Cloudy,5,1,20
18:28:09,Mostly Cloudy,5,1,20
18:30:09,Mostly Cloudy,5,1,20
18:32:08,Mostly Cloudy,5,1,20
18:34:08,Mostly Cloudy,5,1,20
18:36:09,Mostly Cloudy,5,1,20
18:38:09,Mostly Cloudy,5,1,20
18:40:08,Mostly Cloudy,5,1,20
18:42:09,Mostly Cloudy,5,1,20
18:44:09,Mostly Cloudy,5,1,20
18:46:08,Mostly Cloudy,5,1,20
18:48:09,Mostly Cloudy,5,1,20
18:50:08,Mostly Cloudy,5,1,20
18:52:09,Mostly Cloudy,5,1,20
18:54:08,Mostly Cloudy,5,1,20
18:56:09,Mostly Cloudy,5,1,20
18:58:08,Mostly Cloudy,5,1,20
19:00:09,Mostly Cloudy,5,1,20
19:02:09,Mostly Cloudy,5,1,20
19:04:09,Mostly Cloudy,5,1,20
19:06:09,Mostly Cloudy,5,1,20
19:08:09,Mostly Cloudy,3,-1,27
19:10:09,Mostly Cloudy,3,-1,27
19:12:09,Mostly Cloudy,3,-1,27
19:14:08,Mostly Cloudy,3,-1,27
19:16:09,Mostly Cloudy,3,-1,27
19:18:08,Mostly Cloudy,3,-1,27
19:20:08,Mostly Cloudy,3,-1,27
19:22:09,Mostly Cloudy,3,-1,27
19:24:09,Mostly Cloudy,3,-1,27
19:26:09,Mostly Cloudy,3,-1,27
19:28:08,Mostly Cloudy,3,-1,27
19:30:09,Mostly Cloudy,3,-1,27
19:32:09,Mostly Cloudy,3,-1,27
19:34:08,Mostly Cloudy,3,-1,27
19:36:09,Mostly Cloudy,3,-1,27
19:38:09,Mostly Cloudy,3,-1,27
19:40:09,Mostly Cloudy,3,-1,27
19:42:08,Mostly Cloudy,3,-1,27
19:44:09,Mostly Cloudy,3,-1,27
19:46:09,Mostly Cloudy,3,-1,27
19:48:08,Mostly Cloudy,3,-1,27
19:50:08,Mostly Cloudy,3,-1,27
19:52:09,Mostly Cloudy,3,-1,27
19:54:08,Mostly Cloudy,3,-1,27
19:56:09,Mostly Cloudy,3,-1,27
19:58:08,Mostly Cloudy,3,-1,27
20:00:09,Mostly Cloudy,3,-1,27
20:02:09,Mostly Cloudy,3,-1,27
20:04:09,Mostly Cloudy,3,-1,27
20:06:09,Mostly Cloudy,3,-1,27
20:08:08,Mostly Cloudy,3,-1,27
20:10:09,Mostly Cloudy,3,-1,27
20:12:09,Mostly Cloudy,3,-1,27
20:14:08,Mostly Cloudy / Windy,5,-1,45
20:16:09,Mostly Cloudy / Windy,5,-1,45
20:18:08,Mostly Cloudy / Windy,5,-1,45
20:20:09,Mostly Cloudy / Windy,5,-1,45
20:22:08,Mostly Cloudy / Windy,5,-1,45
20:24:09,Mostly Cloudy / Windy,5,-1,45
20:26:09,Mostly Cloudy / Windy,5,-1,45
20:28:09,Mostly Cloudy / Windy,5,-1,45
20:30:09,Mostly Cloudy / Windy,5,-1,45
20:32:08,Mostly Cloudy / Windy,5,-1,45
20:34:09,Mostly Cloudy / Windy,5,-1,45
20:36:09,Mostly Cloudy / Windy,5,-1,45
20:38:08,Mostly Cloudy / Windy,5,-1,45
20:40:09,Mostly Cloudy / Windy,5,-1,45
20:42:08,Mostly Cloudy / Windy,5,-1,45
20:44:09,Mostly Cloudy / Windy,5,-1,45
20:46:09,Mostly Cloudy / Windy,5,-1,45
20:48:09,Mostly Cloudy / Windy,5,-1,45
20:50:09,Mostly Cloudy / Windy,5,-1,45
20:52:08,Mostly Cloudy / Windy,5,-1,45
20:54:09,Mostly Cloudy / Windy,5,-1,45
20:56:08,Mostly Cloudy / Windy,5,-1,45
20:58:09,Mostly Cloudy / Windy,5,-1,45
21:00:08,Mostly Cloudy / Windy,5,-1,45
21:02:09,Mostly Cloudy / Windy,5,-1,45
21:04:09,Mostly Cloudy / Windy,5,-1,45
21:06:09,Mostly Cloudy / Windy,5,-1,45
21:08:08,Mostly Cloudy / Windy,5,-1,45
21:10:09,Mostly Cloudy / Windy,5,-1,45
21:12:09,Mostly Cloudy,3,0,22
21:14:09,Mostly Cloudy,3,0,22
21:16:09,Mostly Cloudy,3,0,22
21:18:09,Mostly Cloudy,3,0,22
21:20:08,Mostly Cloudy,3,0,22
21:22:09,Mostly Cloudy,3,0,22
21:24:09,Mostly Cloudy,3,0,22
21:26:09,Mostly Cloudy,3,0,22
21:28:09,Mostly Cloudy,3,0,22
21:30:08,Mostly Cloudy,3,0,22
21:32:09,Mostly Cloudy,3,0,22
21:34:09,Mostly Cloudy,3,0,22
21:36:09,Mostly Cloudy,3,0,22
21:38:09,Mostly Cloudy,3,0,22
21:40:08,Mostly Cloudy,3,0,22
21:42:09,Mostly Cloudy,3,0,22
21:44:08,Mostly Cloudy,3,0,22
21:46:09,Mostly Cloudy,3,0,22
21:48:08,Mostly Cloudy,3,0,22
21:50:09,Mostly Cloudy,3,0,22
21:52:08,Mostly Cloudy,3,0,22
21:54:09,Mostly Cloudy,3,0,22
21:56:09,Mostly Cloudy,3,0,22
21:58:09,Mostly Cloudy,3,0,22
22:00:08,Mostly Cloudy,3,0,22
22:02:09,Mostly Cloudy,3,0,22
22:04:08,Mostly Cloudy,3,0,22
22:06:09,Mostly Cloudy,3,0,22
22:08:08,Mostly Cloudy,3,0,22
22:10:09,Mostly Cloudy,3,0,22
22:12:09,Mostly Cloudy,5,0,22
22:14:08,Mostly Cloudy,5,0,22
22:16:09,Mostly Cloudy,5,0,22
22:18:09,Mostly Cloudy,5,0,22
22:20:08,Mostly Cloudy,5,0,22
22:22:09,Mostly Cloudy,5,0,22
22:24:08,Mostly Cloudy,5,0,22
22:26:09,Mostly Cloudy,5,0,22
22:28:09,Mostly Cloudy,5,0,22
22:30:09,Mostly Cloudy,5,0,22
22:32:09,Mostly Cloudy,5,0,22
22:34:08,Mostly Cloudy,5,0,22
22:36:09,Mostly Cloudy,5,0,22
22:38:09,Mostly Cloudy,5,0,22
22:40:08,Mostly Cloudy,5,0,22
22:42:09,Mostly Cloudy,5,0,22
22:44:08,Mostly Cloudy,5,0,22
22:46:09,Mostly Cloudy,5,0,22
22:48:08,Mostly Cloudy,5,0,22
22:50:09,Mostly Cloudy,5,0,22
22:52:09,Mostly Cloudy,5,0,22
22:54:09,Mostly Cloudy,5,0,22
22:56:09,Mostly Cloudy,5,0,22
22:58:08,Mostly Cloudy,5,0,22
23:00:09,Mostly Cloudy,5,0,22
23:02:09,Mostly Cloudy,5,0,22
23:04:09,Mostly Cloudy,5,0,22
23:06:08,Mostly Cloudy,5,0,22
23:08:09,Mostly Cloudy,5,0,22
23:10:09,Mostly Cloudy,5,0,22
23:12:08,Mostly Cloudy,5,0,22
23:14:09,Mostly Cloudy,5,1,19
23:16:08,Mostly Cloudy,5,1,19
23:18:09,Mostly Cloudy,5,1,19
23:20:09,Mostly Cloudy,5,1,19
23:22:08,Mostly Cloudy,5,1,19
23:24:09,Mostly Cloudy,5,1,19
23:26:09,Mostly Cloudy,5,1,19
23:28:08,Mostly Cloudy,5,1,19
23:30:09,Mostly Cloudy,5,1,19
23:32:08,Mostly Cloudy,5,1,19
23:34:09,Mostly Cloudy,5,1,19
23:36:09,Mostly Cloudy,5,1,19
23:38:08,Mostly Cloudy,5,1,19
23:40:08,Mostly Cloudy,5,1,19
23:42:09,Mostly Cloudy,5,1,19
23:44:09,Mostly Cloudy,5,1,19
23:46:08,Mostly Cloudy,5,1,19
23:48:09,Mostly Cloudy,5,1,19
23:50:09,Mostly Cloudy,5,1,19
23:52:08,Mostly Cloudy,5,1,19
23:54:09,Mostly Cloudy,5,1,19
23:56:08,Mostly Cloudy,5,1,19
23:58:09,Mostly Cloudy,5,1,19
