Time,Weather,Temperature,Feels_Like,Wind_Speed
00:00:09,Mostly Cloudy,8,6,14
00:02:09,Mostly Cloudy,8,6,14
00:04:08,Mostly Cloudy,8,6,14
00:06:09,Mostly Cloudy,8,6,14
00:08:09,Mostly Cloudy,8,6,22
00:10:09,Mostly Cloudy,8,6,22
00:12:08,Mostly Cloudy,8,6,22
00:14:09,Mostly Cloudy,8,6,22
00:16:09,Mostly Cloudy,8,6,22
00:18:08,Mostly Cloudy,8,6,22
00:20:08,Mostly Cloudy,8,6,22
00:22:09,Mostly Cloudy,8,6,22
00:24:09,Mostly Cloudy,8,6,22
00:26:09,Mostly Cloudy,8,6,22
00:28:08,Mostly Cloudy,8,6,22
00:30:08,Mostly Cloudy,8,6,22
00:32:09,Mostly Cloudy,8,6,22
00:34:09,Mostly Cloudy,8,6,22
00:36:08,Mostly Cloudy,8,6,22
00:38:09,Mostly Cloudy,8,6,22
00:40:09,Mostly Cloudy,8,6,22
00:42:08,Mostly Cloudy,8,6,22
00:44:09,Mostly Cloudy,8,6,22
00:46:09,Mostly Cloudy,8,6,22
00:48:09,Mostly Cloudy,8,6,22
00:50:08,Mostly Cloudy,8,6,22
00:52:09,Mostly Cloudy,8,6,22
00:54:08,Mostly Cloudy,8,6,22
00:56:09,Mostly Cloudy,8,6,22
00:58:09,Mostly Cloudy,8,6,22
01:00:17,Mostly Cloudy,8,6,22
01:02:08,Mostly Cloudy,8,6,22
01:04:09,Mostly Cloudy,8,6,22
01:06:09,Mostly Cloudy,8,6,22
01:08:09,Mostly Cloudy,8,6,22
01:10:08,Mostly Cloudy,8,6,22
01:12:09,Mostly Cloudy,8,6,22
01:14:09,Light Drizzle,8,6,20
01:16:08,Light Drizzle,8,6,20
01:18:09,Light Drizzle,8,6,20
01:20:09,Light Drizzle,8,6,20
01:22:09,Light Drizzle,8,6,20
01:24:09,Light Drizzle,8,6,20
01:26:09,Light Drizzle,8,6,20
01:28:09,Light Drizzle,8,6,20
01:30:09,Light Drizzle,8,6,20
01:32:09,Light Drizzle,8,6,20
01:34:08,Light Drizzle,8,6,20
01:36:09,Light Drizzle,8,6,20
01:38:09,Light Drizzle,8,6,20
01:40:08,Light Drizzle,8,6,20
01:42:08,Light Drizzle,8,6,20
01:44:09,Light Drizzle,8,6,20
01:46:09,Light Drizzle,8,6,20
01:48:09,Light Drizzle,8,6,20
01:50:08,Light Drizzle,8,6,20
01:52:09,Light Drizzle,8,6,20
01:54:09,Light Drizzle,8,6,20
01:56:09,Light Drizzle,8,6,20
01:58:08,Light Drizzle,8,6,20
02:00:09,Light Drizzle,8,6,20
02:02:09,Light Drizzle,8,6,20
02:04:09,Light Drizzle,8,6,20
02:06:09,Light Drizzle,8,6,20
02:08:08,Light Drizzle,8,6,20
02:10:09,Light Drizzle,8,6,20
02:12:09,Light Drizzle,8,6,20
02:14:09,Mostly Cloudy,8,6,19
02:16:08,Mostly Cloudy,8,6,19
02:18:09,Mostly Cloudy,8,6,19
02:20:09,Mostly Cloudy,8,6,19
02:22:08,Mostly Cloudy,8,6,19
02:24:08,Mostly Cloudy,8,6,19
02:26:08,Mostly Cloudy,8,6,19
02:28:08,Mostly Cloudy,8,6,19
02:30:09,Mostly Cloudy,8,6,19
02:32:09,Mostly Cloudy,8,6,19
02:34:08,Mostly Cloudy,8,6,19
02:36:09,Mostly Cloudy,8,6,19
02:38:09,Mostly Cloudy,8,6,19
02:40:09,Mostly Cloudy,8,6,19
02:42:08,Mostly Cloudy,8,6,19
02:44:09,Mostly Cloudy,8,6,19
02:46:09,Mostly Cloudy,8,6,19
02:48:08,Mostly Cloudy,8,6,19
02:50:08,Mostly Cloudy,8,6,19
02:52:08,Mostly Cloudy,8,6,19
02:54:09,Mostly Cloudy,8,6,19
02:56:09,Mostly Cloudy,8,6,19
02:58:09,Mostly Cloudy,8,6,19
03:00:09,Mostly Cloudy,8,6,19
03:02:08,Mostly Cloudy,8,6,19
03:04:09,Mostly Cloudy,8,6,19
03:06:09,Mostly Cloudy,8,6,19
03:08:08,Mostly Cloudy,8,6,19
03:10:08,Mostly Cloudy,8,6,19
03:12:09,Mostly Cloudy,8,6,19
03:14:09,Light Rain,7,5,20
03:16:09,Light Rain,7,5,20
03:18:08,Light Rain,7,5,20
03:20:08,Light Rain,7,5,20
03:22:09,Light Rain,7,5,20
03:24:09,Light Rain,7,5,20
03:26:09,Light Rain,7,5,20
03:28:08,Light Rain,7,5,20
03:30:08,Light Rain,7,5,20
03:32:09,Light Rain,7,5,20
03:34:09,Light Rain,7,5,20
03:36:08,Light Rain,7,5,20
03:38:08,Light Rain,7,5,20
03:40:09,Light Rain,7,5,20
03:42:09,Light Rain,7,5,20
03:44:09,Light Rain,7,5,20
03:46:08,Light Rain,7,5,20
03:48:09,Light Rain,7,5,20
03:50:09,Light Rain,7,5,20
03:52:09,Light Rain,7,5,20
03:54:09,Light Rain,7,5,20
03:56:09,Light Rain,7,5,20
03:58:08,Light Rain,7,5,20
04:00:09,Light Rain,7,5,20
04:02:09,Light Rain,7,5,20
04:04:09,Light Rain,7,5,20
04:06:08,Light Rain,7,5,20
04:08:08,Light Rain,7,5,20
04:10:09,Light Rain,7,5,20
04:12:09,Light Rain,7,5,20
04:14:08,Mostly Cloudy,7,5,19
04:16:09,Mostly Cloudy,7,5,19
04:18:09,Mostly Cloudy,7,5,19
04:20:09,Mostly Cloudy,7,5,19
04:22:08,Mostly Cloudy,7,5,19
04:24:09,Mostly Cloudy,7,5,19
04:26:09,Mostly Cloudy,7,5,19
04:28:09,Mostly Cloudy,7,5,19
04:30:08,Mostly Cloudy,7,5,19
04:32:08,Mostly Cloudy,7,5,19
04:34:09,Mostly Cloudy,7,5,19
04:36:09,Mostly Cloudy,7,5,19
04:38:09,Mostly Cloudy,7,5,19
04:40:08,Mostly Cloudy,7,5,19
04:42:09,Mostly Cloudy,7,5,19
04:44:09,Mostly Cloudy,7,5,19
04:46:09,Mostly Cloudy,7,5,19
04:48:08,Mostly Cloudy,7,5,19
04:50:08,Mostly Cloudy,7,5,19
04:52:09,Mostly Cloudy,7,5,19
04:54:09,Mostly Cloudy,7,5,19
04:56:09,Mostly Cloudy,7,5,19
04:58:08,Mostly Cloudy,7,5,19
05:00:08,Mostly Cloudy,7,5,19
05:02:08,Mostly Cloudy,7,5,19
05:04:09,Mostly Cloudy,7,5,19
05:06:09,Mostly Cloudy,7,5,19
05:08:08,Mostly Cloudy,7,5,19
05:10:09,Mostly Cloudy,7,5,19
05:12:09,Mostly Cloudy,7,5,19
05:14:08,Mostly Cloudy,7,3,16
05:16:09,Mostly Cloudy,7,3,16
05:18:09,Mostly Cloudy,7,3,16
05:20:09,Mostly Cloudy,7,3,16
05:22:09,Mostly Cloudy,7,3,16
05:24:09,Mostly Cloudy,7,3,16
05:26:09,Mostly Cloudy,7,3,16
05:28:08,Mostly Cloudy,7,3,16
05:30:09,Mostly Cloudy,7,3,16
05:32:09,Mostly Cloudy,7,3,16
05:34:08,Mostly Cloudy,7,3,16
05:36:08,Mostly Cloudy,7,3,16
05:38:09,Mostly Cloudy,7,3,16
05:40:09,Mostly Cloudy,7,3,16
05:42:08,Mostly Cloudy,7,3,16
05:44:08,Mostly Cloudy,7,3,16
05:46:09,Mostly Cloudy,7,3,16
05:48:09,Mostly Cloudy,7,3,16
05:50:09,Mostly Cloudy,7,3,16
05:52:08,Mostly Cloudy,7,3,16
05:54:09,Mostly Cloudy,7,3,16
05:56:09,Mostly Cloudy,7,3,16
05:58:09,Mostly Cloudy,7,3,16
06:00:08,Mostly Cloudy,7,3,16
06:02:08,Mostly Cloudy,7,3,16
06:04:09,Mostly Cloudy,7,3,16
06:06:09,Mostly Cloudy,7,3,16
06:08:09,Mostly Cloudy,7,3,16
06:10:09,Mostly Cloudy,7,3,16
06:12:08,Mostly Cloudy,7,3,16
06:14:09,Mostly Cloudy,7,4,12
06:16:09,Mostly Cloudy,7,4,12
06:18:09,Mostly Cloudy,7,4,12
06:20:09,Mostly Cloudy,7,4,12
06:22:09,Mostly Cloudy,7,4,12
06:24:09,Mostly Cloudy,7,4,12
06:26:09,Mostly Cloudy,7,4,12
06:28:09,Mostly Cloudy,7,4,12
06:30:08,Mostly Cloudy,7,4,12
06:32:09,Mostly Cloudy,7,4,12
06:34:09,Mostly Cloudy,7,4,12
06:36:08,Mostly Cloudy,7,4,12
06:38:09,Mostly Cloudy,7,4,12
06:40:09,Mostly Cloudy,7,4,12
06:42:08,Mostly Cloudy,7,4,12
06:44:08,Mostly Cloudy,7,4,12
06:46:09,Mostly Cloudy,7,4,12
06:48:09,Mostly Cloudy,7,4,12
06:50:09,Mostly Cloudy,7,4,12
06:52:09,Mostly Cloudy,7,4,12
06:54:09,Mostly Cloudy,7,4,12
06:56:09,Mostly Cloudy,7,4,12
06:58:08,Mostly Cloudy,7,4,12
07:00:08,Mostly Cloudy,7,4,12
07:02:09,Mostly Cloudy,7,4,12
07:04:09,Mostly Cloudy,7,4,12
07:06:08,Mostly Cloudy,7,4,12
07:08:09,Mostly Cloudy,7,4,12
07:10:08,Mostly Cloudy,7,4,12
07:12:08,Mostly Cloudy,7,4,12
07:14:09,Mostly Cloudy,7,4,12
07:16:09,Mostly Cloudy,7,4,12
07:18:09,Mostly Cloudy,7,4,12
07:20:09,Mostly Cloudy,7,4,12
07:22:08,Mostly Cloudy,7,4,12
07:24:09,Mostly Cloudy,7,4,12
07:26:09,Mostly Cloudy,7,4,12
07:28:08,Mostly Cloudy,7,4,12
07:30:09,Mostly Cloudy,7,4,12
07:32:09,Mostly Cloudy,7,4,12
07:34:09,Mostly Cloudy,7,4,12
07:36:08,Mostly Cloudy,7,4,12
07:38:08,Mostly Cloudy,7,4,12
07:40:09,Mostly Cloudy,7,4,12
07:42:09,Mostly Cloudy,7,4,12
07:44:09,Partly Cloudy,7,3,20
07:46:09,Partly Cloudy,7,3,20
07:48:09,Partly Cloudy,7,3,20
07:50:09,Partly Cloudy,7,3,20
07:52:08,Partly Cloudy,7,3,20
07:54:09,Partly Cloudy,7,3,20
07:56:09,Partly Cloudy,7,3,20
07:58:08,Partly Cloudy,7,3,20
08:00:09,Partly Cloudy,7,3,20
08:02:09,Partly Cloudy,7,3,20
08:04:08,Partly Cloudy,7,3,20
08:06:08,Partly Cloudy,7,3,20
08:08:09,Partly Cloudy,7,5,16
08:10:09,Partly Cloudy,7,5,16
08:12:08,Partly Cloudy,7,5,16
08:14:08,Partly Cloudy,7,5,16
08:16:09,Partly Cloudy,7,5,16
08:18:08,Partly Cloudy,7,5,16
08:20:08,Partly Cloudy,7,5,16
08:22:09,Partly Cloudy,7,5,16
08:24:09,Partly Cloudy,7,5,16
08:26:09,Partly Cloudy,7,5,16
08:28:08,Partly Cloudy,7,5,16
08:30:09,Partly Cloudy,7,5,16
08:32:09,Partly Cloudy,7,5,16
08:34:09,Partly Cloudy,7,5,16
08:36:08,Partly Cloudy,7,5,16
08:38:09,Fair,7,5,20
08:40:08,Fair,7,5,20
08:42:09,Fair,7,5,20
08:44:09,Fair,7,5,20
08:46:09,Fair,7,5,20
08:48:09,Fair,7,5,20
08:50:09,Fair,7,5,20
08:52:09,Fair,7,5,20
08:54:08,Fair,7,5,20
08:56:08,Fair,7,5,20
08:58:09,Fair,7,5,20
09:00:08,Fair,7,5,20
09:02:09,Fair,7,5,20
09:04:09,Fair,7,5,20
09:06:08,Fair,7,5,20
09:08:08,Fair,7,5,20
09:10:09,Fair,7,5,20
09:12:09,Fair,7,5,20
09:14:09,Partly Cloudy,8,6,20
09:16:08,Partly Cloudy,8,6,20
09:18:08,Partly Cloudy,8,6,20
09:20:09,Partly Cloudy,8,6,20
09:22:09,Partly Cloudy,8,6,20
09:24:09,Partly Cloudy,8,6,20
09:26:08,Partly Cloudy,8,6,20
09:28:08,Partly Cloudy,8,6,20
09:30:09,Partly Cloudy,8,6,20
09:32:09,Partly Cloudy,8,6,20
09:34:09,Partly Cloudy,8,6,20
09:36:08,Partly Cloudy,8,6,20
09:38:08,Partly Cloudy,8,6,20
09:40:09,Partly Cloudy,8,6,20
09:42:09,Partly Cloudy,8,6,20
09:44:08,Partly Cloudy,8,6,20
09:46:09,Partly Cloudy,8,6,20
09:48:09,Partly Cloudy,8,6,20
09:50:09,Mostly Cloudy,8,6,20
09:52:08,Mostly Cloudy,8,6,20
09:54:09,Mostly Cloudy,8,6,20
09:56:09,Mostly Cloudy,8,6,20
09:58:08,Mostly Cloudy,8,6,20
10:00:08,Mostly Cloudy,8,6,20
10:02:09,Mostly Cloudy,8,6,20
10:04:09,Mostly Cloudy,8,6,20
10:06:08,Mostly Cloudy,8,6,20
10:08:08,Partly Cloudy,8,6,19
10:10:09,Partly Cloudy,8,6,19
10:12:09,Partly Cloudy,8,6,19
10:14:08,Partly Cloudy,8,6,19
10:16:09,Partly Cloudy,8,6,19
10:18:08,Partly Cloudy,8,6,19
10:20:09,Partly Cloudy,8,6,19
10:22:09,Partly Cloudy,8,6,19
10:24:08,Partly Cloudy,8,6,19
10:26:09,Partly Cloudy,8,6,19
10:28:09,Partly Cloudy,8,6,19
10:30:08,Partly Cloudy,8,6,19
10:32:09,Partly Cloudy,8,6,19
10:34:09,Partly Cloudy,8,6,19
10:36:08,Partly Cloudy,8,6,19
10:38:08,Partly Cloudy,8,6,19
10:40:09,Partly Cloudy,8,6,19
10:42:09,Partly Cloudy,8,6,19
10:44:08,Partly Cloudy,8,6,19
10:46:09,Partly Cloudy,8,6,19
10:48:09,Partly Cloudy,8,6,19
10:50:09,Mostly Cloudy,8,6,16
10:52:08,Mostly Cloudy,8,6,16
10:54:09,Mostly Cloudy,8,6,16
10:56:09,Mostly Cloudy,8,6,16
10:58:08,Mostly Cloudy,8,6,16
11:00:08,Mostly Cloudy,8,6,16
11:02:08,Mostly Cloudy,8,6,16
11:04:09,Mostly Cloudy,8,6,16
11:06:09,Mostly Cloudy,8,6,16
11:08:08,Mostly Cloudy,11,11,24
11:10:09,Mostly Cloudy,11,11,24
11:12:09,Mostly Cloudy,11,11,24
11:14:09,Mostly Cloudy,11,11,24
11:16:09,Mostly Cloudy,11,11,24
11:18:09,Mostly Cloudy,11,11,24
11:20:09,Mostly Cloudy,11,11,24
11:22:09,Mostly Cloudy,11,11,24
11:24:09,Mostly Cloudy,11,11,24
11:26:08,Mostly Cloudy,11,11,24
11:28:09,Mostly Cloudy,11,11,24
11:30:09,Mostly Cloudy,11,11,24
11:32:08,Mostly Cloudy,11,11,24
11:34:09,Mostly Cloudy,11,11,24
11:36:09,Mostly Cloudy,11,11,24
11:38:08,Mostly Cloudy,11,11,24
11:40:08,Mostly Cloudy,11,11,24
11:42:09,Mostly Cloudy,11,11,24
11:44:09,Mostly Cloudy,10,10,22
11:46:09,Mostly Cloudy,10,10,22
11:48:08,Mostly Cloudy,10,10,22
11:50:09,Mostly Cloudy,10,10,22
11:52:08,Mostly Cloudy,10,10,22
11:54:08,Mostly Cloudy,10,10,22
11:56:09,Mostly Cloudy,10,10,22
11:58:09,Mostly Cloudy,10,10,22
12:00:08,Mostly Cloudy,10,10,22
12:02:08,Mostly Cloudy,10,10,22
12:04:09,Mostly Cloudy,10,10,22
12:06:09,Mostly Cloudy,10,10,22
12:08:09,Mostly Cloudy,10,10,22
12:10:09,Mostly Cloudy,10,10,22
12:12:09,Mostly Cloudy,10,10,22
12:14:09,Mostly Cloudy,10,10,22
12:16:08,Mostly Cloudy,10,10,22
12:18:09,Mostly Cloudy,10,10,22
12:20:09,Mostly Cloudy,10,10,22
12:22:09,Mostly Cloudy,10,10,22
12:24:09,Mostly Cloudy,10,10,22
12:26:08,Mostly Cloudy,10,10,22
12:28:08,Mostly Cloudy,10,10,22
12:30:08,Mostly Cloudy,10,10,22
12:32:09,Mostly Cloudy,10,10,22
12:34:09,Mostly Cloudy,10,10,22
12:36:08,Mostly Cloudy,10,10,22
12:38:08,Mostly Cloudy,10,10,22
12:40:09,Mostly Cloudy,10,10,22
12:42:09,Mostly Cloudy,10,10,22
12:44:09,Mostly Cloudy,10,10,20
12:46:09,Mostly Cloudy,10,10,20
12:48:08,Mostly Cloudy,10,10,20
12:50:09,Mostly Cloudy,10,10,20
12:52:09,Mostly Cloudy,10,10,20
12:54:09,Mostly Cloudy,10,10,20
12:56:09,Mostly Cloudy,10,10,20
12:58:08,Mostly Cloudy,10,10,20
13:00:09,Mostly Cloudy,10,10,20
13:02:09,Mostly Cloudy,10,10,20
13:04:08,Mostly Cloudy,10,10,20
13:06:08,Mostly Cloudy,10,10,20
13:08:09,Mostly Cloudy,10,10,20
13:10:09,Mostly Cloudy,10,10,20
13:12:08,Mostly Cloudy,10,10,20
13:14:08,Mostly Cloudy,10,10,20
13:16:09,Mostly Cloudy,10,10,20
13:18:09,Mostly Cloudy,10,10,20
13:20:08,Mostly Cloudy,10,10,20
13:22:08,Mostly Cloudy,10,10,20
13:24:09,Mostly Cloudy,10,10,20
13:26:09,Mostly Cloudy,10,10,20
13:28:09,Mostly Cloudy,10,10,20
13:30:08,Mostly Cloudy,10,10,20
13:32:08,Mostly Cloudy,10,10,20
13:34:09,Mostly Cloudy,10,10,20
13:36:09,Mostly Cloudy,10,10,20
13:38:08,Mostly Cloudy,10,10,20
13:40:09,Mostly Cloudy,10,10,20
13:42:09,Mostly Cloudy,10,10,20
13:44:09,Mostly Cloudy,10,10,20
13:46:08,Mostly Cloudy,10,10,20
13:48:08,Mostly Cloudy,10,10,20
13:50:09,Mostly Cloudy,10,10,20
13:52:09,Mostly Cloudy,10,10,20
13:54:08,Mostly Cloudy,10,10,20
13:56:08,Mostly Cloudy,10,10,20
13:58:08,Mostly Cloudy,10,10,20
14:00:09,Mostly Cloudy,10,10,20
14:02:09,Mostly Cloudy,10,10,20
14:04:09,Mostly Cloudy,10,10,20
14:06:09,Mostly Cloudy,10,10,20
14:08:08,Mostly Cloudy,10,10,20
14:10:09,Mostly Cloudy,10,10,20
14:12:09,Mostly Cloudy,10,10,20
14:14:09,Mostly Cloudy,11,11,22
14:16:09,Mostly Cloudy,11,11,22
14:18:09,Mostly Cloudy,11,11,22
14:20:09,Mostly Cloudy,11,11,22
14:22:08,Mostly Cloudy,11,11,22
14:24:08,Mostly Cloudy,11,11,22
14:26:09,Mostly Cloudy,11,11,22
14:28:09,Mostly Cloudy,11,11,22
14:30:09,Mostly Cloudy,11,11,22
14:32:09,Mostly Cloudy,11,11,22
14:34:08,Mostly Cloudy,11,11,22
14:36:08,Mostly Cloudy,11,11,22
14:38:09,Mostly Cloudy,11,11,22
14:40:09,Mostly Cloudy,11,11,22
14:42:08,Mostly Cloudy,11,11,22
14:44:09,Mostly Cloudy,11,11,22
14:46:09,Mostly Cloudy,11,11,22
14:48:09,Mostly Cloudy,11,11,22
14:50:08,Mostly Cloudy,11,11,22
14:52:08,Mostly Cloudy,11,11,22
14:54:09,Mostly Cloudy,11,11,22
14:56:09,Mostly Cloudy,11,11,22
14:58:09,Mostly Cloudy,11,11,22
15:00:08,Mostly Cloudy,11,11,22
15:02:09,Mostly Cloudy,11,11,22
15:04:09,Mostly Cloudy,11,11,22
15:06:09,Mostly Cloudy,11,11,22
15:08:09,Mostly Cloudy,11,11,22
15:10:08,Mostly Cloudy,11,11,22
15:12:08,Mostly Cloudy,11,11,22
15:14:08,Mostly Cloudy,11,11,22
15:16:09,Mostly Cloudy,11,11,22
15:18:08,Mostly Cloudy,11,11,22
15:20:09,Mostly Cloudy,11,11,22
15:22:09,Mostly Cloudy,11,11,22
15:24:09,Mostly Cloudy,11,11,22
15:26:08,Mostly Cloudy,11,11,22
15:28:09,Mostly Cloudy,11,11,22
15:30:09,Mostly Cloudy,11,11,22
15:32:09,Mostly Cloudy,11,11,22
15:34:08,Mostly Cloudy,11,11,22
15:36:09,Mostly Cloudy,11,11,22
15:38:09,Mostly Cloudy,11,11,22
15:40:08,Mostly Cloudy,11,11,22
15:42:09,Mostly Cloudy,11,11,22
15:44:09,Mostly Cloudy,11,11,20
15:46:08,Mostly Cloudy,11,11,20
15:48:08,Mostly Cloudy,11,11,20
15:50:08,Mostly Cloudy,11,11,20
15:52:09,Mostly Cloudy,11,11,20
15:54:09,Mostly Cloudy,11,11,20
15:56:09,Mostly Cloudy,11,11,20
15:58:09,Mostly Cloudy,11,11,20
16:00:08,Mostly Cloudy,11,11,20
16:02:09,Mostly Cloudy,11,11,20
16:04:08,Mostly Cloudy,11,11,20
16:06:09,Mostly Cloudy,11,11,20
16:08:09,Mostly Cloudy,11,11,20
16:10:08,Mostly Cloudy,11,11,20
16:12:09,Mostly Cloudy,11,11,20
16:14:09,Mostly Cloudy,11,11,20
16:16:09,Mostly Cloudy,11,11,20
16:18:09,Mostly Cloudy,11,11,20
16:20:09,Mostly Cloudy,11,11,20
16:22:09,Mostly Cloudy,11,11,20
16:24:08,Mostly Cloudy,11,11,20
16:26:08,Mostly Cloudy,11,11,20
16:28:09,Mostly Cloudy,11,11,20
16:30:09,Mostly Cloudy,11,11,20
16:32:09,Mostly Cloudy,11,11,20
16:34:08,Mostly Cloudy,11,11,20
16:36:09,Mostly Cloudy,11,11,20
16:38:09,Mostly Cloudy,11,11,20
16:40:08,Mostly Cloudy,11,11,20
16:42:08,Mostly Cloudy,11,11,20
16:44:09,Mostly Cloudy,11,11,24
16:46:09,Mostly Cloudy,11,11,24
16:48:08,Mostly Cloudy,11,11,24
16:50:09,Mostly Cloudy,11,11,24
16:52:08,Mostly Cloudy,11,11,24
16:54:09,Mostly Cloudy,11,11,24
16:56:09,Mostly Cloudy,11,11,24
16:58:09,Mostly Cloudy,11,11,24
17:00:08,Mostly Cloudy,11,11,24
17:02:09,Mostly Cloudy,11,11,24
17:04:09,Mostly Cloudy,11,11,24
17:06:09,Mostly Cloudy,11,11,24
17:08:09,Mostly Cloudy,11,11,24
17:10:08,Mostly Cloudy,11,11,24
17:12:09,Mostly Cloudy,11,11,24
17:14:09,Mostly Cloudy,11,11,19
17:16:09,Mostly Cloudy,11,11,19
17:18:08,Mostly Cloudy,11,11,19
17:20:09,Mostly Cloudy,11,11,19
17:22:09,Mostly Cloudy,11,11,19
17:24:08,Mostly Cloudy,11,11,19
17:26:08,Mostly Cloudy,11,11,19
17:28:09,Mostly Cloudy,11,11,19
17:30:09,Mostly Cloudy,11,11,19
17:32:08,Mostly Cloudy,11,11,19
17:34:09,Mostly Cloudy,11,11,19
17:36:09,Mostly Cloudy,11,11,19
17:38:09,Mostly Cloudy,11,11,19
17:40:09,Mostly Cloudy,11,11,19
17:42:09,Mostly Cloudy,11,11,19
17:44:09,Mostly Cloudy,11,11,19
17:46:09,Mostly Cloudy,11,11,19
17:48:08,Mostly Cloudy,11,11,19
17:50:09,Mostly Cloudy,11,11,19
17:52:09,Mostly Cloudy,11,11,19
17:54:08,Mostly Cloudy,11,11,19
17:56:08,Mostly Cloudy,11,11,19
17:58:09,Mostly Cloudy,11,11,19
18:00:09,Mostly Cloudy,11,11,19
18:02:09,Mostly Cloudy,11,11,19
18:04:08,Mostly Cloudy,11,11,19
18:06:08,Mostly Cloudy,11,11,19
18:08:09,Mostly Cloudy,11,11,19
18:10:09,Mostly Cloudy,11,11,19
18:12:08,Mostly Cloudy,11,11,19
18:14:08,Mostly Cloudy,11,11,19
18:16:09,Mostly Cloudy,11,11,19
18:18:09,Mostly Cloudy,11,11,19
18:20:08,Mostly Cloudy,11,11,20
18:22:09,Mostly Cloudy,11,11,20
18:24:09,Mostly Cloudy,11,11,20
18:26:09,Mostly Cloudy,11,11,20
18:28:09,Mostly Cloudy,11,11,20
18:30:09,Mostly Cloudy,11,11,20
18:32:09,Mostly Cloudy,11,11,20
18:34:08,Mostly Cloudy,11,11,20
18:36:09,Mostly Cloudy,11,11,20
18:38:09,Mostly Cloudy,11,11,20
18:40:09,Mostly Cloudy,11,11,20
18:42:08,Mostly Cloudy,11,11,20
18:44:09,Mostly Cloudy,11,11,20
18:46:09,Mostly Cloudy,11,11,20
18:48:08,Mostly Cloudy,11,11,20
18:50:09,Mostly Cloudy,11,11,20
18:52:09,Mostly Cloudy,11,11,20
18:54:08,Mostly Cloudy,11,11,20
18:56:09,Mostly Cloudy,11,11,20
18:58:09,Mostly Cloudy,11,11,20
19:00:08,Mostly Cloudy,11,11,20
19:02:09,Mostly Cloudy,11,11,20
19:04:09,Mostly Cloudy,11,11,20
19:06:08,Mostly Cloudy,11,11,20
19:08:09,Mostly Cloudy,11,11,20
19:10:08,Mostly Cloudy,11,11,20
19:12:09,Mostly Cloudy,11,11,20
19:14:09,Mostly Cloudy,11,11,20
19:16:08,Mostly Cloudy,11,11,20
19:18:09,Mostly Cloudy,11,11,20
19:20:09,Mostly Cloudy,10,10,16
19:22:09,Mostly Cloudy,10,10,16
19:24:09,Mostly Cloudy,10,10,16
19:26:09,Mostly Cloudy,10,10,16
19:28:08,Mostly Cloudy,10,10,16
19:30:08,Mostly Cloudy,10,10,16
19:32:09,Mostly Cloudy,10,10,16
19:34:09,Mostly Cloudy,10,10,16
19:36:09,Mostly Cloudy,10,10,16
19:38:08,Mostly Cloudy,10,10,16
19:40:08,Mostly Cloudy,10,10,16
19:42:09,Mostly Cloudy,10,10,16
19:44:09,Mostly Cloudy,10,10,16
19:46:08,Mostly Cloudy,10,10,16
19:48:08,Mostly Cloudy,10,10,16
19:50:09,Mostly Cloudy,10,10,16
19:52:09,Mostly Cloudy,10,10,16
19:54:08,Mostly Cloudy,10,10,16
19:56:08,Mostly Cloudy,10,10,16
19:58:09,Mostly Cloudy,10,10,16
20:00:08,Mostly Cloudy,10,10,16
20:02:08,Mostly Cloudy,10,10,16
20:04:09,Mostly Cloudy,10,10,16
20:06:09,Mostly Cloudy,10,10,16
20:08:08,Mostly Cloudy,10,10,16
20:10:09,Mostly Cloudy,10,10,16
20:12:08,Mostly Cloudy,10,10,16
20:14:09,Mostly Cloudy,8,7,9
20:16:09,Mostly Cloudy,8,7,9
20:18:09,Mostly Cloudy,8,7,9
20:20:09,Mostly Cloudy,8,7,9
20:22:08,Mostly Cloudy,8,7,9
20:24:09,Mostly Cloudy,8,7,9
20:26:09,Mostly Cloudy,8,7,9
20:28:08,Mostly Cloudy,8,7,9
20:30:08,Mostly Cloudy,8,7,9
20:32:09,Mostly Cloudy,8,7,9
20:34:09,Mostly Cloudy,8,7,9
20:36:08,Mostly Cloudy,8,7,9
20:38:09,Mostly Cloudy,8,7,9
20:40:08,Mostly Cloudy,8,7,9
20:42:08,Mostly Cloudy,8,7,9
20:44:09,Mostly Cloudy,8,7,9
20:46:09,Mostly Cloudy,8,7,9
20:48:08,Mostly Cloudy,8,7,9
20:50:09,Mostly Cloudy,8,7,9
20:52:09,Mostly Cloudy,8,7,9
20:54:08,Mostly Cloudy,8,7,9
20:56:08,Mostly Cloudy,8,7,9
20:58:09,Mostly Cloudy,8,7,9
21:00:09,Mostly Cloudy,8,7,9
21:02:09,Mostly Cloudy,8,7,9
21:04:09,Mostly Cloudy,8,7,9
21:06:08,Mostly Cloudy,8,7,9
21:08:09,Mostly Cloudy,8,7,12
21:10:08,Mostly Cloudy,8,7,12
21:12:08,Mostly Cloudy,8,7,12
21:14:09,Mostly Cloudy,8,7,12
21:16:09,Mostly Cloudy,8,7,12
21:18:09,Mostly Cloudy,8,7,12
21:20:09,Mostly Cloudy,8,7,12
21:22:09,Mostly Cloudy,8,7,12
21:24:09,Mostly Cloudy,8,7,12
21:26:09,Mostly Cloudy,8,7,12
21:28:08,Mostly Cloudy,8,7,12
21:30:09,Mostly Cloudy,8,7,12
21:32:09,Mostly Cloudy,8,7,12
21:34:09,Mostly Cloudy,8,7,12
21:36:09,Mostly Cloudy,8,7,12
21:38:09,Mostly Cloudy,8,7,12
21:40:09,Mostly Cloudy,8,7,12
21:42:08,Mostly Cloudy,8,7,12
21:44:08,Mostly Cloudy,8,7,12
21:46:09,Mostly Cloudy,8,7,12
21:48:09,Mostly Cloudy,8,7,12
21:50:09,Mostly Cloudy,8,7,12
21:52:08,Mostly Cloudy,8,7,12
21:54:09,Mostly Cloudy,8,7,12
21:56:08,Mostly Cloudy,8,7,12
21:58:08,Mostly Cloudy,8,7,12
22:00:09,Mostly Cloudy,8,7,12
22:02:08,Mostly Cloudy,8,7,12
22:04:09,Mostly Cloudy,8,7,12
22:06:09,Mostly Cloudy,8,7,12
22:08:09,Mostly Cloudy,8,7,12
22:10:08,Mostly Cloudy,8,7,12
22:12:08,Mostly Cloudy,8,7,12
22:14:09,Mostly Cloudy,8,6,16
22:16:09,Mostly Cloudy,8,6,16
22:18:09,Mostly Cloudy,8,6,16
22:20:09,Mostly Cloudy,8,6,16
22:22:08,Mostly Cloudy,8,6,16
22:24:08,Mostly Cloudy,8,6,16
22:26:08,Mostly Cloudy,8,6,16
22:28:09,Mostly Cloudy,8,6,16
22:30:09,Mostly Cloudy,8,6,16
22:32:08,Mostly Cloudy,8,6,16
22:34:09,Mostly Cloudy,8,6,16
22:36:08,Mostly Cloudy,8,6,16
22:38:08,Mostly Cloudy,8,6,16
22:40:09,Mostly Cloudy,8,6,16
22:42:09,Mostly Cloudy,8,6,16
22:44:09,Mostly Cloudy,8,6,16
22:46:08,Mostly Cloudy,8,6,16
22:48:08,Mostly Cloudy,8,6,16
22:50:09,Mostly Cloudy,8,6,16
22:52:08,Mostly Cloudy,8,6,16
22:54:08,Mostly Cloudy,8,6,16
22:56:09,Mostly Cloudy,8,6,16
22:58:09,Mostly Cloudy,8,6,16
23:00:09,Mostly Cloudy,8,6,16
23:02:08,Mostly Cloudy,8,6,16
23:04:09,Mostly Cloudy,8,6,16
23:06:09,Mostly Cloudy,8,6,16
23:08:08,Mostly Cloudy,8,6,14
23:10:09,Mostly Cloudy,8,6,14
23:12:09,Mostly Cloudy,8,6,14
23:14:09,Mostly Cloudy,8,6,14
23:16:09,Mostly Cloudy,8,6,14
23:18:08,Mostly Cloudy,8,6,14
23:20:08,Mostly Cloudy,8,6,14
23:22:09,Mostly Cloudy,8,6,14
23:24:09,Mostly Cloudy,8,6,14
23:26:09,Mostly Cloudy,8,6,14
23:28:09,Mostly Cloudy,8,6,14
23:30:08,Mostly Cloudy,8,6,14
23:32:08,Mostly Cloudy,8,6,14
23:34:09,Mostly Cloudy,8,6,14
23:36:09,Mostly Cloudy,8,6,14
23:38:09,Mostly Cloudy,8,6,14
23:40:09,Mostly Cloudy,8,6,14
23:42:08,Mostly Cloudy,8,6,14
23:44:09,Mostly Cloudy,8,6,14
23:46:09,Mostly Cloudy,8,6,14
23:48:09,Mostly Cloudy,8,6,14
23:50:08,Mostly Cloudy,8,6,14
23:52:08,Mostly Cloudy,8,6,14
23:54:09,Mostly Cloudy,8,6,14
23:56:09,Mostly Cloudy,8,6,14
23:58:09,Mostly Cloudy,8,6,14
