Time,Weather,Temperature,Feels_Like,Wind_Speed
00:00:09,Fair,2,0,11
00:02:08,Fair,2,0,11
00:04:09,Fair,2,0,11
00:06:09,Fair,2,0,11
00:08:08,Fair,2,0,11
00:10:09,Fair,2,0,11
00:12:09,Fair,2,0,11
00:14:08,Fair,2,0,11
00:16:08,Fair,2,0,11
00:18:09,Fair,2,0,9
00:20:09,Fair,2,0,9
00:22:08,Fair,2,0,9
00:24:09,Fair,2,0,9
00:26:09,Fair,2,0,9
00:28:09,Fair,2,0,9
00:30:09,Fair,2,0,9
00:32:09,Fair,2,0,9
00:34:09,Fair,2,0,9
00:36:08,Fair,2,0,9
00:38:08,Fair,2,0,9
00:40:09,Fair,2,0,9
00:42:09,Fair,2,0,9
00:44:09,Fair,2,0,9
00:46:09,Fair,2,0,9
00:48:09,Fair,2,0,9
00:50:08,Fair,2,0,9
00:52:08,Fair,2,0,9
00:54:09,Fair,2,0,9
00:56:09,Fair,2,0,9
00:58:09,Fair,2,0,9
01:00:17,Fair,2,0,9
01:02:08,Fair,2,0,9
01:04:09,Fair,2,0,9
01:06:09,Fair,2,0,9
01:08:09,Fair,2,0,9
01:10:08,Fair,2,0,9
01:12:08,Fair,2,0,12
01:14:09,Fair,2,0,12
01:16:09,Fair,2,0,12
01:18:09,Fair,2,0,12
01:20:08,Fair,2,0,12
01:22:09,Fair,2,0,12
01:24:09,Fair,2,0,12
01:26:09,Fair,2,0,12
01:28:08,Fair,2,0,12
01:30:08,Fair,2,0,12
01:32:09,Fair,2,0,12
01:34:08,Fair,2,0,12
01:36:09,Fair,2,0,12
01:38:09,Fair,2,0,12
01:40:08,Fair,2,0,12
01:42:08,Fair,2,0,12
01:44:09,Fair,2,0,12
01:46:09,Fair,2,0,12
01:48:09,Fair,2,0,12
01:50:08,Fair,2,0,12
01:52:08,Fair,2,0,12
01:54:09,Fair,2,0,12
01:56:09,Fair,2,0,12
01:58:08,Fair,2,0,12
02:00:08,Fair,2,0,12
02:02:09,Fair,2,0,12
02:04:09,Fair,2,0,12
02:06:08,Fair,2,0,12
02:08:09,Fair,2,0,12
02:10:09,Fair,2,0,12
02:12:08,Mostly Cloudy,3,0,14
02:14:09,Mostly Cloudy,3,0,14
02:16:09,Mostly Cloudy,3,0,14
02:18:09,Mostly Cloudy,3,0,14
02:20:09,Mostly Cloudy,3,0,14
02:22:08,Mostly Cloudy,3,0,14
02:24:08,Mostly Cloudy,3,0,14
02:26:09,Mostly Cloudy,3,0,14
02:28:09,Mostly Cloudy,3,0,14
02:30:08,Mostly Cloudy,3,0,14
02:32:08,Mostly Cloudy,3,0,14
02:34:09,Mostly Cloudy,3,0,14
02:36:09,Mostly Cloudy,3,0,14
02:38:09,Mostly Cloudy,3,0,14
02:40:08,Mostly Cloudy,3,0,14
02:42:08,Mostly Cloudy,3,0,14
02:44:09,Mostly Cloudy,3,0,14
02:46:09,Mostly Cloudy,3,0,14
02:48:08,Mostly Cloudy,3,0,14
02:50:09,Mostly Cloudy,3,0,14
02:52:09,Mostly Cloudy,3,0,14
02:54:09,Mostly Cloudy,3,0,14
02:56:08,Mostly Cloudy,3,0,14
02:58:09,Mostly Cloudy,3,0,14
03:00:09,Mostly Cloudy,3,0,14
03:02:09,Mostly Cloudy,3,0,14
03:04:09,Mostly Cloudy,3,0,14
03:06:09,Mostly Cloudy,3,0,14
03:08:08,Mostly Cloudy,3,0,14
03:10:08,Mostly Cloudy,3,0,14
03:12:09,Mostly Cloudy,5,1,16
03:14:09,Mostly Cloudy,5,1,16
03:16:09,Mostly Cloudy,5,1,16
03:18:09,Mostly Cloudy,5,1,16
03:20:09,Mostly Cloudy,5,1,16
03:22:09,Mostly Cloudy,5,1,16
03:24:08,Mostly Cloudy,5,1,16
03:26:09,Mostly Cloudy,5,1,16
03:28:09,Mostly Cloudy,5,1,16
03:30:09,Mostly Cloudy,5,1,16
03:32:08,Mostly Cloudy,5,1,16
03:34:09,Mostly Cloudy,5,1,16
03:36:09,Mostly Cloudy,5,1,16
03:38:09,Mostly Cloudy,5,1,16
03:40:09,Mostly Cloudy,5,1,16
03:42:09,Mostly Cloudy,5,1,16
03:44:09,Mostly Cloudy,5,1,16
03:46:08,Mostly Cloudy,5,1,16
03:48:09,Mostly Cloudy,5,1,16
03:50:09,Mostly Cloudy,5,1,16
03:52:09,Mostly Cloudy,5,1,16
03:54:09,Mostly Cloudy,5,1,16
03:56:09,Mostly Cloudy,5,1,16
03:58:09,Mostly Cloudy,5,1,16
04:00:08,Mostly Cloudy,5,1,16
04:02:09,Mostly Cloudy,5,1,16
04:04:09,Mostly Cloudy,5,1,16
04:06:08,Mostly Cloudy,5,1,16
04:08:09,Mostly Cloudy,5,1,16
04:10:09,Mostly Cloudy,5,1,16
04:12:08,Mostly Cloudy,5,1,19
04:14:09,Mostly Cloudy,5,1,19
04:16:08,Mostly Cloudy,5,1,19
04:18:09,Mostly Cloudy,5,1,19
04:20:09,Mostly Cloudy,5,1,19
04:22:08,Mostly Cloudy,5,1,19
04:24:08,Mostly Cloudy,5,1,19
04:26:09,Mostly Cloudy,5,1,19
04:28:09,Mostly Cloudy,5,1,19
04:30:09,Mostly Cloudy,5,1,19
04:32:08,Mostly Cloudy,5,1,19
04:34:09,Mostly Cloudy,5,1,19
04:36:09,Mostly Cloudy,5,1,19
04:38:08,Mostly Cloudy,5,1,19
04:40:09,Mostly Cloudy,5,1,19
04:42:09,Mostly Cloudy,5,1,19
04:44:09,Mostly Cloudy,5,1,19
04:46:08,Mostly Cloudy,5,1,19
04:48:09,Mostly Cloudy,5,1,19
04:50:09,Mostly Cloudy,5,1,19
04:52:08,Mostly Cloudy,5,1,19
04:54:09,Mostly Cloudy,5,1,19
04:56:09,Mostly Cloudy,5,1,19
04:58:08,Mostly Cloudy,5,1,19
05:00:08,Mostly Cloudy,5,1,19
05:02:09,Mostly Cloudy,5,1,19
05:04:09,Mostly Cloudy,5,1,19
05:06:09,Mostly Cloudy,5,1,19
05:08:08,Mostly Cloudy,5,1,19
05:10:08,Mostly Cloudy,5,1,19
05:12:09,Mostly Cloudy,6,2,22
05:14:09,Mostly Cloudy,6,2,22
05:16:09,Mostly Cloudy,6,2,22
05:18:08,Mostly Cloudy,6,2,22
05:20:09,Mostly Cloudy,6,2,22
05:22:09,Mostly Cloudy,6,2,22
05:24:08,Mostly Cloudy,6,2,22
05:26:09,Mostly Cloudy,6,2,22
05:28:09,Mostly Cloudy,6,2,22
05:30:09,Mostly Cloudy,6,2,22
05:32:08,Mostly Cloudy,6,2,22
05:34:09,Mostly Cloudy,6,2,22
05:36:09,Mostly Cloudy,6,2,22
05:38:09,Mostly Cloudy,6,2,22
05:40:09,Mostly Cloudy,6,2,22
05:42:09,Mostly Cloudy,6,2,22
05:44:09,Mostly Cloudy,6,2,22
05:46:08,Mostly Cloudy,6,2,22
05:48:09,Mostly Cloudy,6,2,22
05:50:09,Mostly Cloudy,6,2,22
05:52:08,Mostly Cloudy,6,2,22
05:54:08,Mostly Cloudy,6,2,22
05:56:09,Mostly Cloudy,6,2,22
05:58:09,Mostly Cloudy,6,2,22
06:00:09,Mostly Cloudy,6,2,22
06:02:09,Mostly Cloudy,6,2,22
06:04:09,Mostly Cloudy,6,2,22
06:06:09,Mostly Cloudy,6,2,22
06:08:09,Mostly Cloudy,6,2,22
06:10:08,Mostly Cloudy,6,2,22
06:12:08,Mostly Cloudy,7,3,16
06:14:09,Mostly Cloudy,7,3,16
06:16:09,Mostly Cloudy,7,3,16
06:18:08,Mostly Cloudy,7,3,16
06:20:09,Mostly Cloudy,7,3,16
06:22:09,Mostly Cloudy,7,3,16
06:24:09,Mostly Cloudy,7,3,16
06:26:09,Mostly Cloudy,7,3,16
06:28:09,Mostly Cloudy,7,3,16
06:30:09,Mostly Cloudy,7,3,16
06:32:09,Mostly Cloudy,7,3,16
06:34:09,Mostly Cloudy,7,3,16
06:36:09,Mostly Cloudy,7,3,16
06:38:09,Mostly Cloudy,7,3,16
06:40:08,Mostly Cloudy,7,3,16
06:42:09,Mostly Cloudy,7,3,16
06:44:09,Mostly Cloudy,7,3,16
06:46:08,Mostly Cloudy,7,3,16
06:48:08,Mostly Cloudy,7,3,16
06:50:09,Mostly Cloudy,7,3,16
06:52:09,Mostly Cloudy,7,3,16
06:54:08,Mostly Cloudy,7,3,16
06:56:09,Mostly Cloudy,7,3,16
06:58:09,Mostly Cloudy,7,3,16
07:00:09,Mostly Cloudy,7,3,16
07:02:08,Mostly Cloudy,7,3,16
07:04:08,Mostly Cloudy,7,3,16
07:06:09,Mostly Cloudy,7,3,16
07:08:09,Mostly Cloudy,7,3,16
07:10:09,Mostly Cloudy,7,3,16
07:12:09,Mostly Cloudy,7,3,20
07:14:08,Mostly Cloudy,7,3,20
07:16:09,Mostly Cloudy,7,3,20
07:18:08,Mostly Cloudy,7,3,20
07:20:09,Mostly Cloudy,7,3,20
07:22:09,Mostly Cloudy,7,3,20
07:24:09,Mostly Cloudy,7,3,20
07:26:09,Mostly Cloudy,7,3,20
07:28:09,Mostly Cloudy,7,3,20
07:30:09,Mostly Cloudy,7,3,20
07:32:08,Mostly Cloudy,7,3,20
07:34:08,Mostly Cloudy,7,3,20
07:36:09,Mostly Cloudy,7,3,20
07:38:09,Mostly Cloudy,7,3,20
07:40:08,Mostly Cloudy,7,3,20
07:42:08,Mostly Cloudy,7,3,20
07:44:09,Mostly Cloudy,7,3,20
07:46:09,Mostly Cloudy,7,3,20
07:48:09,Mostly Cloudy,7,3,20
07:50:08,Mostly Cloudy,7,3,20
07:52:09,Mostly Cloudy,7,3,20
07:54:09,Mostly Cloudy,7,3,20
07:56:09,Mostly Cloudy,7,3,20
07:58:09,Mostly Cloudy,7,3,20
08:00:08,Mostly Cloudy,7,3,20
08:02:09,Mostly Cloudy,7,3,20
08:04:09,Mostly Cloudy,7,3,20
08:06:08,Mostly Cloudy,7,3,20
08:08:09,Mostly Cloudy,7,3,20
08:10:08,Mostly Cloudy,7,3,20
08:12:09,Mostly Cloudy,7,4,22
08:14:09,Mostly Cloudy,7,4,22
08:16:08,Mostly Cloudy,7,4,22
08:18:09,Mostly Cloudy,7,4,22
08:20:08,Mostly Cloudy,7,4,22
08:22:08,Mostly Cloudy,7,4,22
08:24:09,Mostly Cloudy,7,4,22
08:26:09,Mostly Cloudy,7,4,22
08:28:08,Mostly Cloudy,7,4,22
08:30:08,Mostly Cloudy,7,4,22
08:32:09,Mostly Cloudy,7,4,22
08:34:09,Mostly Cloudy,7,4,22
08:36:09,Mostly Cloudy,7,4,22
08:38:08,Mostly Cloudy,7,4,22
08:40:08,Mostly Cloudy,7,4,22
08:42:09,Partly Cloudy,8,5,25
08:44:09,Partly Cloudy,8,5,25
08:46:08,Partly Cloudy,8,5,25
08:48:09,Partly Cloudy,8,5,25
08:50:09,Partly Cloudy,8,5,25
08:52:09,Partly Cloudy,8,5,25
08:54:09,Partly Cloudy,8,5,25
08:56:08,Partly Cloudy,8,5,25
08:58:08,Partly Cloudy,8,5,25
09:00:09,Partly Cloudy,8,5,25
09:02:09,Partly Cloudy,8,5,25
09:04:08,Partly Cloudy,8,5,25
09:06:08,Partly Cloudy,8,5,25
09:08:09,Partly Cloudy,8,5,25
09:10:09,Partly Cloudy,8,5,25
09:12:08,Mostly Cloudy,8,5,28
09:14:09,Mostly Cloudy,8,5,28
09:16:09,Mostly Cloudy,8,5,28
09:18:09,Mostly Cloudy,8,5,28
09:20:09,Mostly Cloudy,8,5,28
09:22:08,Mostly Cloudy,8,5,28
09:24:09,Mostly Cloudy,8,5,28
09:26:08,Mostly Cloudy,8,5,28
09:28:08,Mostly Cloudy,8,5,28
09:30:09,Mostly Cloudy,8,5,28
09:32:09,Mostly Cloudy,8,5,28
09:34:09,Mostly Cloudy,8,5,28
09:36:08,Mostly Cloudy,8,5,28
09:38:09,Mostly Cloudy,8,5,28
09:40:09,Mostly Cloudy,8,5,28
09:42:08,Mostly Cloudy,8,5,28
09:44:08,Mostly Cloudy,8,5,28
09:46:09,Mostly Cloudy,8,5,28
09:48:09,Mostly Cloudy,8,5,25
09:50:09,Mostly Cloudy,8,5,25
09:52:08,Mostly Cloudy,8,5,25
09:54:09,Mostly Cloudy,8,5,25
09:56:09,Mostly Cloudy,8,5,25
09:58:08,Mostly Cloudy,8,5,25
10:00:08,Mostly Cloudy,8,5,25
10:02:09,Mostly Cloudy,8,5,25
10:04:09,Mostly Cloudy,8,5,25
10:06:09,Mostly Cloudy,8,5,25
10:08:08,Mostly Cloudy,8,5,25
10:10:08,Mostly Cloudy,8,5,25
10:12:09,Mostly Cloudy,10,10,27
10:14:08,Mostly Cloudy,10,10,27
10:16:08,Mostly Cloudy,10,10,27
10:18:09,Mostly Cloudy,10,10,27
10:20:09,Mostly Cloudy,10,10,27
10:22:08,Mostly Cloudy,10,10,27
10:24:09,Mostly Cloudy,10,10,27
10:26:09,Mostly Cloudy,10,10,27
10:28:09,Mostly Cloudy,10,10,27
10:30:09,Mostly Cloudy,10,10,27
10:32:09,Mostly Cloudy,10,10,27
10:34:09,Mostly Cloudy,10,10,27
10:36:09,Mostly Cloudy,10,10,27
10:38:08,Mostly Cloudy,10,10,27
10:40:09,Mostly Cloudy,10,10,27
10:42:09,Mostly Cloudy,10,10,27
10:44:08,Mostly Cloudy,10,10,27
10:46:08,Mostly Cloudy,10,10,27
10:48:09,Mostly Cloudy,10,10,27
10:50:08,Mostly Cloudy,10,10,27
10:52:09,Mostly Cloudy,10,10,27
10:54:09,Mostly Cloudy,10,10,27
10:56:08,Mostly Cloudy,10,10,27
10:58:09,Mostly Cloudy,10,10,27
11:00:09,Mostly Cloudy,10,10,27
11:02:08,Mostly Cloudy,10,10,27
11:04:08,Mostly Cloudy,10,10,27
11:06:08,Mostly Cloudy,10,10,27
11:08:09,Mostly Cloudy,10,10,27
11:10:09,Mostly Cloudy,10,10,27
11:12:08,Mostly Cloudy,10,10,28
11:14:09,Mostly Cloudy,10,10,28
11:16:09,Mostly Cloudy,10,10,28
11:18:09,Mostly Cloudy,10,10,28
11:20:08,Mostly Cloudy,10,10,28
11:22:09,Mostly Cloudy,10,10,28
11:24:09,Mostly Cloudy,10,10,28
11:26:08,Mostly Cloudy,10,10,28
11:28:08,Mostly Cloudy,10,10,28
11:30:09,Mostly Cloudy,10,10,28
11:32:09,Mostly Cloudy,10,10,28
11:34:09,Mostly Cloudy,10,10,28
11:36:09,Mostly Cloudy,10,10,28
11:38:09,Mostly Cloudy,10,10,28
11:40:09,Mostly Cloudy,10,10,28
11:42:09,Mostly Cloudy,10,10,28
11:44:08,Mostly Cloudy,10,10,28
11:46:09,Mostly Cloudy,10,10,28
11:48:09,Mostly Cloudy,10,10,28
11:50:08,Mostly Cloudy,10,10,28
11:52:09,Mostly Cloudy,10,10,28
11:54:09,Mostly Cloudy,10,10,28
11:56:08,Mostly Cloudy,10,10,28
11:58:09,Mostly Cloudy,10,10,28
12:00:09,Mostly Cloudy,10,10,28
12:02:08,Mostly Cloudy,10,10,28
12:04:09,Mostly Cloudy,10,10,28
12:06:09,Mostly Cloudy,10,10,28
12:08:08,Mostly Cloudy,10,10,28
12:10:08,Mostly Cloudy,10,10,28
12:12:09,Mostly Cloudy,10,10,28
12:14:09,Mostly Cloudy,10,10,28
12:16:08,Mostly Cloudy,10,10,28
12:18:09,Mostly Cloudy,10,10,27
12:20:09,Mostly Cloudy,10,10,27
12:22:09,Mostly Cloudy,10,10,27
12:24:08,Mostly Cloudy,10,10,27
12:26:09,Mostly Cloudy,10,10,27
12:28:09,Mostly Cloudy,10,10,27
12:30:08,Mostly Cloudy,10,10,27
12:32:09,Mostly Cloudy,10,10,27
12:34:09,Mostly Cloudy,10,10,27
12:36:09,Mostly Cloudy,10,10,27
12:38:08,Mostly Cloudy,10,10,27
12:40:09,Mostly Cloudy,10,10,27
12:42:09,Mostly Cloudy,10,10,32
12:44:09,Mostly Cloudy,10,10,32
12:46:08,Mostly Cloudy,10,10,32
12:48:09,Mostly Cloudy,10,10,32
12:50:09,Mostly Cloudy,10,10,32
12:52:08,Mostly Cloudy,10,10,32
12:54:08,Mostly Cloudy,10,10,32
12:56:09,Mostly Cloudy,10,10,32
12:58:09,Mostly Cloudy,10,10,32
13:00:09,Mostly Cloudy,10,10,32
13:02:08,Mostly Cloudy,10,10,32
13:04:09,Mostly Cloudy,10,10,32
13:06:09,Mostly Cloudy,10,10,32
13:08:09,Mostly Cloudy,10,10,32
13:10:08,Mostly Cloudy,10,10,32
13:12:08,Mostly Cloudy,11,11,27
13:14:09,Mostly Cloudy,11,11,27
13:16:09,Mostly Cloudy,11,11,27
13:18:08,Mostly Cloudy,11,11,27
13:20:09,Mostly Cloudy,11,11,27
13:22:09,Mostly Cloudy,11,11,27
13:24:09,Mostly Cloudy,11,11,27
13:26:08,Mostly Cloudy,11,11,27
13:28:09,Mostly Cloudy,11,11,27
13:30:09,Mostly Cloudy,11,11,27
13:32:09,Mostly Cloudy,11,11,27
13:34:08,Mostly Cloudy,11,11,27
13:36:08,Mostly Cloudy,11,11,27
13:38:09,Mostly Cloudy,11,11,27
13:40:09,Mostly Cloudy,11,11,27
13:42:08,Mostly Cloudy,11,11,27
13:44:09,Mostly Cloudy,11,11,27
13:46:09,Mostly Cloudy,11,11,27
13:48:08,Mostly Cloudy,11,11,25
13:50:08,Mostly Cloudy,11,11,25
13:52:09,Mostly Cloudy,11,11,25
13:54:09,Mostly Cloudy,11,11,25
13:56:08,Mostly Cloudy,11,11,25
13:58:09,Mostly Cloudy,11,11,25
14:02:09,Mostly Cloudy,11,11,25
14:04:08,Mostly Cloudy,11,11,25
14:06:09,Mostly Cloudy,11,11,25
14:08:09,Mostly Cloudy,11,11,25
14:10:09,Mostly Cloudy,11,11,25
14:12:08,Mostly Cloudy,11,11,25
14:14:08,Mostly Cloudy / Windy,12,12,33
14:16:09,Mostly Cloudy / Windy,12,12,33
14:18:09,Mostly Cloudy / Windy,12,12,33
14:20:09,Mostly Cloudy / Windy,12,12,33
14:22:09,Mostly Cloudy / Windy,12,12,33
14:24:09,Mostly Cloudy / Windy,12,12,33
14:26:08,Mostly Cloudy / Windy,12,12,33
14:28:09,Mostly Cloudy / Windy,12,12,33
14:30:08,Mostly Cloudy / Windy,12,12,33
14:32:09,Mostly Cloudy / Windy,12,12,33
14:34:09,Mostly Cloudy / Windy,12,12,33
14:36:08,Mostly Cloudy / Windy,12,12,33
14:38:08,Mostly Cloudy / Windy,12,12,33
14:40:09,Mostly Cloudy / Windy,12,12,33
14:42:09,Mostly Cloudy / Windy,11,11,33
14:44:08,Mostly Cloudy / Windy,11,11,33
14:46:09,Mostly Cloudy / Windy,11,11,33
14:48:09,Mostly Cloudy / Windy,11,11,33
14:50:08,Mostly Cloudy / Windy,11,11,33
14:52:09,Mostly Cloudy / Windy,11,11,33
14:54:09,Mostly Cloudy / Windy,11,11,33
14:56:08,Mostly Cloudy / Windy,11,11,33
14:58:08,Mostly Cloudy / Windy,11,11,33
15:00:09,Mostly Cloudy / Windy,11,11,33
15:02:09,Mostly Cloudy / Windy,11,11,33
15:04:09,Mostly Cloudy / Windy,11,11,33
15:06:09,Mostly Cloudy / Windy,11,11,33
15:08:09,Mostly Cloudy / Windy,11,11,33
15:10:09,Mostly Cloudy / Windy,11,11,33
15:12:09,Mostly Cloudy / Windy,12,12,35
15:14:09,Mostly Cloudy / Windy,12,12,35
15:16:09,Mostly Cloudy / Windy,12,12,35
15:18:08,Mostly Cloudy / Windy,12,12,35
15:20:08,Mostly Cloudy / Windy,12,12,35
15:22:09,Mostly Cloudy / Windy,12,12,35
15:24:09,Mostly Cloudy / Windy,12,12,35
15:26:09,Mostly Cloudy / Windy,12,12,35
15:28:08,Mostly Cloudy / Windy,12,12,35
15:30:09,Mostly Cloudy / Windy,12,12,35
15:32:09,Mostly Cloudy / Windy,12,12,35
15:34:09,Mostly Cloudy / Windy,12,12,35
15:36:08,Mostly Cloudy / Windy,12,12,35
15:38:08,Mostly Cloudy / Windy,12,12,35
15:40:09,Mostly Cloudy / Windy,12,12,35
15:42:09,Mostly Cloudy / Windy,12,12,35
15:44:09,Mostly Cloudy / Windy,12,12,35
15:46:08,Mostly Cloudy / Windy,12,12,35
15:48:08,Mostly Cloudy,11,11,28
15:50:09,Mostly Cloudy,11,11,28
15:52:09,Mostly Cloudy,11,11,28
15:54:08,Mostly Cloudy,11,11,28
15:56:08,Mostly Cloudy,11,11,28
15:58:09,Mostly Cloudy,11,11,28
16:00:09,Mostly Cloudy,11,11,28
16:02:09,Mostly Cloudy,11,11,28
16:04:08,Mostly Cloudy,11,11,28
16:06:08,Mostly Cloudy,11,11,28
16:08:09,Mostly Cloudy,11,11,28
16:10:09,Mostly Cloudy,11,11,28
16:12:09,Mostly Cloudy,11,11,32
16:14:09,Mostly Cloudy,11,11,32
16:16:09,Mostly Cloudy,11,11,32
16:18:09,Mostly Cloudy,11,11,32
16:20:09,Mostly Cloudy,11,11,32
16:22:09,Mostly Cloudy,11,11,32
16:24:08,Mostly Cloudy,11,11,32
16:26:09,Mostly Cloudy,11,11,32
16:28:09,Mostly Cloudy,11,11,32
16:30:08,Mostly Cloudy,11,11,32
16:32:09,Mostly Cloudy,11,11,32
16:34:09,Mostly Cloudy,11,11,32
16:36:09,Mostly Cloudy,11,11,32
16:38:09,Mostly Cloudy,11,11,32
16:40:08,Mostly Cloudy,11,11,32
16:42:08,Mostly Cloudy,11,11,32
16:44:09,Mostly Cloudy,11,11,32
16:46:09,Mostly Cloudy,11,11,32
16:48:08,Mostly Cloudy,11,11,32
16:50:09,Mostly Cloudy,11,11,32
16:52:09,Mostly Cloudy,11,11,32
16:54:09,Mostly Cloudy,11,11,32
16:56:08,Mostly Cloudy,11,11,32
16:58:09,Mostly Cloudy,11,11,32
17:00:09,Mostly Cloudy,11,11,32
17:02:09,Mostly Cloudy,11,11,32
17:04:09,Mostly Cloudy,11,11,32
17:06:09,Mostly Cloudy,11,11,32
17:08:09,Mostly Cloudy,11,11,32
17:10:09,Mostly Cloudy,11,11,32
17:12:08,Mostly Cloudy,11,11,32
17:14:09,Mostly Cloudy,11,11,32
17:16:09,Mostly Cloudy,11,11,32
17:18:08,Mostly Cloudy,10,10,32
17:20:09,Mostly Cloudy,10,10,32
17:22:09,Mostly Cloudy,10,10,32
17:24:09,Mostly Cloudy,10,10,32
17:26:09,Mostly Cloudy,10,10,32
17:28:09,Mostly Cloudy,10,10,32
17:30:09,Mostly Cloudy,10,10,32
17:32:08,Mostly Cloudy,10,10,32
17:34:09,Mostly Cloudy,10,10,32
17:36:09,Mostly Cloudy,10,10,32
17:38:08,Mostly Cloudy,10,10,32
17:40:09,Mostly Cloudy,10,10,32
17:42:09,Mostly Cloudy,10,10,32
17:44:08,Mostly Cloudy,10,10,32
17:46:08,Mostly Cloudy,10,10,32
17:48:09,Mostly Cloudy,10,10,32
17:50:09,Mostly Cloudy,10,10,32
17:52:08,Mostly Cloudy,10,10,32
17:54:09,Mostly Cloudy,10,10,32
17:56:09,Mostly Cloudy,10,10,32
17:58:08,Mostly Cloudy,10,10,32
18:00:08,Mostly Cloudy,10,10,32
18:02:09,Mostly Cloudy,10,10,32
18:04:09,Mostly Cloudy,10,10,32
18:06:09,Mostly Cloudy,10,10,32
18:08:08,Mostly Cloudy,10,10,32
18:10:09,Mostly Cloudy,10,10,32
18:12:09,Mostly Cloudy,10,10,32
18:14:09,Mostly Cloudy,10,10,32
18:16:08,Mostly Cloudy,10,10,32
18:18:09,Mostly Cloudy,8,5,25
18:20:09,Mostly Cloudy,8,5,25
18:22:09,Mostly Cloudy,8,5,25
18:24:08,Mostly Cloudy,8,5,25
18:26:08,Mostly Cloudy,8,5,25
18:28:08,Mostly Cloudy,8,5,25
18:30:09,Mostly Cloudy,8,5,25
18:32:09,Mostly Cloudy,8,5,25
18:34:08,Mostly Cloudy,8,5,25
18:36:09,Mostly Cloudy,8,5,25
18:38:09,Mostly Cloudy,8,5,25
18:40:08,Mostly Cloudy,8,5,25
18:42:09,Mostly Cloudy,8,5,25
18:44:09,Mostly Cloudy,8,5,25
18:46:09,Mostly Cloudy,8,5,25
18:48:09,Mostly Cloudy,8,5,25
18:50:09,Mostly Cloudy,8,5,25
18:52:08,Mostly Cloudy,8,5,25
18:54:08,Mostly Cloudy,8,5,25
18:56:09,Mostly Cloudy,8,5,25
18:58:09,Mostly Cloudy,8,5,25
19:00:09,Mostly Cloudy,8,5,25
19:02:08,Mostly Cloudy,8,5,25
19:04:08,Mostly Cloudy,8,5,25
19:06:08,Mostly Cloudy,8,5,25
19:08:09,Mostly Cloudy,8,5,25
19:10:09,Mostly Cloudy,8,5,25
19:12:09,Mostly Cloudy,8,5,25
19:14:08,Mostly Cloudy,8,5,25
19:16:08,Mostly Cloudy,8,5,27
19:18:09,Mostly Cloudy,8,5,27
19:20:09,Mostly Cloudy,8,5,27
19:22:08,Mostly Cloudy,8,5,27
19:24:09,Mostly Cloudy,8,5,27
19:26:09,Mostly Cloudy,8,5,27
19:28:08,Mostly Cloudy,8,5,27
19:30:09,Mostly Cloudy,8,5,27
19:32:09,Mostly Cloudy,8,5,27
19:34:08,Mostly Cloudy,8,5,27
19:36:09,Mostly Cloudy,8,5,27
19:38:08,Mostly Cloudy,8,5,27
19:40:08,Mostly Cloudy,8,5,27
19:42:09,Mostly Cloudy,8,5,27
19:44:08,Mostly Cloudy,8,5,27
19:46:08,Mostly Cloudy,8,5,27
19:48:09,Mostly Cloudy,8,5,27
19:50:09,Mostly Cloudy,8,5,27
19:52:09,Mostly Cloudy,8,5,27
19:54:08,Mostly Cloudy,8,5,27
19:56:09,Mostly Cloudy,8,5,27
19:58:09,Mostly Cloudy,8,5,27
20:00:08,Mostly Cloudy,8,5,27
20:02:09,Mostly Cloudy,8,5,27
20:04:09,Mostly Cloudy,8,5,27
20:06:09,Mostly Cloudy,8,5,27
20:08:08,Mostly Cloudy,8,5,27
20:10:08,Mostly Cloudy / Windy,8,5,35
20:12:09,Mostly Cloudy / Windy,8,5,35
20:14:09,Mostly Cloudy / Windy,8,5,35
20:16:09,Mostly Cloudy / Windy,8,5,35
20:18:09,Mostly Cloudy / Windy,8,5,35
20:20:09,Mostly Cloudy / Windy,8,5,35
20:22:08,Mostly Cloudy / Windy,8,5,35
20:24:09,Mostly Cloudy / Windy,8,5,35
20:26:08,Mostly Cloudy / Windy,8,5,35
20:28:09,Mostly Cloudy / Windy,8,5,35
20:30:09,Mostly Cloudy / Windy,8,5,35
20:32:09,Mostly Cloudy / Windy,8,5,35
20:34:08,Mostly Cloudy / Windy,8,5,35
20:36:09,Mostly Cloudy / Windy,8,5,35
20:38:09,Mostly Cloudy / Windy,8,5,35
20:40:08,Mostly Cloudy / Windy,8,5,35
20:42:09,Mostly Cloudy / Windy,8,5,35
20:44:09,Mostly Cloudy / Windy,8,5,35
20:46:08,Mostly Cloudy / Windy,8,5,35
20:48:08,Mostly Cloudy / Windy,8,5,35
20:50:09,Mostly Cloudy / Windy,8,5,35
20:52:08,Mostly Cloudy / Windy,8,5,35
20:54:09,Mostly Cloudy / Windy,8,5,35
20:56:09,Mostly Cloudy / Windy,8,5,35
20:58:09,Mostly Cloudy / Windy,8,5,35
21:00:09,Mostly Cloudy / Windy,8,5,35
21:02:09,Mostly Cloudy / Windy,8,5,35
21:04:09,Mostly Cloudy / Windy,8,5,35
21:06:08,Mostly Cloudy / Windy,8,5,35
21:08:09,Mostly Cloudy / Windy,8,5,35
21:10:09,Mostly Cloudy / Windy,8,5,35
21:12:08,Mostly Cloudy / Windy,8,5,35
21:14:09,Mostly Cloudy,7,3,28
21:16:08,Mostly Cloudy,7,3,28
21:18:09,Mostly Cloudy,7,3,28
21:20:08,Mostly Cloudy,7,3,28
21:22:09,Mostly Cloudy,7,3,28
21:24:08,Mostly Cloudy,7,3,28
21:26:09,Mostly Cloudy,7,3,28
21:28:09,Mostly Cloudy,7,3,28
21:30:09,Mostly Cloudy,7,3,28
21:32:08,Mostly Cloudy,7,3,28
21:34:09,Mostly Cloudy,7,3,28
21:36:09,Mostly Cloudy,7,3,28
21:38:09,Mostly Cloudy,7,3,28
21:40:08,Mostly Cloudy,7,3,28
21:42:08,Mostly Cloudy,7,3,28
21:44:09,Mostly Cloudy,7,3,28
21:46:09,Mostly Cloudy,7,3,28
21:48:09,Mostly Cloudy,7,3,28
21:50:09,Mostly Cloudy,7,3,28
21:52:08,Mostly Cloudy,7,3,28
21:54:09,Mostly Cloudy,7,3,28
21:56:09,Mostly Cloudy,7,3,28
21:58:09,Mostly Cloudy,7,3,28
22:00:08,Mostly Cloudy,7,3,28
22:02:09,Mostly Cloudy,7,3,28
22:04:09,Mostly Cloudy,7,3,28
22:06:08,Mostly Cloudy,7,3,28
22:08:09,Mostly Cloudy,7,3,28
22:10:09,Mostly Cloudy,7,3,28
22:12:08,Mostly Cloudy,7,3,28
22:14:08,Mostly Cloudy,7,3,32
22:16:09,Mostly Cloudy,7,3,32
22:18:08,Mostly Cloudy,7,3,32
22:20:08,Mostly Cloudy,7,3,32
22:22:09,Mostly Cloudy,7,3,32
22:24:08,Mostly Cloudy,7,3,32
22:26:09,Mostly Cloudy,7,3,32
22:28:09,Mostly Cloudy,7,3,32
22:30:08,Mostly Cloudy,7,3,32
22:32:08,Mostly Cloudy,7,3,32
22:34:09,Mostly Cloudy,7,3,32
22:36:09,Mostly Cloudy,7,3,32
22:38:08,Mostly Cloudy,7,3,32
22:40:09,Mostly Cloudy,7,3,32
22:42:09,Mostly Cloudy,7,3,32
22:44:09,Mostly Cloudy,7,3,32
22:46:08,Mostly Cloudy,7,3,32
22:48:08,Mostly Cloudy,7,3,32
22:50:09,Mostly Cloudy,7,3,32
22:52:09,Mostly Cloudy,7,3,32
22:54:09,Mostly Cloudy,7,3,32
22:56:08,Mostly Cloudy,7,3,32
22:58:09,Mostly Cloudy,7,3,32
23:00:09,Mostly Cloudy,7,3,32
23:02:08,Mostly Cloudy,7,3,32
23:04:09,Mostly Cloudy,7,3,32
23:06:09,Mostly Cloudy,7,3,32
23:08:08,Mostly Cloudy,7,3,32
23:10:08,Mostly Cloudy,7,3,32
23:12:09,Mostly Cloudy,7,3,32
23:14:09,Mostly Cloudy,7,3,28
23:16:08,Mostly Cloudy,7,3,28
23:18:09,Mostly Cloudy,7,3,28
23:20:09,Mostly Cloudy,7,3,28
23:22:08,Mostly Cloudy,7,3,28
23:24:09,Mostly Cloudy,7,3,28
23:26:09,Mostly Cloudy,7,3,28
23:28:09,Mostly Cloudy,7,3,28
23:30:09,Mostly Cloudy,7,3,28
23:32:09,Mostly Cloudy,7,3,28
23:34:08,Mostly Cloudy,7,3,28
23:36:08,Mostly Cloudy,7,3,28
23:38:09,Mostly Cloudy,7,3,28
23:40:09,Mostly Cloudy,7,3,28
23:42:08,Mostly Cloudy,7,3,28
23:44:08,Mostly Cloudy,7,3,28
23:46:09,Mostly Cloudy,7,3,28
23:48:09,Mostly Cloudy,7,3,28
23:50:08,Mostly Cloudy,7,3,28
23:52:09,Mostly Cloudy,7,3,28
23:54:09,Mostly Cloudy,7,3,28
23:56:08,Mostly Cloudy,7,3,28
23:58:08,Mostly Cloudy,7,3,28
