Time,Weather,Temperature,Feels_Like,Wind_Speed
00:00:09,Mostly Cloudy,6,2,20
00:02:09,Mostly Cloudy,6,2,20
00:04:09,Mostly Cloudy,6,2,20
00:06:08,Mostly Cloudy,6,2,20
00:08:08,Partly Cloudy,6,1,27
00:10:08,Partly Cloudy,6,1,27
00:12:09,Partly Cloudy,6,1,27
00:14:09,Partly Cloudy,6,1,27
00:16:09,Partly Cloudy,6,1,27
00:18:08,Partly Cloudy,6,1,27
00:20:09,Partly Cloudy,6,1,27
00:22:09,Partly Cloudy,6,1,27
00:24:09,Partly Cloudy,6,1,27
00:26:08,Partly Cloudy,6,1,27
00:28:09,Partly Cloudy,6,1,27
00:30:09,Partly Cloudy,6,1,27
00:32:09,Partly Cloudy,6,1,27
00:34:08,Partly Cloudy,6,1,27
00:36:08,Partly Cloudy,6,1,27
00:38:08,Partly Cloudy,6,1,27
00:40:09,Partly Cloudy,6,1,27
00:42:09,Partly Cloudy,6,1,27
00:44:09,Partly Cloudy,6,1,27
00:46:09,Partly Cloudy,6,1,27
00:48:08,Partly Cloudy,6,1,27
00:50:08,Partly Cloudy,6,1,27
00:52:09,Partly Cloudy,6,1,27
00:54:09,Partly Cloudy,6,1,27
00:56:09,Partly Cloudy,6,1,27
00:58:08,Partly Cloudy,6,1,27
01:00:17,Partly Cloudy,6,1,27
01:02:08,Partly Cloudy,6,1,27
01:04:09,Partly Cloudy,6,1,27
01:06:09,Partly Cloudy,6,1,27
01:08:09,Partly Cloudy,6,1,27
01:10:08,Partly Cloudy,6,1,27
01:12:09,Partly Cloudy,6,1,27
01:14:09,Mostly Cloudy,6,2,22
01:16:09,Mostly Cloudy,6,2,22
01:18:08,Mostly Cloudy,6,2,22
01:20:09,Mostly Cloudy,6,2,22
01:22:08,Mostly Cloudy,6,2,22
01:24:08,Mostly Cloudy,6,2,22
01:26:08,Mostly Cloudy,6,2,22
01:28:09,Mostly Cloudy,6,2,22
01:30:09,Mostly Cloudy,6,2,22
01:32:08,Mostly Cloudy,6,2,22
01:34:09,Mostly Cloudy,6,2,22
01:36:09,Mostly Cloudy,6,2,22
01:38:09,Mostly Cloudy,6,2,22
01:40:08,Mostly Cloudy,6,2,22
01:42:09,Mostly Cloudy,6,2,22
01:44:09,Mostly Cloudy,6,2,22
01:46:09,Mostly Cloudy,6,2,22
01:48:08,Mostly Cloudy,6,2,22
01:50:09,Mostly Cloudy,6,2,22
01:52:09,Mostly Cloudy,6,2,22
01:54:09,Mostly Cloudy,6,2,22
01:56:09,Mostly Cloudy,6,2,22
01:58:09,Mostly Cloudy,6,2,22
02:00:09,Mostly Cloudy,6,2,22
02:02:08,Mostly Cloudy,6,2,22
02:04:09,Mostly Cloudy,6,2,22
02:06:09,Mostly Cloudy,6,2,22
02:08:09,Mostly Cloudy,6,2,22
02:10:08,Mostly Cloudy,6,2,22
02:12:09,Mostly Cloudy,6,2,22
02:14:09,Partly Cloudy,6,1,28
02:16:08,Partly Cloudy,6,1,28
02:18:09,Partly Cloudy,6,1,28
02:20:09,Partly Cloudy,6,1,28
02:22:09,Partly Cloudy,6,1,28
02:24:08,Partly Cloudy,6,1,28
02:26:08,Partly Cloudy,6,1,28
02:28:09,Partly Cloudy,6,1,28
02:30:09,Partly Cloudy,6,1,28
02:32:09,Partly Cloudy,6,1,28
02:34:08,Partly Cloudy,6,1,28
02:36:08,Partly Cloudy,6,1,28
02:38:09,Partly Cloudy,6,1,28
02:40:09,Partly Cloudy,6,1,28
02:42:09,Partly Cloudy,6,1,28
02:44:08,Partly Cloudy,6,1,28
02:46:08,Partly Cloudy,6,1,28
02:48:08,Partly Cloudy,6,1,28
02:50:09,Partly Cloudy,6,1,28
02:52:09,Partly Cloudy,6,1,28
02:54:09,Partly Cloudy,6,1,28
02:56:09,Partly Cloudy,6,1,28
02:58:09,Partly Cloudy,6,1,28
03:00:09,Partly Cloudy,6,1,28
03:02:09,Partly Cloudy,6,1,28
03:04:08,Partly Cloudy,6,1,28
03:06:08,Partly Cloudy,6,1,28
03:08:09,Partly Cloudy,6,1,28
03:10:09,Partly Cloudy,6,1,28
03:12:09,Partly Cloudy,6,1,28
03:14:09,Partly Cloudy,6,1,25
03:16:09,Partly Cloudy,6,1,25
03:18:09,Partly Cloudy,6,1,25
03:20:09,Partly Cloudy,6,1,25
03:22:09,Partly Cloudy,6,1,25
03:24:09,Partly Cloudy,6,1,25
03:26:09,Partly Cloudy,6,1,25
03:28:08,Partly Cloudy,6,1,25
03:30:09,Partly Cloudy,6,1,25
03:32:09,Partly Cloudy,6,1,25
03:34:09,Partly Cloudy,6,1,25
03:36:08,Partly Cloudy,6,1,25
03:38:09,Partly Cloudy,6,1,25
03:40:09,Partly Cloudy,6,1,25
03:42:08,Partly Cloudy,6,1,25
03:44:08,Partly Cloudy,6,1,25
03:46:09,Partly Cloudy,6,1,25
03:48:09,Partly Cloudy,6,1,25
03:50:08,Partly Cloudy,6,1,25
03:52:09,Partly Cloudy,6,1,25
03:54:09,Partly Cloudy,6,1,25
03:56:08,Partly Cloudy,6,1,25
03:58:09,Partly Cloudy,6,1,25
04:00:09,Partly Cloudy,6,1,25
04:02:09,Partly Cloudy,6,1,25
04:04:08,Partly Cloudy,6,1,25
04:06:08,Partly Cloudy,6,1,25
04:08:09,Partly Cloudy,6,1,25
04:10:09,Partly Cloudy,6,1,25
04:12:09,Partly Cloudy,6,1,25
04:14:08,Partly Cloudy,6,1,25
04:16:08,Partly Cloudy,6,1,25
04:18:09,Partly Cloudy,6,1,25
04:20:09,Partly Cloudy,6,1,25
04:22:08,Partly Cloudy,6,1,25
04:24:08,Partly Cloudy,6,1,25
04:26:09,Partly Cloudy,6,1,25
04:28:09,Partly Cloudy,6,1,25
04:30:08,Partly Cloudy,6,1,25
04:32:09,Partly Cloudy,6,1,25
04:34:09,Partly Cloudy,6,1,25
04:36:08,Partly Cloudy,6,1,25
04:38:09,Partly Cloudy,6,1,25
04:40:09,Partly Cloudy,6,1,25
04:42:09,Partly Cloudy,6,1,25
04:44:09,Partly Cloudy,6,1,25
04:46:09,Partly Cloudy,6,1,25
04:48:09,Partly Cloudy,6,1,25
04:50:09,Partly Cloudy,6,1,25
04:52:09,Partly Cloudy,6,1,25
04:54:09,Partly Cloudy,6,1,25
04:56:09,Partly Cloudy,6,1,25
04:58:08,Partly Cloudy,6,1,25
05:00:09,Partly Cloudy,6,1,25
05:02:09,Partly Cloudy,6,1,25
05:04:09,Partly Cloudy,6,1,25
05:06:08,Partly Cloudy,6,1,25
05:08:09,Partly Cloudy,6,1,25
05:10:09,Partly Cloudy,6,1,25
05:12:09,Partly Cloudy,6,1,25
05:14:09,Partly Cloudy,6,1,25
05:16:08,Partly Cloudy,6,1,25
05:18:09,Partly Cloudy,6,1,25
05:20:08,Partly Cloudy,6,1,25
05:22:08,Partly Cloudy,6,1,25
05:24:09,Partly Cloudy,6,1,25
05:26:09,Partly Cloudy,6,1,25
05:28:08,Partly Cloudy,6,1,25
05:30:09,Partly Cloudy,6,1,25
05:32:09,Partly Cloudy,6,1,25
05:34:08,Partly Cloudy,6,1,25
05:36:08,Partly Cloudy,6,1,25
05:38:09,Partly Cloudy,6,1,25
05:40:09,Partly Cloudy,6,1,25
05:42:08,Partly Cloudy,6,1,25
05:44:08,Partly Cloudy,6,1,25
05:46:09,Partly Cloudy,6,1,25
05:48:09,Partly Cloudy,6,1,25
05:50:09,Partly Cloudy,6,1,25
05:52:08,Partly Cloudy,6,1,25
05:54:09,Partly Cloudy,6,1,25
05:56:09,Partly Cloudy,6,1,25
05:58:09,Partly Cloudy,6,1,25
06:00:09,Partly Cloudy,6,1,25
06:02:09,Partly Cloudy,6,1,25
06:04:09,Partly Cloudy,6,1,25
06:06:08,Partly Cloudy,6,1,25
06:08:09,Mostly Cloudy,6,1,24
06:10:09,Mostly Cloudy,6,1,24
06:12:09,Mostly Cloudy,6,1,24
06:14:09,Mostly Cloudy,6,1,24
06:16:09,Mostly Cloudy,6,1,24
06:18:09,Mostly Cloudy,6,1,24
06:20:08,Mostly Cloudy,6,1,24
06:22:09,Mostly Cloudy,6,1,24
06:24:09,Mostly Cloudy,6,1,24
06:26:09,Mostly Cloudy,6,1,24
06:28:08,Mostly Cloudy,6,1,24
06:30:09,Mostly Cloudy,6,1,24
06:32:09,Mostly Cloudy,6,1,24
06:34:08,Mostly Cloudy,6,1,24
06:36:08,Mostly Cloudy,6,1,24
06:38:09,Mostly Cloudy,6,1,24
06:40:08,Mostly Cloudy,6,1,24
06:42:08,Mostly Cloudy,6,1,24
06:44:09,Mostly Cloudy,6,1,24
06:46:09,Mostly Cloudy,6,1,24
06:48:09,Mostly Cloudy,6,1,24
06:50:08,Mostly Cloudy,6,1,24
06:52:09,Mostly Cloudy,6,1,24
06:54:09,Mostly Cloudy,6,1,24
06:56:09,Mostly Cloudy,6,1,24
06:58:08,Mostly Cloudy,6,1,24
07:00:09,Mostly Cloudy,6,1,24
07:02:09,Mostly Cloudy,6,1,24
07:04:08,Mostly Cloudy,6,1,24
07:06:08,Mostly Cloudy,6,1,24
07:08:09,Mostly Cloudy,6,1,25
07:10:09,Mostly Cloudy,6,1,25
07:12:09,Mostly Cloudy,6,1,25
07:14:08,Mostly Cloudy,6,1,25
07:16:09,Mostly Cloudy,6,1,25
07:18:09,Mostly Cloudy,6,1,25
07:20:08,Mostly Cloudy,6,1,25
07:22:09,Mostly Cloudy,6,1,25
07:24:09,Mostly Cloudy,6,1,25
07:26:08,Mostly Cloudy,6,1,25
07:28:09,Mostly Cloudy,6,1,25
07:30:09,Mostly Cloudy,6,1,25
07:32:08,Mostly Cloudy,6,1,25
07:34:09,Mostly Cloudy,6,1,25
07:36:09,Mostly Cloudy,6,1,25
07:38:09,Mostly Cloudy,6,1,25
07:40:08,Mostly Cloudy,6,1,25
07:42:09,Mostly Cloudy,6,1,25
07:44:09,Mostly Cloudy,6,1,25
07:46:09,Mostly Cloudy,6,1,25
07:48:09,Mostly Cloudy,6,1,25
07:50:09,Mostly Cloudy,6,1,25
07:52:08,Mostly Cloudy,6,1,25
07:54:08,Mostly Cloudy,6,1,25
07:56:08,Mostly Cloudy,6,1,25
07:58:09,Mostly Cloudy,6,1,25
08:00:09,Mostly Cloudy,6,1,25
08:02:08,Mostly Cloudy,6,1,25
08:04:09,Mostly Cloudy,6,1,25
08:06:09,Mostly Cloudy,6,1,25
08:08:09,Mostly Cloudy,6,1,25
08:10:08,Mostly Cloudy,6,1,25
08:12:09,Mostly Cloudy,6,1,25
08:14:09,Mostly Cloudy,6,1,25
08:16:08,Mostly Cloudy,6,1,25
08:18:09,Mostly Cloudy,6,1,25
08:20:09,Mostly Cloudy,7,2,25
08:22:09,Mostly Cloudy,7,2,25
08:24:08,Mostly Cloudy,7,2,25
08:26:09,Mostly Cloudy,7,2,25
08:28:09,Mostly Cloudy,7,2,25
08:30:08,Mostly Cloudy,7,2,25
08:32:08,Mostly Cloudy,7,2,25
08:34:09,Mostly Cloudy,7,2,25
08:36:09,Mostly Cloudy,7,2,25
08:38:09,Mostly Cloudy,7,2,25
08:40:08,Mostly Cloudy,7,2,25
08:42:09,Mostly Cloudy,7,2,25
08:44:09,Mostly Cloudy,7,2,27
08:46:08,Mostly Cloudy,7,2,27
08:48:09,Mostly Cloudy,7,2,27
08:50:09,Mostly Cloudy,7,2,27
08:52:09,Mostly Cloudy,7,2,27
08:54:08,Mostly Cloudy,7,2,27
08:56:09,Mostly Cloudy,7,2,27
08:58:09,Mostly Cloudy,7,2,27
09:00:09,Mostly Cloudy,7,2,27
09:02:09,Mostly Cloudy,7,2,27
09:04:09,Mostly Cloudy,7,2,27
09:06:09,Mostly Cloudy,7,2,27
09:08:08,Mostly Cloudy,7,2,27
09:10:09,Mostly Cloudy,7,2,27
09:12:09,Mostly Cloudy,7,2,27
09:14:09,Mostly Cloudy,7,2,27
09:16:09,Mostly Cloudy,7,2,27
09:18:08,Mostly Cloudy,7,2,27
09:20:08,Mostly Cloudy,7,2,27
09:22:09,Mostly Cloudy,7,2,27
09:24:09,Mostly Cloudy,7,2,27
09:26:09,Mostly Cloudy,7,2,32
09:28:09,Mostly Cloudy,7,2,32
09:30:09,Mostly Cloudy,7,2,32
09:32:09,Mostly Cloudy,7,2,32
09:34:09,Mostly Cloudy,7,2,32
09:36:09,Mostly Cloudy,7,2,32
09:38:09,Mostly Cloudy,7,2,32
09:40:08,Mostly Cloudy,7,2,32
09:42:09,Mostly Cloudy,7,2,32
09:44:09,Light Rain,7,2,25
09:46:08,Light Rain,7,2,25
09:48:08,Light Rain,7,2,25
09:50:09,Light Rain,7,2,25
09:52:09,Light Rain,7,2,25
09:54:08,Light Rain,7,2,25
09:56:08,Light Rain,7,2,25
09:58:09,Light Rain,7,2,25
10:00:09,Light Rain,7,2,25
10:02:08,Light Rain,7,2,25
10:04:09,Light Rain,7,2,25
10:06:09,Light Rain,7,2,25
10:08:09,Light Rain,7,2,25
10:10:08,Light Rain,7,2,25
10:12:08,Light Rain,7,2,25
10:14:08,Light Rain,7,2,25
10:16:09,Light Rain,7,2,25
10:18:08,Light Rain,7,2,25
10:20:08,Light Rain,7,3,24
10:22:09,Light Rain,7,3,24
10:24:09,Light Rain,7,3,24
10:26:09,Light Rain,7,3,24
10:28:08,Light Rain,7,3,24
10:30:09,Light Rain,7,3,24
10:32:09,Light Rain,7,3,24
10:34:09,Light Rain,7,3,24
10:36:08,Light Rain,7,3,24
10:38:09,Light Rain,7,3,24
10:40:09,Light Rain,7,3,24
10:42:09,Light Rain,7,3,24
10:44:08,Light Rain,7,3,24
10:46:09,Light Rain,7,3,24
10:48:09,Light Rain,7,3,24
10:50:09,Light Rain,7,3,27
10:52:08,Light Rain,7,3,27
10:54:09,Light Rain,7,3,27
10:56:09,Light Rain,7,3,27
10:58:08,Light Rain,7,3,27
11:00:08,Light Rain,7,3,27
11:02:09,Light Rain,7,3,27
11:04:09,Light Rain,7,3,27
11:06:09,Light Rain,7,3,27
11:08:08,Light Rain,7,3,27
11:10:09,Light Rain,7,3,27
11:12:09,Light Rain,7,3,27
11:14:09,Light Rain,7,3,27
11:16:08,Light Rain,7,3,27
11:18:09,Light Rain,7,3,27
11:20:09,Light Rain,7,3,27
11:22:08,Light Rain,7,3,27
11:24:09,Light Rain,7,3,27
11:26:09,Light Rain,7,3,27
11:28:09,Light Rain,7,3,27
11:30:08,Light Rain,7,3,27
11:32:08,Light Rain,7,3,27
11:34:09,Light Rain,7,3,27
11:36:09,Light Rain,7,3,27
11:38:08,Light Rain,7,3,27
11:40:08,Light Rain,7,3,27
11:42:09,Light Rain,7,3,27
11:44:09,Light Rain,7,3,27
11:46:08,Light Rain,7,3,27
11:48:08,Light Rain,7,3,27
11:50:09,Light Rain,7,3,27
11:52:09,Light Rain,7,3,27
11:54:08,Light Rain,7,3,27
11:56:09,Light Rain,7,3,27
11:58:09,Light Rain,7,3,27
12:00:08,Light Rain,7,3,27
12:02:09,Light Rain,7,3,27
12:04:09,Light Rain,7,3,27
12:06:08,Light Rain,7,3,27
12:08:09,Light Rain,7,3,27
12:10:09,Light Rain,7,3,27
12:12:09,Light Rain,7,3,27
12:14:08,Light Rain,7,3,27
12:16:09,Light Rain,7,3,27
12:18:09,Light Rain,7,3,27
12:20:08,Light Rain,7,3,27
12:22:09,Light Rain,7,3,27
12:24:09,Light Rain,7,3,27
12:26:08,Light Rain,7,3,27
12:28:09,Light Rain,7,3,27
12:30:09,Light Rain,7,3,27
12:32:09,Light Rain,7,3,27
12:34:08,Light Rain,7,3,27
12:36:08,Light Rain,7,3,27
12:38:09,Light Rain,7,3,27
12:40:09,Light Rain,7,3,27
12:42:09,Light Rain,7,3,27
12:44:08,Light Rain,8,5,27
12:46:09,Light Rain,8,5,27
12:48:09,Light Rain,8,5,27
12:50:09,Light Rain,8,5,27
12:52:09,Light Rain,8,5,27
12:54:09,Light Rain,8,5,27
12:56:09,Light Rain,8,5,27
12:58:08,Light Rain,8,5,27
13:00:08,Light Rain,8,5,27
13:02:09,Light Rain,8,5,27
13:04:08,Light Rain,8,5,27
13:06:09,Light Rain,8,5,27
13:08:09,Light Rain,8,5,27
13:10:08,Light Rain,8,5,27
13:12:09,Light Rain,8,5,27
13:14:09,Light Rain,8,5,27
13:16:09,Light Rain,8,5,27
13:18:09,Light Rain,8,5,27
13:20:09,Light Rain,8,5,27
13:22:09,Light Rain,8,5,27
13:24:09,Light Rain,8,5,27
13:26:08,Light Rain,8,5,27
13:28:08,Light Rain,8,5,27
13:30:09,Light Rain,8,5,27
13:32:09,Light Rain,8,5,27
13:34:08,Light Rain,8,5,27
13:36:08,Light Rain,8,5,27
13:38:09,Light Rain,8,5,27
13:40:09,Light Rain,8,5,27
13:42:08,Light Rain,8,5,25
13:44:09,Light Rain,8,5,25
13:46:09,Light Rain,8,5,25
13:48:08,Light Rain,8,5,25
13:50:08,Light Rain,8,5,25
13:52:09,Light Rain,8,5,25
13:54:08,Light Rain,8,5,25
13:56:08,Light Rain,8,5,25
13:58:09,Light Rain,8,5,25
14:00:08,Light Rain,8,5,25
14:02:09,Light Rain,8,5,25
14:04:09,Light Rain,8,5,25
14:06:09,Light Rain,8,5,25
14:08:08,Light Rain,8,5,25
14:10:09,Light Rain,8,5,28
14:12:09,Light Rain,8,5,28
14:14:08,Light Rain,8,5,28
14:16:08,Light Rain,8,5,28
14:18:09,Light Rain,8,5,28
14:20:08,Light Rain,8,5,28
14:22:09,Light Rain,8,5,28
14:24:09,Light Rain,8,5,28
14:26:08,Light Rain,8,5,28
14:28:09,Light Rain,8,5,28
14:30:09,Light Rain,8,5,28
14:32:08,Light Rain,8,5,28
14:34:08,Light Rain,8,5,28
14:36:08,Light Rain,8,5,28
14:38:09,Light Rain,8,5,28
14:40:09,Light Rain,8,5,28
14:42:08,Light Rain,8,5,28
14:44:08,Light Rain,8,5,28
14:46:09,Light Rain,8,5,28
14:48:09,Light Rain,8,5,28
14:50:09,Light Rain,8,5,28
14:52:09,Light Rain,8,5,28
14:54:09,Light Rain,8,5,28
14:56:08,Light Rain,8,5,28
14:58:08,Light Rain,8,5,28
15:00:09,Light Rain,8,5,28
15:02:09,Light Rain,8,5,28
15:04:08,Light Rain,8,5,28
15:06:08,Light Rain,8,5,28
15:08:09,Light Rain,8,5,28
15:10:09,Light Rain,8,5,28
15:12:09,Light Rain,8,5,28
15:14:08,Light Rain,8,5,28
15:16:08,Light Rain,8,5,24
15:18:09,Light Rain,8,5,24
15:20:09,Light Rain,8,5,24
15:22:08,Light Rain,8,5,24
15:24:09,Light Rain,8,5,24
15:26:09,Light Rain,8,5,24
15:28:09,Light Rain,8,5,24
15:30:09,Light Rain,8,5,24
15:32:09,Light Rain,8,5,24
15:34:09,Light Rain,8,5,24
15:36:09,Light Rain,8,5,24
15:38:08,Light Rain,8,5,24
15:40:09,Light Rain,8,5,24
15:42:09,Light Rain,8,5,24
15:44:08,Light Rain,8,5,24
15:46:08,Light Rain,8,5,24
15:48:09,Light Rain,8,5,24
15:50:09,Light Rain,8,5,24
15:52:09,Light Rain,8,5,24
15:54:09,Light Rain,8,5,24
15:56:09,Light Rain,8,5,24
15:58:08,Light Rain,8,5,24
16:00:09,Light Rain,8,5,24
16:02:08,Light Rain,8,5,24
16:04:08,Light Rain,8,5,24
16:06:09,Light Rain,8,5,24
16:08:09,Light Rain,8,5,24
16:10:08,Light Rain,8,6,22
16:12:09,Light Rain,8,6,22
16:14:09,Light Rain,8,6,22
16:16:09,Light Rain,8,6,22
16:18:08,Light Rain,8,6,22
16:20:08,Light Rain,8,6,22
16:22:09,Light Rain,8,6,22
16:24:09,Light Rain,8,6,22
16:26:08,Light Rain,8,6,22
16:28:08,Light Rain,8,6,22
16:30:09,Light Rain,8,6,22
16:32:09,Light Rain,8,6,22
16:34:08,Light Rain,8,6,22
16:36:09,Light Rain,8,6,22
16:38:09,Light Rain,8,6,22
16:40:08,Light Rain,8,6,22
16:42:09,Light Rain,8,6,22
16:44:09,Light Rain,8,6,22
16:46:08,Light Rain,8,5,24
16:48:09,Light Rain,8,5,24
16:50:09,Light Rain,8,5,24
16:52:09,Light Rain,8,5,24
16:54:08,Light Rain,8,5,24
16:56:09,Light Rain,8,5,24
16:58:09,Light Rain,8,5,24
17:00:08,Light Rain,8,5,24
17:02:09,Light Rain,8,5,24
17:04:09,Light Rain,8,5,24
17:06:09,Light Rain,8,5,24
17:08:09,Light Rain,8,5,24
17:10:09,Light Rain,8,5,24
17:12:08,Light Rain,8,5,24
17:14:09,Light Rain,8,5,24
17:16:09,Light Rain,8,6,22
17:18:08,Light Rain,8,6,22
17:20:09,Light Rain,8,6,22
17:22:09,Light Rain,8,6,22
17:24:08,Light Rain,8,6,22
17:26:08,Light Rain,8,6,22
17:28:09,Light Rain,8,6,22
17:30:09,Light Rain,8,6,22
17:32:08,Light Rain,8,6,22
17:34:08,Light Rain,8,6,22
17:36:09,Light Rain,8,6,22
17:38:09,Light Rain,8,6,22
17:40:08,Light Rain,8,6,22
17:42:09,Light Rain,8,6,22
17:44:09,Light Rain,8,6,22
17:46:08,Light Rain,8,6,22
17:48:09,Light Rain,8,6,22
17:50:09,Light Rain,8,6,22
17:52:09,Light Rain,8,6,22
17:54:08,Light Rain,8,6,22
17:56:08,Light Rain,8,6,22
17:58:09,Light Rain,8,6,22
18:00:09,Light Rain,8,6,22
18:02:08,Light Rain,8,6,22
18:04:08,Light Rain,8,6,22
18:06:09,Light Rain,8,6,22
18:08:09,Light Rain,8,6,22
18:10:08,Mostly Cloudy,8,6,20
18:12:09,Mostly Cloudy,8,6,20
18:14:09,Mostly Cloudy,8,6,20
18:16:08,Mostly Cloudy,8,6,20
18:18:09,Mostly Cloudy,8,6,20
18:20:09,Mostly Cloudy,8,6,20
18:22:08,Mostly Cloudy,8,6,20
18:24:09,Mostly Cloudy,8,6,20
18:26:09,Mostly Cloudy,8,6,20
18:28:08,Mostly Cloudy,8,6,20
18:30:09,Mostly Cloudy,8,6,20
18:32:09,Mostly Cloudy,8,6,20
18:34:08,Mostly Cloudy,8,6,20
18:36:09,Mostly Cloudy,8,6,20
18:38:08,Mostly Cloudy,8,6,20
18:40:08,Mostly Cloudy,8,6,20
18:42:09,Mostly Cloudy,8,6,20
18:44:09,Mostly Cloudy,8,6,20
18:46:09,Mostly Cloudy,8,6,20
18:48:09,Mostly Cloudy,8,6,20
18:50:09,Mostly Cloudy,8,6,20
18:52:08,Mostly Cloudy,8,6,20
18:54:09,Mostly Cloudy,8,6,20
18:56:09,Mostly Cloudy,8,6,20
18:58:09,Mostly Cloudy,8,6,20
19:00:09,Mostly Cloudy,8,6,20
19:02:09,Mostly Cloudy,8,6,20
19:04:09,Mostly Cloudy,8,6,20
19:06:09,Mostly Cloudy,8,6,20
19:08:09,Mostly Cloudy,8,6,20
19:10:09,Mostly Cloudy,8,6,20
19:12:09,Mostly Cloudy,8,6,20
19:14:09,Mostly Cloudy,8,6,20
19:16:09,Mostly Cloudy,7,5,19
19:18:08,Mostly Cloudy,7,5,19
19:20:09,Mostly Cloudy,7,5,19
19:22:09,Mostly Cloudy,7,5,19
19:24:08,Mostly Cloudy,7,5,19
19:26:09,Mostly Cloudy,7,5,19
19:28:09,Mostly Cloudy,7,5,19
19:30:08,Mostly Cloudy,7,5,19
19:32:09,Mostly Cloudy,7,5,19
19:34:09,Mostly Cloudy,7,5,19
19:36:08,Mostly Cloudy,7,5,19
19:38:08,Mostly Cloudy,7,5,19
19:40:09,Mostly Cloudy,7,5,19
19:42:09,Mostly Cloudy,7,5,19
19:44:09,Mostly Cloudy,7,5,19
19:46:08,Mostly Cloudy,7,5,19
19:48:09,Mostly Cloudy,7,5,19
19:50:09,Mostly Cloudy,7,5,19
19:52:09,Mostly Cloudy,7,5,19
19:54:09,Mostly Cloudy,7,5,19
19:56:08,Mostly Cloudy,7,5,19
19:58:08,Mostly Cloudy,7,5,19
20:00:08,Mostly Cloudy,7,5,19
20:02:09,Mostly Cloudy,7,5,19
20:04:09,Mostly Cloudy,7,5,19
20:06:09,Mostly Cloudy,7,5,19
20:08:08,Mostly Cloudy,7,5,19
20:10:09,Mostly Cloudy,7,5,19
20:12:09,Mostly Cloudy,7,5,19
20:14:09,Mostly Cloudy,7,5,19
20:16:08,Mostly Cloudy,8,6,20
20:18:09,Mostly Cloudy,8,6,20
20:20:09,Mostly Cloudy,8,6,20
20:22:09,Mostly Cloudy,8,6,20
20:24:09,Mostly Cloudy,8,6,20
20:26:09,Mostly Cloudy,8,6,20
20:28:09,Mostly Cloudy,8,6,20
20:30:08,Mostly Cloudy,8,6,20
20:32:09,Mostly Cloudy,8,6,20
20:34:09,Mostly Cloudy,8,6,20
20:36:08,Mostly Cloudy,8,6,20
20:38:09,Mostly Cloudy,8,6,20
20:40:09,Mostly Cloudy,8,6,20
20:42:08,Mostly Cloudy,8,6,20
20:44:09,Mostly Cloudy,8,6,20
20:46:09,Mostly Cloudy,8,6,20
20:48:08,Mostly Cloudy,8,6,20
20:50:09,Mostly Cloudy,8,6,20
20:52:09,Mostly Cloudy,8,6,20
20:54:08,Mostly Cloudy,8,6,20
20:56:08,Mostly Cloudy,8,6,20
20:58:09,Mostly Cloudy,8,6,20
21:00:08,Mostly Cloudy,8,6,20
21:02:09,Mostly Cloudy,8,6,20
21:04:09,Mostly Cloudy,8,6,20
21:06:08,Mostly Cloudy,8,6,20
21:08:09,Mostly Cloudy,8,6,20
21:10:09,Mostly Cloudy,8,6,20
21:12:08,Mostly Cloudy,8,6,20
21:14:09,Mostly Cloudy,8,6,20
21:16:09,Mostly Cloudy,8,6,16
21:18:08,Mostly Cloudy,8,6,16
21:20:08,Mostly Cloudy,8,6,16
21:22:08,Mostly Cloudy,8,6,16
21:24:09,Mostly Cloudy,8,6,16
21:26:09,Mostly Cloudy,8,6,16
21:28:09,Mostly Cloudy,8,6,16
21:30:08,Mostly Cloudy,8,6,16
21:32:09,Mostly Cloudy,8,6,16
21:34:09,Mostly Cloudy,8,6,16
21:36:09,Mostly Cloudy,8,6,16
21:38:08,Mostly Cloudy,8,6,16
21:40:09,Mostly Cloudy,8,6,16
21:42:09,Mostly Cloudy,8,6,16
21:44:09,Mostly Cloudy,8,6,16
21:46:08,Mostly Cloudy,8,6,16
21:48:09,Mostly Cloudy,8,6,16
21:50:09,Mostly Cloudy,8,6,16
21:52:09,Mostly Cloudy,8,6,16
21:54:08,Mostly Cloudy,8,6,16
21:56:09,Mostly Cloudy,8,6,16
21:58:09,Mostly Cloudy,8,6,16
22:00:08,Mostly Cloudy,8,6,16
22:02:09,Mostly Cloudy,8,6,16
22:04:09,Mostly Cloudy,8,6,16
22:06:08,Mostly Cloudy,8,6,16
22:08:09,Mostly Cloudy,8,6,16
22:10:09,Mostly Cloudy,8,6,16
22:12:08,Mostly Cloudy,8,6,16
22:14:09,Mostly Cloudy,8,6,16
22:16:09,Mostly Cloudy,8,6,20
22:18:08,Mostly Cloudy,8,6,20
22:20:09,Mostly Cloudy,8,6,20
22:22:09,Mostly Cloudy,8,6,20
22:24:08,Mostly Cloudy,8,6,20
22:26:09,Mostly Cloudy,8,6,20
22:28:09,Mostly Cloudy,8,6,20
22:30:09,Mostly Cloudy,8,6,20
22:32:08,Mostly Cloudy,8,6,20
22:34:09,Mostly Cloudy,8,6,20
22:36:09,Mostly Cloudy,8,6,20
22:38:09,Mostly Cloudy,8,6,20
22:40:09,Mostly Cloudy,8,6,20
22:42:09,Mostly Cloudy,8,6,20
22:44:09,Mostly Cloudy,8,6,20
22:46:08,Mostly Cloudy,8,6,20
22:48:09,Mostly Cloudy,8,6,20
22:50:09,Mostly Cloudy,8,6,20
22:52:09,Mostly Cloudy,8,6,20
22:54:08,Mostly Cloudy,8,6,20
22:56:09,Mostly Cloudy,8,6,20
22:58:09,Mostly Cloudy,8,6,20
23:00:09,Mostly Cloudy,8,6,20
23:02:09,Mostly Cloudy,8,6,20
23:04:08,Mostly Cloudy,8,6,20
23:06:09,Mostly Cloudy,8,6,20
23:08:08,Mostly Cloudy,8,6,20
23:10:09,Mostly Cloudy,7,5,16
23:12:08,Mostly Cloudy,7,5,16
23:14:08,Mostly Cloudy,7,5,16
23:16:08,Mostly Cloudy,7,5,16
23:18:09,Mostly Cloudy,7,5,16
23:20:08,Mostly Cloudy,7,5,16
23:22:09,Mostly Cloudy,7,5,16
23:24:09,Mostly Cloudy,7,5,16
23:26:08,Mostly Cloudy,7,5,16
23:28:09,Mostly Cloudy,7,5,16
23:30:09,Mostly Cloudy,7,5,16
23:32:08,Mostly Cloudy,7,5,16
23:34:08,Mostly Cloudy,7,5,16
23:36:09,Mostly Cloudy,7,5,16
23:38:09,Mostly Cloudy,7,5,16
23:40:08,Mostly Cloudy,7,5,16
23:42:09,Mostly Cloudy,7,5,16
23:44:09,Mostly Cloudy,7,5,16
23:46:09,Mostly Cloudy,7,5,16
23:48:09,Mostly Cloudy,7,5,16
23:50:09,Mostly Cloudy,7,5,16
23:52:09,Mostly Cloudy,7,5,16
23:54:08,Mostly Cloudy,7,5,16
23:56:09,Mostly Cloudy,7,5,16
23:58:09,Mostly Cloudy,7,5,16
