Time,Weather,Temperature,Feels_Like,Wind_Speed
00:00:09,Mostly Cloudy,12,12,22
00:02:09,Mostly Cloudy,12,12,22
00:04:09,Mostly Cloudy,12,12,22
00:06:09,Mostly Cloudy,12,12,22
00:08:09,Mostly Cloudy,12,12,22
00:10:08,Mostly Cloudy,12,12,14
00:12:09,Mostly Cloudy,12,12,14
00:14:09,Mostly Cloudy,12,12,14
00:16:08,Mostly Cloudy,12,12,14
00:18:09,Mostly Cloudy,12,12,14
00:20:09,Mostly Cloudy,12,12,14
00:22:08,Mostly Cloudy,12,12,14
00:24:09,Mostly Cloudy,12,12,14
00:26:09,Mostly Cloudy,12,12,14
00:28:08,Mostly Cloudy,12,12,14
00:30:09,Mostly Cloudy,12,12,14
00:32:09,Mostly Cloudy,12,12,14
00:34:09,Mostly Cloudy,12,12,14
00:36:08,Mostly Cloudy,12,12,14
00:38:09,Mostly Cloudy,12,12,14
00:40:09,Mostly Cloudy,12,12,14
00:42:08,Mostly Cloudy,12,12,14
00:44:09,Mostly Cloudy,12,12,14
00:46:09,Mostly Cloudy,12,12,14
00:48:09,Mostly Cloudy,12,12,14
00:50:08,Mostly Cloudy,12,12,14
00:52:08,Mostly Cloudy,12,12,14
00:54:09,Mostly Cloudy,12,12,14
00:56:08,Mostly Cloudy,12,12,14
00:58:08,Mostly Cloudy,12,12,14
01:00:17,Mostly Cloudy,12,12,14
01:02:09,Mostly Cloudy,12,12,14
01:04:09,Mostly Cloudy,12,12,14
01:06:08,Mostly Cloudy,12,12,14
01:08:09,Mostly Cloudy,12,12,14
01:10:09,Mostly Cloudy,12,12,14
01:12:09,Mostly Cloudy,12,12,14
01:14:08,Mostly Cloudy,12,12,14
01:16:08,Mostly Cloudy,12,12,22
01:18:09,Mostly Cloudy,12,12,22
01:20:08,Mostly Cloudy,12,12,22
01:22:09,Mostly Cloudy,12,12,22
01:24:09,Mostly Cloudy,12,12,22
01:26:09,Mostly Cloudy,12,12,22
01:28:08,Mostly Cloudy,12,12,22
01:30:09,Mostly Cloudy,12,12,22
01:32:08,Mostly Cloudy,12,12,22
01:34:08,Mostly Cloudy,12,12,22
01:36:09,Mostly Cloudy,12,12,22
01:38:08,Mostly Cloudy,12,12,22
01:40:09,Mostly Cloudy,12,12,22
01:42:09,Mostly Cloudy,12,12,22
01:44:08,Mostly Cloudy,12,12,22
01:46:08,Mostly Cloudy,12,12,22
01:48:09,Mostly Cloudy,12,12,22
01:50:09,Mostly Cloudy,12,12,22
01:52:09,Mostly Cloudy,12,12,22
01:54:09,Mostly Cloudy,12,12,22
01:56:08,Mostly Cloudy,12,12,22
01:58:09,Mostly Cloudy,12,12,22
02:00:08,Mostly Cloudy,12,12,22
02:02:08,Mostly Cloudy,12,12,22
02:04:09,Mostly Cloudy,12,12,22
02:06:09,Mostly Cloudy,12,12,22
02:08:08,Mostly Cloudy,12,12,22
02:10:09,Mostly Cloudy,12,12,24
02:12:09,Mostly Cloudy,12,12,24
02:14:08,Mostly Cloudy,12,12,24
02:16:09,Mostly Cloudy,12,12,24
02:18:08,Mostly Cloudy,12,12,24
02:20:09,Mostly Cloudy,12,12,24
02:22:09,Mostly Cloudy,12,12,24
02:24:08,Mostly Cloudy,12,12,24
02:26:08,Mostly Cloudy,12,12,24
02:28:09,Mostly Cloudy,12,12,24
02:30:08,Mostly Cloudy,12,12,24
02:32:09,Mostly Cloudy,12,12,24
02:34:09,Mostly Cloudy,12,12,24
02:36:09,Mostly Cloudy,12,12,24
02:38:09,Mostly Cloudy,12,12,24
02:40:09,Mostly Cloudy,12,12,24
02:42:09,Mostly Cloudy,12,12,24
02:44:09,Mostly Cloudy,12,12,24
02:46:08,Mostly Cloudy,12,12,24
02:48:09,Mostly Cloudy,12,12,24
02:50:09,Mostly Cloudy,12,12,24
02:52:09,Mostly Cloudy,12,12,24
02:54:09,Mostly Cloudy,12,12,24
02:56:09,Mostly Cloudy,12,12,24
02:58:09,Mostly Cloudy,12,12,24
03:00:08,Mostly Cloudy,12,12,24
03:02:09,Mostly Cloudy,12,12,24
03:04:09,Mostly Cloudy,12,12,24
03:06:09,Mostly Cloudy,12,12,24
03:08:09,Mostly Cloudy,12,12,24
03:10:09,Mostly Cloudy,12,12,24
03:12:09,Mostly Cloudy,12,12,24
03:14:09,Mostly Cloudy,12,12,24
03:16:09,Mostly Cloudy,12,12,22
03:18:09,Mostly Cloudy,12,12,22
03:20:09,Mostly Cloudy,12,12,22
03:22:09,Mostly Cloudy,12,12,22
03:24:08,Mostly Cloudy,12,12,22
03:26:09,Mostly Cloudy,12,12,22
03:28:09,Mostly Cloudy,12,12,22
03:30:08,Mostly Cloudy,12,12,22
03:32:09,Mostly Cloudy,12,12,22
03:34:09,Mostly Cloudy,12,12,22
03:36:08,Mostly Cloudy,12,12,22
03:38:09,Mostly Cloudy,12,12,22
03:40:09,Mostly Cloudy,12,12,22
03:42:09,Mostly Cloudy,12,12,22
03:44:09,Mostly Cloudy,12,12,22
03:46:08,Mostly Cloudy,12,12,22
03:48:09,Mostly Cloudy,12,12,22
03:50:09,Mostly Cloudy,12,12,22
03:52:08,Mostly Cloudy,12,12,22
03:54:08,Mostly Cloudy,12,12,22
03:56:09,Mostly Cloudy,12,12,22
03:58:08,Mostly Cloudy,12,12,22
04:00:08,Mostly Cloudy,12,12,22
04:02:08,Mostly Cloudy,12,12,22
04:04:08,Mostly Cloudy,12,12,22
04:06:09,Mostly Cloudy,12,12,22
04:08:09,Mostly Cloudy,12,12,22
04:10:09,Mostly Cloudy,12,12,22
04:12:09,Mostly Cloudy,12,12,22
04:14:09,Mostly Cloudy,12,12,22
04:16:09,Mostly Cloudy,12,12,22
04:18:09,Mostly Cloudy,12,12,22
04:20:09,Mostly Cloudy,12,12,22
04:22:08,Mostly Cloudy,12,12,22
04:24:09,Mostly Cloudy,12,12,22
04:26:09,Mostly Cloudy,12,12,22
04:28:08,Mostly Cloudy,12,12,22
04:30:09,Mostly Cloudy,12,12,22
04:32:09,Mostly Cloudy,12,12,22
04:34:08,Mostly Cloudy,12,12,22
04:36:09,Mostly Cloudy,12,12,22
04:38:09,Mostly Cloudy,12,12,22
04:40:09,Mostly Cloudy,12,12,22
04:42:08,Mostly Cloudy,12,12,22
04:44:09,Mostly Cloudy,12,12,22
04:46:09,Mostly Cloudy,12,12,22
04:48:09,Mostly Cloudy,12,12,22
04:50:09,Mostly Cloudy,12,12,22
04:52:08,Mostly Cloudy,12,12,22
04:54:08,Mostly Cloudy,12,12,22
04:56:09,Mostly Cloudy,12,12,22
04:58:08,Mostly Cloudy,12,12,22
05:00:09,Mostly Cloudy,12,12,22
05:02:09,Mostly Cloudy,12,12,22
05:04:08,Mostly Cloudy,12,12,22
05:06:08,Mostly Cloudy,12,12,22
05:08:09,Mostly Cloudy,12,12,22
05:10:09,Mostly Cloudy,12,12,22
05:12:09,Mostly Cloudy,12,12,19
05:14:09,Mostly Cloudy,12,12,19
05:16:08,Mostly Cloudy,12,12,19
05:18:09,Mostly Cloudy,12,12,19
05:20:09,Mostly Cloudy,12,12,19
05:22:09,Mostly Cloudy,12,12,19
05:24:08,Mostly Cloudy,12,12,19
05:26:08,Mostly Cloudy,12,12,19
05:28:09,Mostly Cloudy,12,12,19
05:30:09,Mostly Cloudy,12,12,19
05:32:08,Mostly Cloudy,12,12,19
05:34:09,Mostly Cloudy,12,12,19
05:36:09,Mostly Cloudy,12,12,19
05:38:08,Mostly Cloudy,12,12,19
05:40:09,Mostly Cloudy,12,12,19
05:42:09,Mostly Cloudy,12,12,19
05:44:09,Mostly Cloudy,12,12,19
05:46:08,Mostly Cloudy,12,12,19
05:48:09,Mostly Cloudy,12,12,19
05:50:09,Mostly Cloudy,12,12,19
05:52:08,Mostly Cloudy,12,12,19
05:54:09,Mostly Cloudy,12,12,19
05:56:09,Mostly Cloudy,12,12,19
05:58:08,Mostly Cloudy,12,12,19
06:00:08,Mostly Cloudy,12,12,19
06:02:09,Mostly Cloudy,12,12,19
06:04:08,Mostly Cloudy,12,12,19
06:06:08,Mostly Cloudy,12,12,19
06:08:09,Mostly Cloudy,12,12,19
06:10:09,Mostly Cloudy,12,12,19
06:12:08,Mostly Cloudy,12,12,19
06:14:08,Mostly Cloudy,12,12,20
06:16:09,Mostly Cloudy,12,12,20
06:18:09,Mostly Cloudy,12,12,20
06:20:08,Mostly Cloudy,12,12,20
06:22:09,Mostly Cloudy,12,12,20
06:24:08,Mostly Cloudy,12,12,20
06:26:09,Mostly Cloudy,12,12,20
06:28:08,Mostly Cloudy,12,12,20
06:30:09,Mostly Cloudy,12,12,20
06:32:09,Mostly Cloudy,12,12,20
06:34:09,Mostly Cloudy,12,12,20
06:36:08,Mostly Cloudy,12,12,20
06:38:09,Mostly Cloudy,12,12,20
06:40:09,Mostly Cloudy,12,12,20
06:42:08,Mostly Cloudy,12,12,20
06:44:09,Mostly Cloudy,12,12,20
06:46:09,Mostly Cloudy,12,12,20
06:48:09,Mostly Cloudy,12,12,20
06:50:09,Mostly Cloudy,12,12,20
06:52:09,Mostly Cloudy,12,12,20
06:54:08,Mostly Cloudy,12,12,20
06:56:08,Mostly Cloudy,12,12,20
06:58:09,Mostly Cloudy,12,12,20
07:00:09,Mostly Cloudy,12,12,20
07:02:08,Mostly Cloudy,12,12,20
07:04:09,Mostly Cloudy,12,12,20
07:06:09,Mostly Cloudy,12,12,20
07:08:08,Mostly Cloudy,12,12,20
07:10:09,Mostly Cloudy,12,12,20
07:12:09,Mostly Cloudy,12,12,20
07:14:08,Mostly Cloudy,12,12,24
07:16:09,Mostly Cloudy,12,12,24
07:18:08,Mostly Cloudy,12,12,24
07:20:08,Mostly Cloudy,12,12,24
07:22:09,Mostly Cloudy,12,12,24
07:24:09,Mostly Cloudy,12,12,24
07:26:08,Mostly Cloudy,12,12,24
07:28:09,Mostly Cloudy,12,12,24
07:30:09,Mostly Cloudy,12,12,24
07:32:09,Mostly Cloudy,12,12,24
07:34:09,Mostly Cloudy,12,12,24
07:36:09,Mostly Cloudy,12,12,24
07:38:09,Mostly Cloudy,12,12,24
07:40:08,Mostly Cloudy,12,12,24
07:42:09,Mostly Cloudy,12,12,24
07:44:09,Mostly Cloudy,12,12,24
07:46:09,Mostly Cloudy,12,12,24
07:48:09,Mostly Cloudy,12,12,24
07:50:09,Mostly Cloudy,12,12,24
07:52:08,Mostly Cloudy,12,12,24
07:54:09,Mostly Cloudy,12,12,24
07:56:09,Mostly Cloudy,12,12,24
07:58:08,Mostly Cloudy,12,12,24
08:00:09,Mostly Cloudy,12,12,24
08:02:09,Mostly Cloudy,12,12,24
08:04:09,Mostly Cloudy,12,12,24
08:06:08,Mostly Cloudy,12,12,24
08:08:09,Mostly Cloudy,12,12,24
08:10:09,Mostly Cloudy,12,12,24
08:12:09,Mostly Cloudy,12,12,24
08:14:08,Mostly Cloudy,12,12,22
08:16:09,Mostly Cloudy,12,12,22
08:18:08,Mostly Cloudy,12,12,22
08:20:09,Mostly Cloudy,12,12,22
08:22:09,Mostly Cloudy,12,12,22
08:24:08,Mostly Cloudy,12,12,22
08:26:08,Mostly Cloudy,12,12,22
08:28:09,Mostly Cloudy,12,12,22
08:30:09,Mostly Cloudy,12,12,22
08:32:08,Mostly Cloudy,12,12,22
08:34:09,Mostly Cloudy,12,12,22
08:36:09,Mostly Cloudy,12,12,22
08:38:08,Mostly Cloudy,13,13,22
08:40:09,Mostly Cloudy,13,13,22
08:42:09,Mostly Cloudy,13,13,22
08:44:08,Mostly Cloudy,13,13,22
08:46:09,Mostly Cloudy,13,13,22
08:48:09,Mostly Cloudy,13,13,22
08:50:09,Mostly Cloudy,13,13,22
08:52:08,Mostly Cloudy,13,13,22
08:54:09,Mostly Cloudy,13,13,22
08:56:09,Mostly Cloudy,13,13,22
08:58:09,Mostly Cloudy,13,13,22
09:00:08,Mostly Cloudy,13,13,22
09:02:09,Mostly Cloudy,13,13,22
09:04:09,Mostly Cloudy,13,13,22
09:06:08,Mostly Cloudy,13,13,22
09:08:09,Mostly Cloudy,13,13,19
09:10:09,Mostly Cloudy,13,13,19
09:12:08,Mostly Cloudy,13,13,19
09:14:09,Mostly Cloudy,13,13,19
09:16:09,Mostly Cloudy,13,13,19
09:18:08,Mostly Cloudy,13,13,19
09:20:09,Mostly Cloudy,13,13,19
09:22:09,Mostly Cloudy,13,13,19
09:24:08,Mostly Cloudy,13,13,19
09:26:09,Mostly Cloudy,13,13,19
09:28:08,Mostly Cloudy,13,13,19
09:30:09,Mostly Cloudy,13,13,19
09:32:09,Mostly Cloudy,13,13,19
09:34:08,Mostly Cloudy,13,13,19
09:36:09,Mostly Cloudy,13,13,19
09:38:09,Mostly Cloudy,13,13,19
09:40:08,Mostly Cloudy,13,13,19
09:42:09,Mostly Cloudy,13,13,19
09:44:09,Mostly Cloudy,15,15,19
09:46:09,Mostly Cloudy,15,15,19
09:48:09,Mostly Cloudy,15,15,19
09:50:09,Mostly Cloudy,15,15,19
09:52:09,Mostly Cloudy,15,15,19
09:54:08,Mostly Cloudy,15,15,19
09:56:08,Mostly Cloudy,15,15,19
09:58:09,Mostly Cloudy,15,15,19
10:00:08,Mostly Cloudy,15,15,19
10:02:08,Mostly Cloudy,15,15,19
10:04:09,Mostly Cloudy,15,15,19
10:06:08,Mostly Cloudy,15,15,19
10:08:09,Mostly Cloudy,15,15,19
10:10:09,Mostly Cloudy,15,15,19
10:12:08,Mostly Cloudy,15,15,19
10:14:09,Mostly Cloudy,15,15,19
10:16:09,Mostly Cloudy,15,15,20
10:18:09,Mostly Cloudy,15,15,20
10:20:09,Mostly Cloudy,15,15,20
10:22:08,Mostly Cloudy,15,15,20
10:24:09,Mostly Cloudy,15,15,20
10:26:09,Mostly Cloudy,15,15,20
10:28:08,Mostly Cloudy,15,15,20
10:30:09,Mostly Cloudy,15,15,20
10:32:08,Mostly Cloudy,15,15,20
10:34:09,Mostly Cloudy,15,15,20
10:36:09,Mostly Cloudy,15,15,20
10:38:08,Mostly Cloudy,15,15,20
10:40:09,Mostly Cloudy,15,15,20
10:42:08,Mostly Cloudy,15,15,20
10:44:09,Mostly Cloudy,15,15,20
10:46:09,Mostly Cloudy,16,16,22
10:48:09,Mostly Cloudy,16,16,22
10:50:09,Mostly Cloudy,16,16,22
10:52:09,Mostly Cloudy,16,16,22
10:54:09,Mostly Cloudy,16,16,22
10:56:09,Mostly Cloudy,16,16,22
10:58:08,Mostly Cloudy,16,16,22
11:00:09,Mostly Cloudy,16,16,22
11:02:09,Mostly Cloudy,16,16,22
11:04:08,Mostly Cloudy,16,16,22
11:06:09,Mostly Cloudy,16,16,22
11:08:09,Mostly Cloudy,16,16,22
11:10:08,Mostly Cloudy,16,16,22
11:12:09,Mostly Cloudy,16,16,22
11:14:08,Mostly Cloudy,16,16,24
11:16:09,Mostly Cloudy,16,16,24
11:18:09,Mostly Cloudy,16,16,24
11:20:09,Mostly Cloudy,16,16,24
11:22:09,Mostly Cloudy,16,16,24
11:24:09,Mostly Cloudy,16,16,24
11:26:09,Mostly Cloudy,16,16,24
11:28:09,Mostly Cloudy,16,16,24
11:30:09,Mostly Cloudy,16,16,24
11:32:09,Mostly Cloudy,16,16,24
11:34:09,Mostly Cloudy,16,16,24
11:36:09,Mostly Cloudy,16,16,24
11:38:08,Mostly Cloudy,16,16,24
11:40:09,Mostly Cloudy,16,16,24
11:42:09,Mostly Cloudy,16,16,24
11:44:08,Mostly Cloudy,17,17,24
11:46:09,Mostly Cloudy,17,17,24
11:48:09,Mostly Cloudy,17,17,24
11:50:09,Mostly Cloudy,17,17,24
11:52:09,Mostly Cloudy,17,17,24
11:54:08,Mostly Cloudy,17,17,24
11:56:09,Mostly Cloudy,17,17,24
11:58:09,Mostly Cloudy,17,17,24
12:00:09,Mostly Cloudy,17,17,24
12:02:09,Mostly Cloudy,17,17,24
12:04:08,Mostly Cloudy,17,17,24
12:06:09,Mostly Cloudy,17,17,24
12:08:09,Mostly Cloudy,17,17,24
12:10:08,Mostly Cloudy,17,17,24
12:12:09,Mostly Cloudy,17,17,24
12:14:09,Mostly Cloudy,17,17,24
12:16:08,Mostly Cloudy,17,17,24
12:18:09,Mostly Cloudy,17,17,24
12:20:08,Mostly Cloudy,17,17,24
12:22:09,Mostly Cloudy,17,17,24
12:24:09,Mostly Cloudy,17,17,24
12:26:09,Mostly Cloudy,17,17,24
12:28:08,Mostly Cloudy,17,17,24
12:30:08,Mostly Cloudy,17,17,24
12:32:09,Mostly Cloudy,17,17,24
12:34:09,Mostly Cloudy,17,17,24
12:36:08,Mostly Cloudy,17,17,24
12:38:09,Mostly Cloudy,17,17,24
12:40:09,Mostly Cloudy,17,17,24
12:42:08,Mostly Cloudy,17,17,24
12:44:09,Mostly Cloudy,17,17,25
12:46:09,Mostly Cloudy,17,17,25
12:48:09,Mostly Cloudy,17,17,25
12:50:09,Mostly Cloudy,17,17,25
12:52:08,Mostly Cloudy,17,17,25
12:54:09,Mostly Cloudy,17,17,25
12:56:09,Mostly Cloudy,17,17,25
12:58:08,Mostly Cloudy,17,17,25
13:00:09,Mostly Cloudy,17,17,25
13:02:09,Mostly Cloudy,17,17,25
13:04:08,Mostly Cloudy,17,17,25
13:06:09,Mostly Cloudy,17,17,25
13:08:08,Mostly Cloudy,17,17,25
13:10:09,Mostly Cloudy,18,18,24
13:12:09,Mostly Cloudy,18,18,24
13:14:08,Mostly Cloudy,18,18,24
13:16:09,Mostly Cloudy,18,18,24
13:18:08,Mostly Cloudy,18,18,24
13:20:09,Mostly Cloudy,18,18,24
13:22:08,Mostly Cloudy,18,18,24
13:24:09,Mostly Cloudy,18,18,24
13:26:08,Mostly Cloudy,18,18,24
13:28:09,Mostly Cloudy,18,18,24
13:30:09,Mostly Cloudy,18,18,24
13:32:09,Mostly Cloudy,18,18,24
13:34:09,Mostly Cloudy,18,18,24
13:36:09,Mostly Cloudy,18,18,24
13:38:09,Mostly Cloudy,18,18,24
13:40:09,Mostly Cloudy,18,18,24
13:42:09,Mostly Cloudy,18,18,22
13:44:09,Mostly Cloudy,18,18,22
13:46:08,Mostly Cloudy,18,18,22
13:48:09,Mostly Cloudy,18,18,22
13:50:08,Mostly Cloudy,18,18,22
13:52:09,Mostly Cloudy,18,18,22
13:54:09,Mostly Cloudy,18,18,22
13:56:08,Mostly Cloudy,18,18,22
13:58:09,Mostly Cloudy,18,18,22
14:00:09,Mostly Cloudy,18,18,22
14:02:08,Mostly Cloudy,18,18,22
14:04:09,Mostly Cloudy,18,18,22
14:06:09,Mostly Cloudy,18,18,22
14:08:09,Mostly Cloudy,18,18,22
14:10:08,Mostly Cloudy,18,18,22
14:12:09,Mostly Cloudy,18,18,22
14:14:09,Mostly Cloudy,18,18,22
14:16:09,Mostly Cloudy,18,18,22
14:18:09,Mostly Cloudy,18,18,22
14:20:08,Mostly Cloudy,18,18,22
14:22:09,Mostly Cloudy,18,18,22
14:24:09,Mostly Cloudy,18,18,22
14:26:09,Mostly Cloudy,18,18,22
14:28:09,Mostly Cloudy,18,18,22
14:30:09,Mostly Cloudy,18,18,22
14:32:09,Mostly Cloudy,18,18,22
14:34:09,Mostly Cloudy,18,18,22
14:36:09,Mostly Cloudy,18,18,22
14:38:09,Mostly Cloudy,18,18,22
14:40:09,Mostly Cloudy,18,18,22
14:42:09,Mostly Cloudy,18,18,22
14:44:09,Mostly Cloudy,20,20,20
14:46:09,Mostly Cloudy,20,20,20
14:48:09,Mostly Cloudy,20,20,20
14:50:09,Mostly Cloudy,20,20,20
14:52:08,Mostly Cloudy,20,20,20
14:54:08,Mostly Cloudy,20,20,20
14:56:09,Mostly Cloudy,20,20,20
14:58:09,Mostly Cloudy,20,20,20
15:00:09,Mostly Cloudy,20,20,20
15:02:09,Mostly Cloudy,20,20,20
15:04:08,Mostly Cloudy,20,20,20
15:06:09,Mostly Cloudy,20,20,20
15:08:09,Mostly Cloudy,20,20,20
15:10:08,Mostly Cloudy,20,20,20
15:12:09,Mostly Cloudy,21,21,22
15:14:09,Mostly Cloudy,21,21,22
15:16:09,Mostly Cloudy,21,21,22
15:18:09,Mostly Cloudy,21,21,22
15:20:09,Mostly Cloudy,21,21,22
15:22:09,Mostly Cloudy,21,21,22
15:24:09,Mostly Cloudy,21,21,22
15:26:09,Mostly Cloudy,21,21,22
15:28:08,Mostly Cloudy,21,21,22
15:30:09,Mostly Cloudy,21,21,22
15:32:08,Mostly Cloudy,21,21,22
15:34:09,Mostly Cloudy,21,21,22
15:36:08,Mostly Cloudy,21,21,22
15:38:08,Mostly Cloudy,21,21,22
15:40:09,Mostly Cloudy,21,21,22
15:42:09,Mostly Cloudy,18,18,20
15:44:08,Mostly Cloudy,18,18,20
15:46:09,Mostly Cloudy,18,18,20
15:48:08,Mostly Cloudy,18,18,20
15:50:09,Mostly Cloudy,18,18,20
15:52:08,Mostly Cloudy,18,18,20
15:54:08,Mostly Cloudy,18,18,20
15:56:09,Mostly Cloudy,18,18,20
15:58:08,Mostly Cloudy,18,18,20
16:00:09,Mostly Cloudy,18,18,20
16:02:09,Mostly Cloudy,18,18,20
16:04:09,Mostly Cloudy,18,18,20
16:06:09,Mostly Cloudy,18,18,20
16:08:08,Mostly Cloudy,18,18,20
16:10:09,Mostly Cloudy,18,18,20
16:12:09,Mostly Cloudy,18,18,20
16:14:09,Mostly Cloudy,18,18,20
16:16:09,Mostly Cloudy,18,18,20
16:18:09,Mostly Cloudy,18,18,20
16:20:09,Light Rain,17,17,20
16:22:09,Light Rain,17,17,20
16:24:09,Light Rain,17,17,20
16:26:09,Light Rain,17,17,20
16:28:09,Light Rain,17,17,20
16:30:09,Light Rain,17,17,20
16:32:08,Light Rain,17,17,20
16:34:09,Light Rain,17,17,20
16:36:09,Light Rain,17,17,20
16:38:08,Light Rain,17,17,20
16:40:09,Light Rain,17,17,20
16:42:09,Light Rain,17,17,20
16:44:09,Light Rain,17,17,20
16:46:09,Light Rain,17,17,20
16:48:09,Light Rain,17,17,20
16:50:08,Light Rain,17,17,20
16:52:09,Light Rain,17,17,20
16:54:08,Light Rain,17,17,20
16:56:09,Light Rain,17,17,20
16:58:09,Light Rain,17,17,20
17:00:08,Light Rain,17,17,20
17:02:09,Light Rain,17,17,20
17:04:09,Light Rain,17,17,20
17:06:08,Light Rain,17,17,20
17:08:09,Light Rain,17,17,20
17:10:09,Cloudy,17,17,12
17:12:09,Cloudy,17,17,12
17:14:09,Cloudy,17,17,12
17:16:08,Cloudy,17,17,12
17:18:09,Cloudy,17,17,12
17:20:08,Cloudy,17,17,12
17:22:09,Cloudy,17,17,12
17:24:08,Cloudy,17,17,12
17:26:09,Cloudy,17,17,12
17:28:09,Cloudy,17,17,12
17:30:08,Cloudy,17,17,12
17:32:08,Cloudy,17,17,12
17:34:09,Cloudy,17,17,12
17:36:09,Cloudy,17,17,12
17:38:08,Cloudy,17,17,12
17:40:09,Cloudy,17,17,12
17:42:09,Cloudy,17,17,12
17:44:09,Cloudy,17,17,12
17:46:09,Cloudy,17,17,12
17:48:09,Cloudy,17,17,12
17:50:08,Cloudy,17,17,12
17:52:09,Cloudy,17,17,12
17:54:08,Cloudy,17,17,12
17:56:09,Cloudy,17,17,12
17:58:09,Cloudy,17,17,12
18:00:08,Cloudy,17,17,12
18:02:09,Cloudy,17,17,12
18:04:09,Cloudy,17,17,12
18:06:09,Cloudy,17,17,12
18:08:08,Cloudy,17,17,12
18:10:09,Cloudy,17,17,12
18:12:08,Mostly Cloudy,17,17,4
18:14:09,Mostly Cloudy,17,17,4
18:16:09,Mostly Cloudy,17,17,4
18:18:09,Mostly Cloudy,17,17,4
18:20:09,Mostly Cloudy,17,17,4
18:22:09,Mostly Cloudy,17,17,4
18:24:09,Mostly Cloudy,17,17,4
18:26:09,Mostly Cloudy,17,17,4
18:28:09,Mostly Cloudy,17,17,4
18:30:09,Mostly Cloudy,17,17,4
18:32:09,Mostly Cloudy,17,17,4
18:34:08,Mostly Cloudy,17,17,4
18:36:09,Mostly Cloudy,17,17,4
18:38:09,Mostly Cloudy,17,17,4
18:40:08,Mostly Cloudy,17,17,4
18:42:09,Mostly Cloudy,17,17,4
18:44:09,Mostly Cloudy,17,17,4
18:46:08,Mostly Cloudy,17,17,4
18:48:09,Mostly Cloudy,17,17,4
18:50:08,Mostly Cloudy,17,17,4
18:52:09,Mostly Cloudy,17,17,4
18:54:09,Mostly Cloudy,17,17,4
18:56:08,Mostly Cloudy,17,17,4
18:58:09,Mostly Cloudy,17,17,4
19:00:09,Mostly Cloudy,17,17,4
19:02:09,Mostly Cloudy,17,17,4
19:04:08,Mostly Cloudy,17,17,4
19:06:09,Mostly Cloudy,17,17,4
19:08:08,Mostly Cloudy,17,17,4
19:10:09,Mostly Cloudy,17,17,4
19:12:09,Mostly Cloudy,17,17,4
19:14:09,Mostly Cloudy,17,17,4
19:16:09,Mostly Cloudy,17,17,4
19:18:09,Mostly Cloudy,17,17,4
19:20:09,Mostly Cloudy,17,17,4
19:22:08,Mostly Cloudy,17,17,4
19:24:09,Mostly Cloudy,17,17,4
19:26:09,Mostly Cloudy,17,17,4
19:28:09,Mostly Cloudy,17,17,4
19:30:09,Mostly Cloudy,17,17,4
19:32:09,Mostly Cloudy,17,17,4
19:34:09,Mostly Cloudy,17,17,4
19:36:09,Mostly Cloudy,17,17,4
19:38:08,Mostly Cloudy,17,17,4
19:40:09,Mostly Cloudy,17,17,4
19:42:09,Mostly Cloudy,17,17,4
19:44:08,Mostly Cloudy,17,17,4
19:46:09,Mostly Cloudy,17,17,4
19:48:09,Mostly Cloudy,17,17,4
19:50:08,Mostly Cloudy,17,17,4
19:52:09,Mostly Cloudy,17,17,4
19:54:09,Mostly Cloudy,17,17,4
19:56:08,Mostly Cloudy,17,17,4
19:58:09,Mostly Cloudy,17,17,4
20:00:09,Mostly Cloudy,17,17,4
20:02:09,Mostly Cloudy,17,17,4
20:04:09,Mostly Cloudy,17,17,4
20:06:08,Mostly Cloudy,17,17,4
20:08:09,Mostly Cloudy,17,17,4
20:10:08,Mostly Cloudy,17,17,4
20:12:09,Mostly Cloudy,17,17,4
20:14:09,Mostly Cloudy,17,17,4
20:16:08,Mostly Cloudy,17,17,4
20:18:09,Mostly Cloudy,17,17,4
20:20:09,Mostly Cloudy,17,17,4
20:22:09,Mostly Cloudy,17,17,4
20:24:09,Mostly Cloudy,17,17,4
20:26:09,Mostly Cloudy,17,17,4
20:28:09,Mostly Cloudy,17,17,4
20:30:08,Mostly Cloudy,17,17,4
20:32:08,Mostly Cloudy,17,17,4
20:34:09,Mostly Cloudy,17,17,4
20:36:09,Mostly Cloudy,17,17,4
20:38:08,Mostly Cloudy,17,17,4
20:40:08,Mostly Cloudy,17,17,4
20:42:09,Mostly Cloudy,17,17,4
20:44:09,Mostly Cloudy,17,17,4
20:46:08,Mostly Cloudy,17,17,4
20:48:09,Mostly Cloudy,17,17,4
20:50:08,Mostly Cloudy,17,17,4
20:52:09,Mostly Cloudy,17,17,4
20:54:09,Mostly Cloudy,17,17,4
20:56:09,Mostly Cloudy,17,17,4
20:58:09,Mostly Cloudy,17,17,4
21:00:09,Mostly Cloudy,17,17,4
21:02:09,Mostly Cloudy,17,17,4
21:04:09,Mostly Cloudy,17,17,4
21:06:08,Mostly Cloudy,17,17,4
21:08:08,Mostly Cloudy,17,17,4
21:10:09,Mostly Cloudy,17,17,4
21:12:09,Mostly Cloudy,17,17,4
21:14:09,Mostly Cloudy,17,17,16
21:16:08,Mostly Cloudy,17,17,16
21:18:09,Mostly Cloudy,17,17,16
21:20:08,Mostly Cloudy,17,17,16
21:22:09,Mostly Cloudy,17,17,16
21:24:09,Mostly Cloudy,17,17,16
21:26:08,Mostly Cloudy,17,17,16
21:28:09,Mostly Cloudy,17,17,16
21:30:09,Mostly Cloudy,17,17,16
21:32:08,Mostly Cloudy,17,17,16
21:34:08,Mostly Cloudy,17,17,16
21:36:09,Mostly Cloudy,17,17,16
21:38:09,Mostly Cloudy,17,17,16
21:40:08,Mostly Cloudy,17,17,16
21:42:09,Mostly Cloudy,17,17,16
21:44:09,Mostly Cloudy,17,17,16
21:46:08,Mostly Cloudy,17,17,16
21:48:09,Mostly Cloudy,17,17,16
21:50:08,Mostly Cloudy,17,17,16
21:52:09,Mostly Cloudy,17,17,16
21:54:09,Mostly Cloudy,17,17,16
21:56:08,Mostly Cloudy,17,17,16
21:58:09,Mostly Cloudy,17,17,16
22:00:09,Mostly Cloudy,17,17,16
22:02:08,Mostly Cloudy,17,17,16
22:04:09,Mostly Cloudy,17,17,16
22:06:09,Mostly Cloudy,17,17,16
22:08:08,Mostly Cloudy,17,17,16
22:10:09,Mostly Cloudy,17,17,16
22:12:09,Mostly Cloudy,17,17,14
22:14:08,Mostly Cloudy,17,17,14
22:16:09,Mostly Cloudy,17,17,14
22:18:08,Mostly Cloudy,17,17,14
22:20:09,Mostly Cloudy,17,17,14
22:22:08,Mostly Cloudy,17,17,14
22:24:09,Mostly Cloudy,17,17,14
22:26:09,Mostly Cloudy,17,17,14
22:28:09,Mostly Cloudy,17,17,14
22:30:09,Mostly Cloudy,17,17,14
22:32:09,Mostly Cloudy,17,17,14
22:34:09,Mostly Cloudy,17,17,14
22:36:08,Mostly Cloudy,17,17,14
22:38:09,Mostly Cloudy,17,17,14
22:40:09,Mostly Cloudy,17,17,14
22:42:08,Mostly Cloudy,17,17,14
22:44:09,Mostly Cloudy,17,17,14
22:46:09,Mostly Cloudy,17,17,14
22:48:08,Mostly Cloudy,17,17,14
22:50:09,Mostly Cloudy,17,17,14
22:52:09,Mostly Cloudy,17,17,14
22:54:09,Mostly Cloudy,17,17,14
22:56:09,Mostly Cloudy,17,17,14
22:58:08,Mostly Cloudy,17,17,14
23:00:09,Mostly Cloudy,17,17,14
23:02:09,Mostly Cloudy,17,17,14
23:04:08,Mostly Cloudy,17,17,14
23:06:09,Mostly Cloudy,17,17,14
23:08:09,Mostly Cloudy,17,17,14
23:10:09,Mostly Cloudy,17,17,14
23:12:08,Mostly Cloudy,16,16,20
23:14:09,Mostly Cloudy,16,16,20
23:16:09,Mostly Cloudy,16,16,20
23:18:09,Mostly Cloudy,16,16,20
23:20:09,Mostly Cloudy,16,16,20
23:22:09,Mostly Cloudy,16,16,20
23:24:08,Mostly Cloudy,16,16,20
23:26:09,Mostly Cloudy,16,16,20
23:28:08,Mostly Cloudy,16,16,20
23:30:08,Mostly Cloudy,16,16,20
23:32:09,Mostly Cloudy,16,16,20
23:34:09,Mostly Cloudy,16,16,20
23:36:09,Mostly Cloudy,16,16,20
23:38:09,Mostly Cloudy,16,16,20
23:40:09,Mostly Cloudy,16,16,20
23:42:08,Mostly Cloudy,16,16,20
23:44:09,Mostly Cloudy,16,16,20
23:46:09,Mostly Cloudy,16,16,20
23:48:09,Mostly Cloudy,16,16,20
23:50:08,Mostly Cloudy,16,16,20
23:52:09,Mostly Cloudy,16,16,20
23:54:09,Mostly Cloudy,16,16,20
23:56:08,Mostly Cloudy,16,16,20
23:58:09,Mostly Cloudy,16,16,20
