Time,Weather,Temperature,Feels_Like,Wind_Speed
00:00:09,Mostly Cloudy,5,1,19
00:02:08,Mostly Cloudy,5,1,19
00:04:08,Mostly Cloudy,5,1,19
00:06:09,Mostly Cloudy,5,1,19
00:08:08,Mostly Cloudy,5,1,19
00:10:08,Mostly Cloudy,5,1,19
00:12:09,Mostly Cloudy,5,1,19
00:14:09,Partly Cloudy,6,1,27
00:16:08,Partly Cloudy,6,1,27
00:18:09,Partly Cloudy,6,1,27
00:20:09,Partly Cloudy,6,1,27
00:22:08,Partly Cloudy,6,1,27
00:24:09,Partly Cloudy,6,1,27
00:26:08,Partly Cloudy,6,1,27
00:28:09,Partly Cloudy,6,1,27
00:30:08,Partly Cloudy,6,1,27
00:32:09,Partly Cloudy,6,1,27
00:34:09,Partly Cloudy,6,1,27
00:36:09,Partly Cloudy,6,1,27
00:38:08,Partly Cloudy,6,1,27
00:40:09,Partly Cloudy,6,1,27
00:42:09,Partly Cloudy,6,1,27
00:44:08,Partly Cloudy,6,1,27
00:46:09,Partly Cloudy,6,1,27
00:48:08,Partly Cloudy,6,1,27
00:50:08,Partly Cloudy,6,1,27
00:52:09,Partly Cloudy,6,1,27
00:54:08,Partly Cloudy,6,1,27
00:56:08,Partly Cloudy,6,1,27
00:58:09,Partly Cloudy,6,1,27
01:00:16,Partly Cloudy,6,1,27
01:02:09,Partly Cloudy,6,1,27
01:04:09,Partly Cloudy,6,1,27
01:06:09,Partly Cloudy,6,1,27
01:08:08,Partly Cloudy / Windy,6,1,37
01:10:09,Partly Cloudy / Windy,6,1,37
01:12:09,Partly Cloudy / Windy,6,1,37
01:14:08,Partly Cloudy / Windy,6,1,37
01:16:09,Partly Cloudy / Windy,6,1,37
01:18:08,Partly Cloudy / Windy,6,1,37
01:20:09,Partly Cloudy / Windy,6,1,37
01:22:08,Partly Cloudy / Windy,6,1,37
01:24:08,Partly Cloudy / Windy,6,1,37
01:26:09,Partly Cloudy / Windy,6,1,37
01:28:09,Partly Cloudy / Windy,6,1,37
01:30:08,Partly Cloudy / Windy,6,1,37
01:32:09,Partly Cloudy / Windy,6,1,37
01:34:09,Partly Cloudy / Windy,6,1,37
01:36:09,Partly Cloudy / Windy,6,1,37
01:38:09,Partly Cloudy / Windy,6,1,37
01:40:08,Partly Cloudy / Windy,6,1,37
01:42:09,Partly Cloudy / Windy,6,1,37
01:44:09,Partly Cloudy / Windy,6,1,37
01:46:09,Partly Cloudy / Windy,6,1,37
01:48:09,Partly Cloudy / Windy,6,1,37
01:50:09,Partly Cloudy / Windy,6,1,37
01:52:08,Partly Cloudy / Windy,6,1,37
01:54:09,Partly Cloudy / Windy,6,1,37
01:56:09,Partly Cloudy / Windy,6,1,37
01:58:08,Partly Cloudy / Windy,6,1,37
02:00:08,Partly Cloudy / Windy,6,1,37
02:02:09,Partly Cloudy / Windy,6,1,37
02:04:08,Partly Cloudy / Windy,6,1,37
02:06:09,Partly Cloudy / Windy,6,1,37
02:08:08,Partly Cloudy / Windy,6,1,37
02:10:08,Partly Cloudy / Windy,6,1,37
02:12:09,Partly Cloudy / Windy,6,1,37
02:14:09,Partly Cloudy / Windy,6,1,37
02:16:08,Partly Cloudy / Windy,6,1,37
02:18:09,Partly Cloudy / Windy,6,1,37
02:20:08,Mostly Cloudy,6,1,32
02:22:09,Mostly Cloudy,6,1,32
02:24:08,Mostly Cloudy,6,1,32
02:26:09,Mostly Cloudy,6,1,32
02:28:09,Mostly Cloudy,6,1,32
02:30:08,Mostly Cloudy,6,1,32
02:32:09,Mostly Cloudy,6,1,32
02:34:08,Mostly Cloudy,6,1,32
02:36:08,Mostly Cloudy,6,1,32
02:38:09,Mostly Cloudy,6,1,32
02:40:09,Mostly Cloudy,6,1,32
02:42:09,Mostly Cloudy,6,1,32
02:44:09,Mostly Cloudy,6,1,32
02:46:09,Mostly Cloudy,6,1,32
02:48:09,Mostly Cloudy,6,1,32
02:50:09,Mostly Cloudy,6,1,32
02:52:09,Mostly Cloudy,6,1,32
02:54:08,Mostly Cloudy,6,1,32
02:56:09,Mostly Cloudy,6,1,32
02:58:09,Mostly Cloudy,6,1,32
03:00:09,Mostly Cloudy,6,1,32
03:02:09,Mostly Cloudy,6,1,32
03:04:09,Mostly Cloudy,6,1,32
03:06:09,Mostly Cloudy,6,1,32
03:08:09,Mostly Cloudy,6,1,25
03:10:09,Mostly Cloudy,6,1,25
03:12:09,Mostly Cloudy,6,1,25
03:14:09,Mostly Cloudy,6,1,25
03:16:08,Mostly Cloudy,6,1,25
03:18:09,Mostly Cloudy,6,1,25
03:20:08,Mostly Cloudy,6,1,25
03:22:09,Mostly Cloudy,6,1,25
03:24:09,Mostly Cloudy,6,1,25
03:26:08,Mostly Cloudy,6,1,25
03:28:09,Mostly Cloudy,6,1,25
03:30:09,Mostly Cloudy,6,1,25
03:32:09,Mostly Cloudy,6,1,25
03:34:08,Mostly Cloudy,6,1,25
03:36:09,Mostly Cloudy,6,1,25
03:38:09,Mostly Cloudy,6,1,25
03:40:08,Mostly Cloudy,6,1,25
03:42:09,Mostly Cloudy,6,1,25
03:44:09,Mostly Cloudy,6,1,25
03:46:09,Mostly Cloudy,6,1,25
03:48:08,Mostly Cloudy,6,1,25
03:50:09,Mostly Cloudy,6,1,25
03:52:09,Mostly Cloudy,6,1,25
03:54:09,Mostly Cloudy,6,1,25
03:56:09,Mostly Cloudy,6,1,25
03:58:08,Mostly Cloudy,6,1,25
04:00:09,Mostly Cloudy,6,1,25
04:02:08,Mostly Cloudy,6,1,25
04:04:09,Mostly Cloudy,6,1,25
04:06:08,Mostly Cloudy,6,1,25
04:08:08,Mostly Cloudy,6,2,20
04:10:09,Mostly Cloudy,6,2,20
04:12:08,Mostly Cloudy,6,2,20
04:14:09,Mostly Cloudy,6,2,20
04:16:09,Mostly Cloudy,6,2,20
04:18:09,Mostly Cloudy,6,2,20
04:20:09,Mostly Cloudy,6,2,20
04:22:09,Mostly Cloudy,6,2,20
04:24:09,Mostly Cloudy,6,2,20
04:26:08,Mostly Cloudy,6,2,20
04:28:09,Mostly Cloudy,6,2,20
04:30:09,Mostly Cloudy,6,2,20
04:32:09,Mostly Cloudy,6,2,20
04:34:09,Mostly Cloudy,6,2,20
04:36:09,Mostly Cloudy,6,2,20
04:38:08,Mostly Cloudy,6,2,20
04:40:09,Mostly Cloudy,6,2,20
04:42:08,Mostly Cloudy,6,2,20
04:44:08,Mostly Cloudy,6,2,20
04:46:09,Mostly Cloudy,6,2,20
04:48:09,Mostly Cloudy,6,2,20
04:50:09,Mostly Cloudy,6,2,20
04:52:08,Mostly Cloudy,6,2,20
04:54:08,Mostly Cloudy,6,2,20
04:56:09,Mostly Cloudy,6,2,20
04:58:09,Mostly Cloudy,6,2,20
05:00:08,Mostly Cloudy,6,2,20
05:02:09,Mostly Cloudy,6,2,20
05:04:08,Mostly Cloudy,6,2,20
05:06:09,Mostly Cloudy,6,2,20
05:08:08,Mostly Cloudy,6,2,20
05:10:09,Mostly Cloudy,6,2,20
05:12:08,Mostly Cloudy,6,2,20
05:14:09,Mostly Cloudy,6,2,20
05:16:09,Mostly Cloudy,6,2,20
05:18:08,Mostly Cloudy,6,2,20
05:20:09,Mostly Cloudy,6,2,20
05:22:08,Mostly Cloudy,6,2,20
05:24:09,Mostly Cloudy,6,2,20
05:26:09,Mostly Cloudy,6,2,20
05:28:09,Mostly Cloudy,6,2,20
05:30:09,Mostly Cloudy,6,2,20
05:32:08,Mostly Cloudy,6,2,20
05:34:09,Mostly Cloudy,6,2,20
05:36:08,Mostly Cloudy,6,2,20
05:38:09,Mostly Cloudy,6,2,20
05:40:09,Mostly Cloudy,6,2,20
05:42:08,Mostly Cloudy,6,2,20
05:44:09,Mostly Cloudy,6,2,20
05:46:09,Mostly Cloudy,6,2,20
05:48:08,Mostly Cloudy,6,2,20
05:50:08,Mostly Cloudy,6,2,20
05:52:09,Mostly Cloudy,6,2,20
05:54:09,Mostly Cloudy,6,2,20
05:56:08,Mostly Cloudy,6,2,20
05:58:09,Mostly Cloudy,6,2,20
06:00:09,Mostly Cloudy,6,2,20
06:02:09,Mostly Cloudy,6,2,20
06:04:08,Mostly Cloudy,6,2,20
06:06:08,Mostly Cloudy,6,2,20
06:08:09,Mostly Cloudy,6,2,20
06:10:08,Mostly Cloudy,6,2,20
06:12:08,Mostly Cloudy,6,2,20
06:14:09,Mostly Cloudy,6,2,20
06:16:09,Mostly Cloudy,6,2,20
06:18:09,Mostly Cloudy,6,2,20
06:20:09,Mostly Cloudy,6,2,20
06:22:08,Mostly Cloudy,6,2,20
06:24:09,Mostly Cloudy,6,2,20
06:26:09,Mostly Cloudy,6,2,20
06:28:08,Mostly Cloudy,6,2,20
06:30:08,Mostly Cloudy,6,2,20
06:32:09,Mostly Cloudy,6,2,20
06:34:09,Mostly Cloudy,6,2,20
06:36:08,Mostly Cloudy,6,2,20
06:38:09,Mostly Cloudy,6,2,20
06:40:09,Mostly Cloudy,6,2,20
06:42:08,Mostly Cloudy,6,2,20
06:44:09,Mostly Cloudy,6,2,20
06:46:08,Mostly Cloudy,6,2,20
06:48:09,Mostly Cloudy,6,2,20
06:50:09,Mostly Cloudy,6,2,20
06:52:08,Mostly Cloudy,6,2,20
06:54:09,Mostly Cloudy,6,2,20
06:56:08,Mostly Cloudy,6,2,20
06:58:09,Mostly Cloudy,6,2,20
07:00:08,Mostly Cloudy,6,2,20
07:02:09,Mostly Cloudy,6,2,20
07:04:09,Mostly Cloudy,6,2,20
07:06:08,Mostly Cloudy,6,2,20
07:08:09,Mostly Cloudy,6,2,20
07:10:08,Mostly Cloudy,6,2,20
07:12:09,Mostly Cloudy,6,2,20
07:14:09,Mostly Cloudy / Windy,6,0,41
07:16:09,Mostly Cloudy / Windy,6,0,41
07:18:08,Mostly Cloudy / Windy,6,0,41
07:20:09,Mostly Cloudy / Windy,6,0,41
07:22:08,Mostly Cloudy / Windy,6,0,41
07:24:09,Mostly Cloudy / Windy,6,0,41
07:26:09,Mostly Cloudy / Windy,6,0,41
07:28:08,Mostly Cloudy / Windy,6,0,41
07:30:09,Mostly Cloudy / Windy,6,0,41
07:32:09,Mostly Cloudy / Windy,6,0,41
07:34:08,Mostly Cloudy / Windy,6,0,41
07:36:09,Mostly Cloudy / Windy,6,0,41
07:38:09,Mostly Cloudy / Windy,6,0,41
07:40:09,Mostly Cloudy / Windy,6,0,41
07:42:09,Mostly Cloudy / Windy,6,0,41
07:44:08,Mostly Cloudy / Windy,6,0,41
07:46:09,Mostly Cloudy / Windy,6,0,41
07:48:08,Mostly Cloudy / Windy,6,0,41
07:50:09,Mostly Cloudy / Windy,6,0,41
07:52:09,Mostly Cloudy / Windy,6,0,41
07:54:08,Mostly Cloudy / Windy,6,0,41
07:56:09,Mostly Cloudy / Windy,6,0,41
07:58:09,Mostly Cloudy / Windy,6,0,41
08:00:09,Mostly Cloudy / Windy,6,0,41
08:02:09,Mostly Cloudy / Windy,6,0,41
08:04:09,Mostly Cloudy / Windy,6,0,41
08:06:08,Mostly Cloudy / Windy,6,0,41
08:08:09,Mostly Cloudy / Windy,6,0,41
08:10:08,Mostly Cloudy / Windy,6,0,41
08:12:09,Mostly Cloudy / Windy,6,0,41
08:14:09,Mostly Cloudy,7,2,25
08:16:08,Mostly Cloudy,7,2,25
08:18:09,Mostly Cloudy,7,2,25
08:20:09,Mostly Cloudy,7,2,25
08:22:09,Mostly Cloudy,7,2,25
08:24:08,Mostly Cloudy,7,2,25
08:26:09,Mostly Cloudy,7,2,25
08:28:08,Mostly Cloudy,7,2,25
08:30:09,Mostly Cloudy,7,2,25
08:32:09,Mostly Cloudy,7,2,25
08:34:09,Mostly Cloudy,7,2,25
08:36:09,Mostly Cloudy,7,2,25
08:38:09,Mostly Cloudy,7,2,25
08:40:09,Mostly Cloudy,7,2,25
08:42:08,Mostly Cloudy,7,2,25
08:44:09,Mostly Cloudy,7,3,22
08:46:08,Mostly Cloudy,7,3,22
08:48:09,Mostly Cloudy,7,3,22
08:50:08,Mostly Cloudy,7,3,22
08:52:09,Mostly Cloudy,7,3,22
08:54:09,Mostly Cloudy,7,3,22
08:56:08,Mostly Cloudy,7,3,22
08:58:09,Mostly Cloudy,7,3,22
09:00:08,Mostly Cloudy,7,3,22
09:02:09,Mostly Cloudy,7,3,22
09:04:08,Mostly Cloudy,7,3,22
09:06:09,Mostly Cloudy,7,3,22
09:08:09,Mostly Cloudy,7,2,32
09:10:08,Mostly Cloudy,7,2,32
09:12:09,Mostly Cloudy,7,2,32
09:14:09,Mostly Cloudy,7,2,32
09:16:09,Mostly Cloudy,7,2,32
09:18:09,Mostly Cloudy,7,2,32
09:20:08,Mostly Cloudy,7,2,32
09:22:08,Mostly Cloudy,7,2,32
09:24:09,Mostly Cloudy,7,2,32
09:26:08,Mostly Cloudy,7,2,32
09:28:09,Mostly Cloudy,7,2,32
09:30:09,Mostly Cloudy,7,2,32
09:32:09,Mostly Cloudy,7,2,32
09:34:09,Mostly Cloudy,7,2,32
09:36:08,Mostly Cloudy,7,2,32
09:38:09,Mostly Cloudy,7,2,32
09:40:08,Mostly Cloudy,7,2,32
09:42:09,Mostly Cloudy,7,2,32
09:44:09,Mostly Cloudy,7,2,32
09:46:08,Mostly Cloudy,7,2,32
09:48:09,Mostly Cloudy,7,2,32
09:50:09,Mostly Cloudy,7,2,25
09:52:09,Mostly Cloudy,7,2,25
09:54:08,Mostly Cloudy,7,2,25
09:56:09,Mostly Cloudy,7,2,25
09:58:09,Mostly Cloudy,7,2,25
10:00:08,Mostly Cloudy,7,2,25
10:02:08,Mostly Cloudy,7,2,25
10:04:09,Mostly Cloudy,7,2,25
10:06:08,Mostly Cloudy,7,2,25
10:08:09,Mostly Cloudy,7,2,25
10:10:08,Mostly Cloudy,7,2,25
10:12:09,Mostly Cloudy,7,2,25
10:14:09,Mostly Cloudy,7,2,32
10:16:08,Mostly Cloudy,7,2,32
10:18:09,Mostly Cloudy,7,2,32
10:20:08,Mostly Cloudy,7,2,32
10:22:09,Mostly Cloudy,7,2,32
10:24:09,Mostly Cloudy,7,2,32
10:26:09,Mostly Cloudy,7,2,32
10:28:08,Mostly Cloudy,7,2,32
10:30:08,Mostly Cloudy,7,2,32
10:32:09,Mostly Cloudy,7,2,32
10:34:08,Mostly Cloudy,7,2,32
10:36:09,Mostly Cloudy,7,2,32
10:38:08,Mostly Cloudy,7,2,32
10:40:09,Mostly Cloudy,7,2,32
10:42:08,Mostly Cloudy,7,2,32
10:44:09,Mostly Cloudy,7,2,32
10:46:09,Mostly Cloudy,7,2,32
10:48:08,Mostly Cloudy,7,2,32
10:50:09,Mostly Cloudy,7,5,16
10:52:09,Mostly Cloudy,7,5,16
10:54:09,Mostly Cloudy,7,5,16
10:56:08,Mostly Cloudy,7,5,16
10:58:09,Mostly Cloudy,7,5,16
11:00:09,Mostly Cloudy,7,5,16
11:02:08,Mostly Cloudy,7,5,16
11:04:09,Mostly Cloudy,7,5,16
11:06:09,Mostly Cloudy,7,5,16
11:08:08,Mostly Cloudy,7,5,16
11:10:09,Mostly Cloudy,7,5,16
11:12:09,Mostly Cloudy,7,5,16
11:14:08,Mostly Cloudy,7,5,20
11:16:09,Mostly Cloudy,7,5,20
11:18:09,Mostly Cloudy,7,5,20
11:20:08,Mostly Cloudy,7,5,20
11:22:09,Mostly Cloudy,7,5,20
11:24:09,Mostly Cloudy,7,5,20
11:26:08,Mostly Cloudy,7,5,20
11:28:09,Mostly Cloudy,7,5,20
11:30:08,Mostly Cloudy,7,5,20
11:32:09,Mostly Cloudy,7,5,20
11:34:08,Mostly Cloudy,7,5,20
11:36:09,Mostly Cloudy,7,5,20
11:38:09,Mostly Cloudy,7,5,19
11:40:09,Mostly Cloudy,7,5,19
11:42:08,Mostly Cloudy,7,5,19
11:44:08,Mostly Cloudy,7,5,19
11:46:09,Mostly Cloudy,7,5,19
11:48:08,Mostly Cloudy,7,5,19
11:50:09,Mostly Cloudy,7,5,19
11:52:08,Mostly Cloudy,7,5,19
11:54:09,Mostly Cloudy,7,5,19
11:56:09,Mostly Cloudy,7,5,19
11:58:09,Mostly Cloudy,7,5,19
12:00:08,Mostly Cloudy,7,5,19
12:02:09,Mostly Cloudy,7,5,19
12:04:08,Mostly Cloudy,7,5,19
12:06:09,Mostly Cloudy,7,5,19
12:08:09,Mostly Cloudy,7,5,19
12:10:08,Mostly Cloudy,7,5,19
12:12:09,Mostly Cloudy,7,5,19
12:14:09,Mostly Cloudy,7,3,27
12:16:09,Mostly Cloudy,7,3,27
12:18:09,Mostly Cloudy,7,3,27
12:20:08,Mostly Cloudy,7,3,27
12:22:09,Mostly Cloudy,7,3,27
12:24:09,Mostly Cloudy,7,3,27
12:26:08,Mostly Cloudy,7,3,27
12:28:08,Mostly Cloudy,7,3,27
12:30:09,Mostly Cloudy,7,3,27
12:32:09,Mostly Cloudy,7,3,27
12:34:09,Mostly Cloudy,7,3,27
12:36:09,Mostly Cloudy,7,3,27
12:38:09,Mostly Cloudy,7,3,27
12:40:08,Mostly Cloudy,7,3,27
12:42:09,Mostly Cloudy,7,3,27
12:44:09,Mostly Cloudy,7,3,24
12:46:09,Mostly Cloudy,7,3,24
12:48:08,Mostly Cloudy,7,3,24
12:50:09,Mostly Cloudy,7,3,24
12:52:08,Mostly Cloudy,7,3,24
12:54:09,Mostly Cloudy,7,3,24
12:56:09,Mostly Cloudy,7,3,24
12:58:08,Mostly Cloudy,7,3,24
13:00:09,Mostly Cloudy,7,3,24
13:02:09,Mostly Cloudy,7,3,24
13:04:09,Mostly Cloudy,7,3,24
13:06:09,Mostly Cloudy,7,3,24
13:08:08,Mostly Cloudy,7,3,24
13:10:09,Mostly Cloudy,7,3,24
13:12:09,Mostly Cloudy,7,3,24
13:14:08,Mostly Cloudy,7,3,24
13:16:08,Mostly Cloudy,7,3,24
13:18:09,Mostly Cloudy,7,3,24
13:20:08,Mostly Cloudy,7,6,11
13:22:09,Mostly Cloudy,7,6,11
13:24:09,Mostly Cloudy,7,6,11
13:26:08,Mostly Cloudy,7,6,11
13:28:09,Mostly Cloudy,7,6,11
13:30:08,Mostly Cloudy,7,6,11
13:32:09,Mostly Cloudy,7,6,11
13:34:09,Mostly Cloudy,7,6,11
13:36:08,Mostly Cloudy,7,6,11
13:38:09,Mostly Cloudy,7,6,11
13:40:09,Mostly Cloudy,7,6,11
13:42:09,Mostly Cloudy,7,6,11
13:44:09,Mostly Cloudy,7,6,11
13:46:08,Mostly Cloudy,7,6,11
13:48:09,Mostly Cloudy,7,6,11
13:50:09,Mostly Cloudy,8,6,16
13:52:08,Mostly Cloudy,8,6,16
13:54:08,Mostly Cloudy,8,6,16
13:56:09,Mostly Cloudy,8,6,16
13:58:08,Mostly Cloudy,8,6,16
14:00:09,Mostly Cloudy,8,6,16
14:02:09,Mostly Cloudy,8,6,16
14:04:08,Mostly Cloudy,8,6,16
14:06:09,Mostly Cloudy,8,6,16
14:08:09,Mostly Cloudy,8,7,11
14:10:09,Mostly Cloudy,8,7,11
14:12:08,Mostly Cloudy,8,7,11
14:14:08,Mostly Cloudy,8,7,11
14:16:09,Mostly Cloudy,8,7,11
14:18:09,Mostly Cloudy,8,7,11
14:20:08,Mostly Cloudy,8,7,11
14:22:09,Mostly Cloudy,8,7,11
14:24:08,Mostly Cloudy,8,7,11
14:26:09,Mostly Cloudy,8,7,11
14:28:09,Mostly Cloudy,8,7,11
14:30:08,Mostly Cloudy,8,7,11
14:32:09,Mostly Cloudy,8,7,11
14:34:09,Mostly Cloudy,8,7,11
14:36:08,Mostly Cloudy,8,7,11
14:38:09,Mostly Cloudy,8,7,11
14:40:09,Mostly Cloudy,8,7,11
14:42:09,Mostly Cloudy,8,7,11
14:44:08,Light Rain Shower,8,7,9
14:46:09,Light Rain Shower,8,7,9
14:48:09,Light Rain Shower,8,7,9
14:50:09,Light Rain Shower,8,7,9
14:52:09,Light Rain Shower,8,7,9
14:54:09,Light Rain Shower,8,7,9
14:56:09,Light Rain Shower,8,7,9
14:58:08,Light Rain Shower,8,7,9
15:00:09,Light Rain Shower,8,7,9
15:02:09,Light Rain Shower,8,7,9
15:04:08,Light Rain Shower,8,7,9
15:06:09,Light Rain Shower,8,7,9
15:08:09,Light Rain Shower,8,7,9
15:10:08,Light Rain Shower,8,7,9
15:12:08,Light Rain Shower,8,7,9
15:14:09,Mostly Cloudy,8,6,16
15:16:09,Mostly Cloudy,8,6,16
15:18:09,Mostly Cloudy,8,6,16
15:20:09,Mostly Cloudy,8,6,16
15:22:09,Mostly Cloudy,8,6,16
15:24:08,Mostly Cloudy,8,6,16
15:26:09,Mostly Cloudy,8,6,16
15:28:08,Mostly Cloudy,8,6,16
15:30:09,Mostly Cloudy,8,6,16
15:32:09,Mostly Cloudy,8,6,16
15:34:09,Mostly Cloudy,8,6,16
15:36:09,Mostly Cloudy,8,6,16
15:38:08,Mostly Cloudy,7,6,9
15:40:09,Mostly Cloudy,7,6,9
15:42:08,Mostly Cloudy,7,6,9
15:44:09,Mostly Cloudy,7,6,9
15:46:08,Mostly Cloudy,7,6,9
15:48:08,Mostly Cloudy,7,6,9
15:50:09,Mostly Cloudy,7,6,9
15:52:08,Mostly Cloudy,7,6,9
15:54:09,Mostly Cloudy,7,6,9
15:56:09,Mostly Cloudy,7,6,9
15:58:08,Mostly Cloudy,7,6,9
16:00:09,Mostly Cloudy,7,6,9
16:02:09,Mostly Cloudy,7,6,9
16:04:08,Mostly Cloudy,7,6,9
16:06:08,Mostly Cloudy,7,6,9
16:08:09,Mostly Cloudy,7,5,12
16:10:08,Mostly Cloudy,7,5,12
16:12:09,Mostly Cloudy,7,5,12
16:14:09,Mostly Cloudy,7,5,12
16:16:08,Mostly Cloudy,7,5,12
16:18:09,Mostly Cloudy,7,5,12
16:20:08,Mostly Cloudy,7,5,12
16:22:09,Mostly Cloudy,7,5,12
16:24:08,Mostly Cloudy,7,5,12
16:26:09,Mostly Cloudy,7,5,12
16:28:08,Mostly Cloudy,7,5,12
16:30:09,Mostly Cloudy,7,5,12
16:32:08,Mostly Cloudy,7,5,12
16:34:09,Mostly Cloudy,7,5,12
16:36:09,Mostly Cloudy,7,5,12
16:38:09,Mostly Cloudy,7,5,12
16:40:08,Mostly Cloudy,7,5,12
16:42:09,Mostly Cloudy,7,5,12
16:44:09,Mostly Cloudy,7,5,12
16:46:09,Mostly Cloudy,7,5,12
16:48:09,Mostly Cloudy,7,5,12
16:50:08,Mostly Cloudy,7,5,12
16:52:08,Mostly Cloudy,7,5,12
16:54:09,Mostly Cloudy,7,5,12
16:56:09,Mostly Cloudy,7,5,12
16:58:08,Mostly Cloudy,7,5,12
17:00:09,Mostly Cloudy,7,5,12
17:02:08,Mostly Cloudy,7,5,12
17:04:08,Mostly Cloudy,7,5,12
17:06:09,Mostly Cloudy,7,5,12
17:08:09,Mostly Cloudy,7,5,12
17:10:08,Mostly Cloudy,7,5,12
17:12:08,Mostly Cloudy,7,5,12
17:14:09,Mostly Cloudy,7,5,12
17:16:09,Mostly Cloudy,7,5,12
17:18:09,Mostly Cloudy,7,5,12
17:20:09,Mostly Cloudy,7,5,9
17:22:08,Mostly Cloudy,7,5,9
17:24:08,Mostly Cloudy,7,5,9
17:26:09,Mostly Cloudy,7,5,9
17:28:08,Mostly Cloudy,7,5,9
17:30:09,Mostly Cloudy,7,5,9
17:32:08,Mostly Cloudy,7,5,9
17:34:08,Mostly Cloudy,7,5,9
17:36:09,Mostly Cloudy,7,5,9
17:38:08,Mostly Cloudy,7,5,9
17:40:09,Mostly Cloudy,7,5,9
17:42:09,Mostly Cloudy,7,5,9
17:44:08,Mostly Cloudy,7,5,9
17:46:08,Mostly Cloudy,7,5,9
17:48:09,Mostly Cloudy,7,5,9
17:50:08,Mostly Cloudy,7,5,9
17:52:09,Mostly Cloudy,7,5,9
17:54:08,Mostly Cloudy,7,5,9
17:56:09,Mostly Cloudy,7,5,9
17:58:09,Mostly Cloudy,7,5,9
18:00:09,Mostly Cloudy,7,5,9
18:02:09,Mostly Cloudy,7,5,9
18:04:09,Mostly Cloudy,7,5,9
18:06:08,Mostly Cloudy,7,5,9
18:08:09,Mostly Cloudy,7,5,9
18:10:09,Mostly Cloudy,7,5,9
18:12:09,Mostly Cloudy,7,5,9
18:14:09,Mostly Cloudy,7,5,9
18:16:08,Mostly Cloudy,6,3,9
18:18:09,Mostly Cloudy,6,3,9
18:20:09,Mostly Cloudy,6,3,9
18:22:08,Mostly Cloudy,6,3,9
18:24:09,Mostly Cloudy,6,3,9
18:26:09,Mostly Cloudy,6,3,9
18:28:09,Mostly Cloudy,6,3,9
18:30:09,Mostly Cloudy,6,3,9
18:32:08,Mostly Cloudy,6,3,9
18:34:08,Mostly Cloudy,6,3,9
18:36:09,Mostly Cloudy,6,3,9
18:38:09,Mostly Cloudy,6,3,9
18:40:09,Mostly Cloudy,6,3,9
18:42:08,Mostly Cloudy,6,3,9
18:44:09,Mostly Cloudy,6,3,9
18:46:09,Mostly Cloudy,6,3,9
18:48:09,Mostly Cloudy,6,3,9
18:50:08,Mostly Cloudy,6,3,9
18:52:09,Mostly Cloudy,6,3,9
18:54:08,Mostly Cloudy,6,3,9
18:56:09,Mostly Cloudy,6,3,9
18:58:09,Mostly Cloudy,6,3,9
19:00:08,Mostly Cloudy,6,3,9
19:02:09,Mostly Cloudy,6,3,9
19:04:08,Mostly Cloudy,6,3,9
19:06:09,Mostly Cloudy,6,3,9
19:08:09,Mostly Cloudy,6,3,9
19:10:09,Mostly Cloudy,6,3,9
19:12:08,Mostly Cloudy,6,3,9
19:14:09,Mostly Cloudy,6,3,9
19:16:09,Mostly Cloudy,6,3,9
19:18:08,Mostly Cloudy,6,3,9
19:20:09,Mostly Cloudy,6,3,9
19:22:08,Mostly Cloudy,6,3,9
19:24:09,Mostly Cloudy,6,3,9
19:26:08,Mostly Cloudy,6,3,9
19:28:09,Mostly Cloudy,6,3,9
19:30:09,Mostly Cloudy,6,3,9
19:32:09,Mostly Cloudy,6,3,9
19:34:09,Mostly Cloudy,6,3,9
19:36:08,Mostly Cloudy,6,3,9
19:38:09,Mostly Cloudy,6,3,9
19:40:09,Mostly Cloudy,6,3,9
19:42:09,Mostly Cloudy,6,3,9
19:44:09,Mostly Cloudy,6,3,9
19:46:09,Mostly Cloudy,6,3,9
19:48:08,Mostly Cloudy,6,3,9
19:50:09,Mostly Cloudy,6,3,9
19:52:09,Mostly Cloudy,6,3,9
19:54:09,Mostly Cloudy,6,3,9
19:56:09,Mostly Cloudy,6,3,9
19:58:09,Mostly Cloudy,6,3,9
20:00:09,Mostly Cloudy,6,3,9
20:02:08,Mostly Cloudy,6,3,9
20:04:09,Mostly Cloudy,6,3,9
20:06:09,Mostly Cloudy,6,3,9
20:08:08,Mostly Cloudy,6,3,9
20:10:09,Mostly Cloudy,6,3,11
20:12:08,Mostly Cloudy,6,3,11
20:14:09,Mostly Cloudy,6,3,11
20:16:09,Mostly Cloudy,6,3,11
20:18:09,Mostly Cloudy,6,3,11
20:20:09,Mostly Cloudy,6,3,11
20:22:09,Mostly Cloudy,6,3,11
20:24:09,Mostly Cloudy,6,3,11
20:26:08,Mostly Cloudy,6,3,11
20:28:09,Mostly Cloudy,6,3,11
20:30:09,Mostly Cloudy,6,3,11
20:32:08,Mostly Cloudy,6,3,11
20:34:09,Mostly Cloudy,6,3,11
20:36:08,Mostly Cloudy,6,3,11
20:38:09,Mostly Cloudy,6,3,11
20:40:09,Mostly Cloudy,6,3,11
20:42:09,Mostly Cloudy,6,3,11
20:44:09,Mostly Cloudy,6,3,11
20:46:08,Mostly Cloudy,6,3,11
20:48:09,Mostly Cloudy,6,3,11
20:50:09,Mostly Cloudy,6,3,11
20:52:08,Mostly Cloudy,6,3,11
20:54:09,Mostly Cloudy,6,3,11
20:56:09,Mostly Cloudy,6,3,11
20:58:08,Mostly Cloudy,6,3,11
21:00:09,Mostly Cloudy,6,3,11
21:02:09,Mostly Cloudy,6,3,11
21:04:09,Mostly Cloudy,6,3,11
21:06:09,Mostly Cloudy,6,3,11
21:08:08,Mostly Cloudy,6,3,11
21:10:09,Mostly Cloudy,6,3,11
21:12:08,Mostly Cloudy,6,3,11
21:14:08,Mostly Cloudy,6,3,11
21:16:09,Mostly Cloudy,6,3,9
21:18:08,Mostly Cloudy,6,3,9
21:20:09,Mostly Cloudy,6,3,9
21:22:09,Mostly Cloudy,6,3,9
21:24:09,Mostly Cloudy,6,3,9
21:26:08,Mostly Cloudy,6,3,9
21:28:09,Mostly Cloudy,6,3,9
21:30:08,Mostly Cloudy,6,3,9
21:32:08,Mostly Cloudy,6,3,9
21:34:08,Mostly Cloudy,6,3,9
21:36:09,Mostly Cloudy,6,3,9
21:38:09,Mostly Cloudy,6,3,9
21:40:08,Mostly Cloudy,6,3,9
21:42:09,Mostly Cloudy,6,3,9
21:44:09,Mostly Cloudy,6,3,9
21:46:08,Mostly Cloudy,6,3,9
21:48:09,Mostly Cloudy,6,3,9
21:50:08,Mostly Cloudy,6,3,9
21:52:09,Mostly Cloudy,6,3,9
21:54:09,Mostly Cloudy,6,3,9
21:56:08,Mostly Cloudy,6,3,9
21:58:09,Mostly Cloudy,6,3,9
22:00:09,Mostly Cloudy,6,3,9
22:02:08,Mostly Cloudy,6,3,9
22:04:09,Mostly Cloudy,6,3,9
22:06:09,Mostly Cloudy,6,3,9
22:08:08,Mostly Cloudy,6,3,9
22:10:09,Light Rain,6,6,3
22:12:08,Light Rain,6,6,3
22:14:08,Light Rain,6,6,3
22:16:08,Light Rain,6,6,3
22:18:09,Light Rain,6,6,3
22:20:08,Light Rain,6,6,3
22:22:09,Light Rain,6,6,3
22:24:09,Light Rain,6,6,3
22:26:08,Light Rain,6,6,3
22:28:09,Light Rain,6,6,3
22:30:08,Light Rain,6,6,3
22:32:08,Light Rain,6,6,3
22:34:09,Light Rain,6,6,3
22:36:08,Light Rain,6,6,3
22:38:09,Light Rain,6,6,3
22:40:08,Light Rain,6,6,3
22:42:09,Light Rain,6,6,3
22:44:08,Light Rain,6,6,3
22:46:09,Light Rain,6,6,3
22:48:08,Light Rain,6,6,3
22:50:09,Light Rain,6,6,3
22:52:09,Light Rain,6,6,3
22:54:09,Light Rain,6,6,3
22:56:09,Light Rain,6,6,3
22:58:09,Light Rain,6,6,3
23:00:08,Light Rain,6,6,3
23:02:09,Light Rain,6,6,3
23:04:09,Light Rain,6,6,3
23:06:09,Light Rain,6,6,3
23:08:09,Light Rain,6,6,3
23:10:08,Mostly Cloudy,6,3,9
23:12:09,Mostly Cloudy,6,3,9
23:14:09,Mostly Cloudy,6,3,9
23:16:09,Mostly Cloudy,6,3,9
23:18:09,Mostly Cloudy,6,3,9
23:20:08,Mostly Cloudy,6,3,9
23:22:09,Mostly Cloudy,6,3,9
23:24:08,Mostly Cloudy,6,3,9
23:26:09,Mostly Cloudy,6,3,9
23:28:09,Mostly Cloudy,6,3,9
23:30:08,Mostly Cloudy,6,3,9
23:32:09,Mostly Cloudy,6,3,9
23:34:08,Mostly Cloudy,6,3,9
23:36:09,Mostly Cloudy,6,3,9
23:38:09,Mostly Cloudy,6,3,9
23:40:08,Mostly Cloudy,6,3,9
23:42:09,Mostly Cloudy,6,3,9
23:44:09,Mostly Cloudy,6,3,9
23:46:09,Mostly Cloudy,6,3,9
23:48:09,Mostly Cloudy,6,3,9
23:50:09,Mostly Cloudy,6,3,9
23:52:08,Mostly Cloudy,6,3,9
23:54:09,Mostly Cloudy,6,3,9
23:56:08,Mostly Cloudy,6,3,9
23:58:09,Mostly Cloudy,6,3,9
