Time,Weather,Temperature,Feels_Like,Wind_Speed
00:00:09,Fair,1,1,4
00:02:09,Fair,1,1,4
00:04:08,Fair,1,1,4
00:06:09,Fair,1,1,4
00:08:09,Fair,1,1,4
00:10:08,Fair,-1,-4,9
00:12:08,Fair,-1,-4,9
00:14:09,Fair,-1,-4,9
00:16:09,Fair,-1,-4,9
00:18:08,Fair,-1,-4,9
00:20:09,Fair,-1,-4,9
00:22:09,Fair,-1,-4,9
00:24:09,Fair,-1,-4,9
00:26:08,Fair,-1,-4,9
00:28:08,Fair,-1,-4,9
00:30:09,Fair,-1,-4,9
00:32:09,Fair,-1,-4,9
00:34:08,Fair,-1,-4,9
00:36:08,Fair,-1,-4,9
00:38:09,Fair,-1,-4,9
00:40:09,Fair,-1,-4,9
00:42:09,Fair,-1,-4,9
00:44:08,Fair,-1,-4,9
00:46:09,Fair,-1,-4,9
00:48:09,Fair,-1,-4,9
00:50:09,Fair,-1,-4,9
00:52:08,Fair,-1,-4,9
00:54:08,Fair,-1,-4,9
00:56:09,Fair,-1,-4,9
00:58:09,Fair,-1,-4,9
01:00:17,Fair,-1,-4,9
01:02:09,Fair,-1,-4,9
01:04:08,Fair,-1,-4,9
01:06:09,Fair,-1,-4,9
01:08:09,Fair,-1,-4,9
01:10:09,Fair,-1,-4,9
01:12:08,Fair,-1,-4,9
01:14:09,Fair,-1,-4,9
01:16:09,Fair,0,-3,11
01:18:09,Fair,0,-3,11
01:20:08,Fair,0,-3,11
01:22:08,Fair,0,-3,11
01:24:09,Fair,0,-3,11
01:26:09,Fair,0,-3,11
01:28:09,Fair,0,-3,11
01:30:09,Fair,0,-3,11
01:32:09,Fair,0,-3,11
01:34:08,Fair,0,-3,11
01:36:09,Fair,0,-3,11
01:38:09,Fair,0,-3,11
01:40:08,Fair,0,-3,11
01:42:08,Fair,0,-3,11
01:44:09,Fair,0,-3,11
01:46:09,Fair,0,-3,11
01:48:09,Fair,0,-3,11
01:50:09,Fair,0,-3,11
01:52:08,Fair,0,-3,11
01:54:09,Fair,0,-3,11
01:56:09,Fair,0,-3,11
01:58:09,Fair,0,-3,11
02:00:08,Fair,0,-3,11
02:02:09,Fair,0,-3,11
02:04:09,Fair,0,-3,11
02:06:08,Fair,0,-3,11
02:08:09,Fair,0,-3,11
02:10:09,Fair,0,-3,11
02:12:09,Fair,0,-3,11
02:14:08,Fair,0,-3,11
02:16:08,Fair,-1,-5,11
02:18:09,Fair,-1,-5,11
02:20:08,Fair,-1,-5,11
02:22:09,Fair,-1,-5,11
02:24:09,Fair,-1,-5,11
02:26:09,Fair,-1,-5,11
02:28:08,Fair,-1,-5,11
02:30:08,Fair,-1,-5,11
02:32:09,Fair,-1,-5,11
02:34:09,Fair,-1,-5,11
02:36:09,Fair,-1,-5,11
02:38:08,Fair,-1,-5,11
02:40:08,Fair,-1,-5,11
02:42:09,Fair,-1,-5,11
02:44:09,Fair,-1,-5,11
02:46:09,Fair,-1,-5,11
02:48:08,Fair,-1,-5,11
02:50:08,Fair,-1,-5,11
02:52:09,Fair,-1,-5,11
02:54:09,Fair,-1,-5,11
02:56:09,Fair,-1,-5,11
02:58:08,Fair,-1,-5,11
03:00:09,Fair,-1,-5,11
03:02:09,Fair,-1,-5,11
03:04:08,Fair,-1,-5,11
03:06:09,Fair,-1,-5,11
03:08:09,Fair,-1,-5,11
03:10:09,Fair,-1,-5,11
03:12:08,Fair,-1,-5,11
03:14:08,Fair,-1,-5,11
03:16:09,Partly Cloudy,-1,-5,11
03:18:08,Partly Cloudy,-1,-5,11
03:20:09,Partly Cloudy,-1,-5,11
03:22:09,Partly Cloudy,-1,-5,11
03:24:08,Partly Cloudy,-1,-5,11
03:26:09,Partly Cloudy,-1,-5,11
03:28:09,Partly Cloudy,-1,-5,11
03:30:09,Partly Cloudy,-1,-5,11
03:32:08,Partly Cloudy,-1,-5,11
03:34:09,Partly Cloudy,-1,-5,11
03:36:09,Partly Cloudy,-1,-5,11
03:38:09,Partly Cloudy,-1,-5,11
03:40:09,Partly Cloudy,-1,-5,11
03:42:09,Partly Cloudy,-1,-5,11
03:44:08,Partly Cloudy,-1,-5,11
03:46:08,Partly Cloudy,-1,-5,11
03:48:09,Partly Cloudy,-1,-5,11
03:50:09,Partly Cloudy,-1,-5,11
03:52:09,Partly Cloudy,-1,-5,11
03:54:08,Partly Cloudy,-1,-5,11
03:56:09,Partly Cloudy,-1,-5,11
03:58:09,Partly Cloudy,-1,-5,11
04:00:08,Partly Cloudy,-1,-5,11
04:02:08,Partly Cloudy,-1,-5,11
04:04:09,Partly Cloudy,-1,-5,11
04:06:09,Partly Cloudy,-1,-5,11
04:08:08,Partly Cloudy,-1,-5,11
04:10:08,Partly Cloudy,-1,-5,11
04:12:09,Partly Cloudy,-1,-5,11
04:14:09,Partly Cloudy,-1,-5,11
04:16:09,Mostly Cloudy,-1,-5,11
04:18:09,Mostly Cloudy,-1,-5,11
04:20:09,Mostly Cloudy,-1,-5,11
04:22:09,Mostly Cloudy,-1,-5,11
04:24:08,Mostly Cloudy,-1,-5,11
04:26:08,Mostly Cloudy,-1,-5,11
04:28:09,Mostly Cloudy,-1,-5,11
04:30:09,Mostly Cloudy,-1,-5,11
04:32:09,Mostly Cloudy,-1,-5,11
04:34:08,Mostly Cloudy,-1,-5,11
04:36:09,Mostly Cloudy,-1,-5,11
04:38:09,Mostly Cloudy,-1,-5,11
04:40:08,Mostly Cloudy,-1,-5,11
04:42:08,Mostly Cloudy,-1,-5,11
04:44:09,Mostly Cloudy,-1,-5,11
04:46:09,Mostly Cloudy,-1,-5,11
04:48:08,Mostly Cloudy,-1,-5,11
04:50:09,Mostly Cloudy,-1,-5,11
04:52:09,Mostly Cloudy,-1,-5,11
04:54:08,Mostly Cloudy,-1,-5,11
04:56:09,Mostly Cloudy,-1,-5,11
04:58:09,Mostly Cloudy,-1,-5,11
05:00:08,Mostly Cloudy,-1,-5,11
05:02:09,Mostly Cloudy,-1,-5,11
05:04:09,Mostly Cloudy,-1,-5,11
05:06:09,Mostly Cloudy,-1,-5,11
05:08:09,Mostly Cloudy,-1,-5,11
05:10:09,Partly Cloudy,-1,-4,9
05:12:09,Partly Cloudy,-1,-4,9
05:14:09,Partly Cloudy,-1,-4,9
05:16:08,Partly Cloudy,-1,-4,9
05:18:09,Partly Cloudy,-1,-4,9
05:20:09,Partly Cloudy,-1,-4,9
05:22:09,Partly Cloudy,-1,-4,9
05:24:08,Partly Cloudy,-1,-4,9
05:26:09,Partly Cloudy,-1,-4,9
05:28:09,Partly Cloudy,-1,-4,9
05:30:08,Partly Cloudy,-1,-4,9
05:32:09,Partly Cloudy,-1,-4,9
05:34:09,Partly Cloudy,-1,-4,9
05:36:09,Partly Cloudy,-1,-4,9
05:38:09,Partly Cloudy,-1,-4,9
05:40:08,Partly Cloudy,-1,-4,9
05:42:08,Partly Cloudy,-1,-4,9
05:44:09,Partly Cloudy,-1,-4,9
05:46:09,Partly Cloudy,-1,-4,9
05:48:08,Partly Cloudy,-1,-4,9
05:50:09,Partly Cloudy,-1,-4,9
05:52:09,Partly Cloudy,-1,-4,9
05:54:09,Partly Cloudy,-1,-4,9
05:56:09,Partly Cloudy,-1,-4,9
05:58:09,Partly Cloudy,-1,-4,9
06:00:09,Partly Cloudy,-1,-4,9
06:02:09,Partly Cloudy,-1,-4,9
06:04:08,Partly Cloudy,-1,-4,9
06:06:09,Partly Cloudy,-1,-4,9
06:08:09,Partly Cloudy,-1,-4,9
06:10:08,Mostly Cloudy,-1,-3,8
06:12:09,Mostly Cloudy,-1,-3,8
06:14:09,Mostly Cloudy,-1,-3,8
06:16:09,Mostly Cloudy,-1,-3,8
06:18:09,Mostly Cloudy,-1,-3,8
06:20:09,Mostly Cloudy,-1,-3,8
06:22:09,Mostly Cloudy,-1,-3,8
06:24:09,Mostly Cloudy,-1,-3,8
06:26:09,Mostly Cloudy,-1,-3,8
06:28:09,Mostly Cloudy,-1,-3,8
06:30:08,Mostly Cloudy,-1,-3,8
06:32:09,Mostly Cloudy,-1,-3,8
06:34:09,Mostly Cloudy,-1,-3,8
06:36:09,Mostly Cloudy,-1,-3,8
06:38:09,Mostly Cloudy,-1,-3,8
06:40:08,Mostly Cloudy,-1,-3,8
06:42:08,Mostly Cloudy,-1,-3,8
06:44:09,Mostly Cloudy,-1,-3,8
06:46:09,Mostly Cloudy,-1,-3,8
06:48:09,Mostly Cloudy,-1,-3,8
06:50:09,Mostly Cloudy,-1,-3,8
06:52:08,Mostly Cloudy,-1,-3,8
06:54:08,Mostly Cloudy,-1,-3,8
06:56:09,Mostly Cloudy,-1,-3,8
06:58:09,Mostly Cloudy,-1,-3,8
07:00:09,Mostly Cloudy,-1,-3,8
07:02:08,Mostly Cloudy,-1,-3,8
07:04:09,Mostly Cloudy,-1,-3,8
07:06:09,Mostly Cloudy,-1,-3,8
07:08:08,Mostly Cloudy,-1,-3,8
07:10:09,Mostly Cloudy,1,-2,11
07:12:09,Mostly Cloudy,1,-2,11
07:14:09,Mostly Cloudy,1,-2,11
07:16:09,Mostly Cloudy,1,-2,11
07:18:09,Mostly Cloudy,1,-2,11
07:20:09,Mostly Cloudy,1,-2,11
07:22:09,Mostly Cloudy,1,-2,11
07:24:08,Mostly Cloudy,1,-2,11
07:26:09,Mostly Cloudy,1,-2,11
07:28:09,Mostly Cloudy,1,-2,11
07:30:09,Mostly Cloudy,1,-2,11
07:32:08,Mostly Cloudy,1,-2,11
07:34:09,Mostly Cloudy,1,-2,11
07:36:09,Mostly Cloudy,1,-2,11
07:38:08,Mostly Cloudy,1,-2,11
07:40:09,Mostly Cloudy,2,0,9
07:42:09,Mostly Cloudy,2,0,9
07:44:09,Mostly Cloudy,2,0,9
07:46:08,Mostly Cloudy,2,0,9
07:48:09,Mostly Cloudy,2,0,9
07:50:09,Mostly Cloudy,2,0,9
07:52:08,Mostly Cloudy,2,0,9
07:54:09,Mostly Cloudy,2,0,9
07:56:09,Mostly Cloudy,2,0,9
07:58:09,Mostly Cloudy,2,0,9
08:00:09,Mostly Cloudy,2,0,9
08:02:09,Mostly Cloudy,2,0,9
08:04:09,Mostly Cloudy,2,0,9
08:06:08,Mostly Cloudy,2,0,9
08:08:08,Mostly Cloudy,2,0,9
08:10:09,Mostly Cloudy,2,0,9
08:12:09,Mostly Cloudy,2,0,9
08:14:08,Mostly Cloudy,2,0,9
08:16:08,Mostly Cloudy,3,1,11
08:18:09,Mostly Cloudy,3,1,11
08:20:08,Mostly Cloudy,3,1,11
08:22:09,Mostly Cloudy,3,1,11
08:24:08,Mostly Cloudy,3,1,11
08:26:08,Mostly Cloudy,3,1,11
08:28:08,Mostly Cloudy,3,1,11
08:30:09,Mostly Cloudy,3,1,11
08:32:09,Mostly Cloudy,3,1,11
08:34:09,Mostly Cloudy,3,1,11
08:36:08,Mostly Cloudy,3,1,11
08:38:09,Mostly Cloudy,3,1,11
08:40:09,Mostly Cloudy,5,2,9
08:42:08,Mostly Cloudy,5,2,9
08:44:08,Mostly Cloudy,5,2,9
08:46:09,Mostly Cloudy,5,2,9
08:48:09,Mostly Cloudy,5,2,9
08:50:08,Mostly Cloudy,5,2,9
08:52:08,Mostly Cloudy,5,2,9
08:54:09,Mostly Cloudy,5,2,9
08:56:09,Mostly Cloudy,5,2,9
08:58:08,Mostly Cloudy,5,2,9
09:00:09,Mostly Cloudy,5,2,9
09:02:09,Mostly Cloudy,5,2,9
09:04:09,Mostly Cloudy,5,2,9
09:06:08,Mostly Cloudy,5,2,9
09:08:09,Mostly Cloudy,5,2,9
09:10:09,Mostly Cloudy,5,2,9
09:12:08,Mostly Cloudy,5,2,9
09:14:08,Mostly Cloudy,5,2,9
09:16:09,Mostly Cloudy,6,2,14
09:18:08,Mostly Cloudy,6,2,14
09:20:08,Mostly Cloudy,6,2,14
09:22:09,Mostly Cloudy,6,2,14
09:24:09,Mostly Cloudy,6,2,14
09:26:09,Mostly Cloudy,6,2,14
09:28:09,Mostly Cloudy,6,2,14
09:30:09,Mostly Cloudy,6,2,14
09:32:08,Mostly Cloudy,6,2,14
09:34:08,Mostly Cloudy,6,2,14
09:36:09,Mostly Cloudy,6,2,14
09:38:08,Mostly Cloudy,6,2,14
09:40:09,Mostly Cloudy,6,3,12
09:42:09,Mostly Cloudy,6,3,12
09:44:08,Mostly Cloudy,6,3,12
09:46:08,Mostly Cloudy,6,3,12
09:48:09,Mostly Cloudy,6,3,12
09:50:09,Mostly Cloudy,6,3,12
09:52:09,Mostly Cloudy,6,3,12
09:54:08,Mostly Cloudy,6,3,12
09:56:09,Mostly Cloudy,6,3,12
09:58:09,Mostly Cloudy,6,3,12
10:00:08,Mostly Cloudy,6,3,12
10:02:08,Mostly Cloudy,6,3,12
10:04:09,Mostly Cloudy,6,3,12
10:06:09,Mostly Cloudy,6,3,12
10:08:09,Mostly Cloudy,6,3,12
10:10:08,Mostly Cloudy,6,3,12
10:12:08,Mostly Cloudy,6,3,12
10:14:09,Mostly Cloudy,6,3,12
10:16:09,Partly Cloudy,7,3,16
10:18:08,Partly Cloudy,7,3,16
10:20:08,Partly Cloudy,7,3,16
10:22:09,Partly Cloudy,7,3,16
10:24:09,Partly Cloudy,7,3,16
10:26:08,Partly Cloudy,7,3,16
10:28:09,Partly Cloudy,7,3,16
10:30:09,Partly Cloudy,7,3,16
10:32:08,Partly Cloudy,7,3,16
10:34:09,Partly Cloudy,7,3,16
10:36:09,Partly Cloudy,7,3,16
10:38:09,Partly Cloudy,7,3,16
10:40:09,Mostly Cloudy,7,5,12
10:42:09,Mostly Cloudy,7,5,12
10:44:09,Mostly Cloudy,7,5,12
10:46:08,Mostly Cloudy,7,5,12
10:48:09,Mostly Cloudy,7,5,12
10:50:09,Mostly Cloudy,7,5,12
10:52:09,Mostly Cloudy,7,5,12
10:54:08,Mostly Cloudy,7,5,12
10:56:09,Mostly Cloudy,7,5,12
10:58:09,Mostly Cloudy,7,5,12
11:00:08,Mostly Cloudy,7,5,12
11:02:09,Mostly Cloudy,7,5,12
11:04:09,Mostly Cloudy,7,5,12
11:06:08,Mostly Cloudy,7,5,12
11:08:09,Mostly Cloudy,7,5,12
11:10:09,Mostly Cloudy,7,3,19
11:12:08,Mostly Cloudy,7,3,19
11:14:08,Mostly Cloudy,7,3,19
11:16:09,Mostly Cloudy,7,3,19
11:18:08,Mostly Cloudy,7,3,19
11:20:09,Mostly Cloudy,7,3,19
11:22:09,Mostly Cloudy,7,3,19
11:24:09,Mostly Cloudy,7,3,19
11:26:09,Mostly Cloudy,7,3,19
11:28:08,Mostly Cloudy,7,3,19
11:30:09,Mostly Cloudy,7,3,19
11:32:09,Mostly Cloudy,7,3,19
11:34:08,Mostly Cloudy,7,3,19
11:36:09,Mostly Cloudy,7,3,19
11:38:09,Mostly Cloudy,7,3,19
11:40:09,Mostly Cloudy,7,5,20
11:42:08,Mostly Cloudy,7,5,20
11:44:09,Mostly Cloudy,7,5,20
11:46:09,Mostly Cloudy,7,5,20
11:48:08,Mostly Cloudy,7,5,20
11:50:09,Mostly Cloudy,7,5,20
11:52:09,Mostly Cloudy,7,5,20
11:54:09,Mostly Cloudy,7,5,20
11:56:09,Mostly Cloudy,7,5,20
11:58:09,Mostly Cloudy,7,5,20
12:00:08,Mostly Cloudy,7,5,20
12:02:09,Mostly Cloudy,7,5,20
12:04:09,Mostly Cloudy,7,5,20
12:06:09,Mostly Cloudy,7,5,20
12:08:09,Mostly Cloudy,7,5,20
12:10:09,Mostly Cloudy,7,3,19
12:12:08,Mostly Cloudy,7,3,19
12:14:09,Mostly Cloudy,7,3,19
12:16:09,Mostly Cloudy,7,3,19
12:18:09,Mostly Cloudy,7,3,19
12:20:09,Mostly Cloudy,7,3,19
12:22:09,Mostly Cloudy,7,3,19
12:24:08,Mostly Cloudy,7,3,19
12:26:09,Mostly Cloudy,7,3,19
12:28:09,Mostly Cloudy,7,3,19
12:30:09,Mostly Cloudy,7,3,19
12:32:08,Mostly Cloudy,7,3,19
12:34:09,Mostly Cloudy,7,3,19
12:36:09,Mostly Cloudy,7,3,19
12:38:08,Mostly Cloudy,7,3,19
12:40:09,Mostly Cloudy,7,3,19
12:42:08,Mostly Cloudy,7,3,19
12:44:09,Mostly Cloudy,7,6,11
12:46:09,Mostly Cloudy,7,6,11
12:48:08,Mostly Cloudy,7,6,11
12:50:08,Mostly Cloudy,7,6,11
12:52:09,Mostly Cloudy,7,6,11
12:54:09,Mostly Cloudy,7,6,11
12:56:09,Mostly Cloudy,7,6,11
12:58:08,Mostly Cloudy,7,6,11
13:00:09,Mostly Cloudy,7,6,11
13:02:09,Mostly Cloudy,7,6,11
13:04:09,Mostly Cloudy,7,6,11
13:06:08,Mostly Cloudy,7,6,11
13:08:09,Mostly Cloudy,7,6,11
13:10:09,Mostly Cloudy,7,6,11
13:12:09,Mostly Cloudy,7,6,11
13:14:08,Light Rain Shower,7,4,14
13:16:08,Light Rain Shower,7,4,14
13:18:09,Light Rain Shower,7,4,14
13:20:09,Light Rain Shower,7,4,14
13:22:08,Light Rain Shower,7,4,14
13:24:08,Light Rain Shower,7,4,14
13:26:09,Light Rain Shower,7,4,14
13:28:09,Light Rain Shower,7,4,14
13:30:08,Light Rain Shower,7,4,14
13:32:08,Light Rain Shower,7,4,14
13:34:09,Light Rain Shower,7,4,14
13:36:09,Light Rain Shower,7,4,14
13:38:08,Light Rain Shower,7,4,14
13:40:08,Light Rain Shower,7,4,14
13:42:09,Light Rain Shower,7,4,14
13:44:09,Light Rain Shower,7,4,14
13:46:08,Light Rain Shower,7,4,14
13:48:09,Light Rain Shower,7,4,14
13:50:09,Mostly Cloudy,7,4,12
13:52:08,Mostly Cloudy,7,4,12
13:54:08,Mostly Cloudy,7,4,12
13:56:09,Mostly Cloudy,7,4,12
13:58:09,Mostly Cloudy,7,4,12
14:00:08,Mostly Cloudy,7,4,12
14:02:08,Mostly Cloudy,7,4,12
14:04:09,Mostly Cloudy,7,4,12
14:06:09,Mostly Cloudy,7,4,12
14:08:09,Mostly Cloudy,7,4,12
14:10:08,Mostly Cloudy,7,4,12
14:12:09,Mostly Cloudy,7,4,12
14:14:09,Showers in the Vicinity,7,5,19
14:16:09,Showers in the Vicinity,7,5,19
14:18:09,Showers in the Vicinity,7,5,19
14:20:09,Showers in the Vicinity,7,5,19
14:22:09,Showers in the Vicinity,7,5,19
14:24:09,Showers in the Vicinity,7,5,19
14:26:09,Showers in the Vicinity,7,5,19
14:28:09,Showers in the Vicinity,7,5,19
14:30:08,Showers in the Vicinity,7,5,19
14:32:08,Showers in the Vicinity,7,5,19
14:34:09,Showers in the Vicinity,7,5,19
14:36:09,Showers in the Vicinity,7,5,19
14:38:08,Showers in the Vicinity,7,5,19
14:40:09,Showers in the Vicinity,7,5,19
14:42:09,Showers in the Vicinity,7,5,19
14:44:09,Mostly Cloudy,7,5,19
14:46:09,Mostly Cloudy,7,5,19
14:48:08,Mostly Cloudy,7,5,19
14:50:09,Mostly Cloudy,7,5,19
14:52:09,Mostly Cloudy,7,5,19
14:54:09,Mostly Cloudy,7,5,19
14:56:08,Mostly Cloudy,7,5,19
14:58:09,Mostly Cloudy,7,5,19
15:00:09,Mostly Cloudy,7,5,19
15:02:09,Mostly Cloudy,7,5,19
15:04:09,Mostly Cloudy,7,5,19
15:06:09,Mostly Cloudy,7,5,19
15:08:09,Mostly Cloudy,7,5,19
15:10:09,Mostly Cloudy,7,5,19
15:12:09,Mostly Cloudy,7,5,19
15:14:09,Mostly Cloudy,7,5,16
15:16:09,Mostly Cloudy,7,5,16
15:18:09,Mostly Cloudy,7,5,16
15:20:08,Mostly Cloudy,7,5,16
15:22:09,Mostly Cloudy,7,5,16
15:24:09,Mostly Cloudy,7,5,16
15:26:09,Mostly Cloudy,7,5,16
15:28:09,Mostly Cloudy,7,5,16
15:30:09,Mostly Cloudy,7,5,16
15:32:09,Mostly Cloudy,7,5,16
15:34:08,Mostly Cloudy,7,5,16
15:36:09,Mostly Cloudy,7,5,16
15:38:09,Mostly Cloudy,7,5,16
15:40:09,Mostly Cloudy,7,5,16
15:42:08,Mostly Cloudy,7,5,16
15:44:08,Mostly Cloudy,7,5,16
15:46:09,Mostly Cloudy,7,5,16
15:48:09,Mostly Cloudy,7,5,16
15:50:08,Mostly Cloudy,7,5,16
15:52:09,Mostly Cloudy,7,5,16
15:54:09,Mostly Cloudy,7,5,16
15:56:09,Mostly Cloudy,7,5,16
15:58:09,Mostly Cloudy,7,5,16
16:00:09,Mostly Cloudy,7,5,16
16:02:08,Mostly Cloudy,7,5,16
16:04:09,Mostly Cloudy,7,5,16
16:06:08,Mostly Cloudy,7,5,16
16:08:08,Mostly Cloudy,7,5,16
16:10:09,Mostly Cloudy,7,5,16
16:12:09,Mostly Cloudy,7,5,16
16:14:08,Mostly Cloudy,8,7,12
16:16:09,Mostly Cloudy,8,7,12
16:18:09,Mostly Cloudy,8,7,12
16:20:09,Mostly Cloudy,8,7,12
16:22:09,Mostly Cloudy,8,7,12
16:24:09,Mostly Cloudy,8,7,12
16:26:09,Mostly Cloudy,8,7,12
16:28:08,Mostly Cloudy,8,7,12
16:30:08,Mostly Cloudy,8,7,12
16:32:08,Mostly Cloudy,8,7,12
16:34:09,Mostly Cloudy,8,7,12
16:36:09,Mostly Cloudy,8,7,12
16:38:08,Mostly Cloudy,8,7,12
16:40:09,Mostly Cloudy,8,7,12
16:42:09,Mostly Cloudy,8,7,12
16:44:08,Mostly Cloudy,8,7,9
16:46:08,Mostly Cloudy,8,7,9
16:48:09,Mostly Cloudy,8,7,9
16:50:09,Mostly Cloudy,8,7,9
16:52:08,Mostly Cloudy,8,7,9
16:54:09,Mostly Cloudy,8,7,9
16:56:09,Mostly Cloudy,8,7,9
16:58:08,Mostly Cloudy,8,7,9
17:00:09,Mostly Cloudy,8,7,9
17:02:09,Mostly Cloudy,8,7,9
17:04:09,Mostly Cloudy,8,7,9
17:06:09,Mostly Cloudy,8,7,9
17:08:09,Mostly Cloudy,8,7,9
17:10:09,Mostly Cloudy,8,7,9
17:12:09,Partly Cloudy,8,7,12
17:14:09,Partly Cloudy,8,7,12
17:16:09,Partly Cloudy,8,7,12
17:18:09,Partly Cloudy,8,7,12
17:20:08,Partly Cloudy,8,7,12
17:22:08,Partly Cloudy,8,7,12
17:24:08,Partly Cloudy,8,7,12
17:26:09,Partly Cloudy,8,7,12
17:28:09,Partly Cloudy,8,7,12
17:30:09,Partly Cloudy,8,7,12
17:32:08,Partly Cloudy,8,7,12
17:34:09,Partly Cloudy,8,7,12
17:36:09,Partly Cloudy,8,7,12
17:38:09,Partly Cloudy,8,7,12
17:40:08,Partly Cloudy,8,7,12
17:42:09,Partly Cloudy,8,7,12
17:44:08,Partly Cloudy,8,7,12
17:46:08,Partly Cloudy,8,7,12
17:48:09,Partly Cloudy,8,7,12
17:50:09,Partly Cloudy,8,7,12
17:52:08,Partly Cloudy,8,7,12
17:54:09,Partly Cloudy,8,7,12
17:56:09,Partly Cloudy,8,7,12
17:58:09,Partly Cloudy,8,7,12
18:00:08,Partly Cloudy,8,7,12
18:02:09,Partly Cloudy,8,7,12
18:04:09,Partly Cloudy,8,7,12
18:06:08,Partly Cloudy,8,7,12
18:08:09,Partly Cloudy,8,7,12
18:10:09,Partly Cloudy,8,7,12
18:12:09,Partly Cloudy,8,7,12
18:14:08,Partly Cloudy,8,7,12
18:16:08,Partly Cloudy,8,7,12
18:18:09,Partly Cloudy,8,6,16
18:20:08,Partly Cloudy,8,6,16
18:22:08,Partly Cloudy,8,6,16
18:24:08,Partly Cloudy,8,6,16
18:26:09,Partly Cloudy,8,6,16
18:28:08,Partly Cloudy,8,6,16
18:30:08,Partly Cloudy,8,6,16
18:32:09,Partly Cloudy,8,6,16
18:34:09,Partly Cloudy,8,6,16
18:36:09,Partly Cloudy,8,6,16
18:38:08,Partly Cloudy,8,6,16
18:40:08,Partly Cloudy,8,6,16
18:42:09,Partly Cloudy,8,6,16
18:44:09,Partly Cloudy,8,6,16
18:46:08,Partly Cloudy,8,6,16
18:48:09,Partly Cloudy,8,6,16
18:50:09,Partly Cloudy,8,6,16
18:52:08,Partly Cloudy,8,6,16
18:54:09,Partly Cloudy,8,6,16
18:56:09,Partly Cloudy,8,6,16
18:58:08,Partly Cloudy,8,6,16
19:00:08,Partly Cloudy,8,6,16
19:02:09,Partly Cloudy,8,6,16
19:04:09,Partly Cloudy,8,6,16
19:06:08,Partly Cloudy,8,6,16
19:08:09,Partly Cloudy,8,6,16
19:10:09,Partly Cloudy,8,6,16
19:12:09,Mostly Cloudy,7,6,8
19:14:08,Mostly Cloudy,7,6,8
19:16:08,Mostly Cloudy,7,6,8
19:18:09,Mostly Cloudy,7,6,8
19:20:09,Mostly Cloudy,7,6,8
19:22:09,Mostly Cloudy,7,6,8
19:24:09,Mostly Cloudy,7,6,8
19:26:09,Mostly Cloudy,7,6,8
19:28:08,Mostly Cloudy,7,6,8
19:30:08,Mostly Cloudy,7,6,8
19:32:09,Mostly Cloudy,7,6,8
19:34:09,Mostly Cloudy,7,6,8
19:36:09,Mostly Cloudy,7,6,8
19:38:08,Mostly Cloudy,7,6,8
19:40:09,Mostly Cloudy,7,6,8
19:42:09,Mostly Cloudy,7,6,8
19:44:09,Mostly Cloudy,7,6,8
19:46:09,Mostly Cloudy,7,6,8
19:48:09,Mostly Cloudy,7,6,8
19:50:09,Mostly Cloudy,7,6,8
19:52:08,Mostly Cloudy,7,6,8
19:54:09,Mostly Cloudy,7,6,8
19:56:09,Mostly Cloudy,7,6,8
19:58:09,Mostly Cloudy,7,6,8
20:00:08,Mostly Cloudy,7,6,8
20:02:09,Mostly Cloudy,7,6,8
20:04:09,Mostly Cloudy,7,6,8
20:06:09,Mostly Cloudy,7,6,8
20:08:08,Mostly Cloudy,7,6,8
20:10:09,Mostly Cloudy,7,6,8
20:12:09,Mostly Cloudy,6,3,9
20:14:09,Mostly Cloudy,6,3,9
20:16:08,Mostly Cloudy,6,3,9
20:18:09,Mostly Cloudy,6,3,9
20:20:09,Mostly Cloudy,6,3,9
20:22:08,Mostly Cloudy,6,3,9
20:24:09,Mostly Cloudy,6,3,9
20:26:09,Mostly Cloudy,6,3,9
20:28:09,Mostly Cloudy,6,3,9
20:30:08,Mostly Cloudy,6,3,9
20:32:09,Mostly Cloudy,6,3,9
20:34:09,Mostly Cloudy,6,3,9
20:36:09,Mostly Cloudy,6,3,9
20:38:09,Mostly Cloudy,6,3,9
20:40:08,Mostly Cloudy,6,3,9
20:42:08,Mostly Cloudy,6,3,9
20:44:09,Mostly Cloudy,6,3,9
20:46:09,Mostly Cloudy,6,3,9
20:48:08,Mostly Cloudy,6,3,9
20:50:09,Mostly Cloudy,6,3,9
20:52:09,Mostly Cloudy,6,3,9
20:54:08,Mostly Cloudy,6,3,9
20:56:09,Mostly Cloudy,6,3,9
20:58:09,Mostly Cloudy,6,3,9
21:00:09,Mostly Cloudy,6,3,9
21:02:08,Mostly Cloudy,6,3,9
21:04:08,Mostly Cloudy,6,3,9
21:06:09,Mostly Cloudy,6,3,9
21:08:09,Mostly Cloudy,6,3,9
21:10:08,Mostly Cloudy,6,3,9
21:12:09,Mostly Cloudy,6,3,9
21:14:09,Mostly Cloudy,6,3,9
21:16:09,Mostly Cloudy,6,3,9
21:18:09,Mostly Cloudy,7,5,11
21:20:09,Mostly Cloudy,7,5,11
21:22:09,Mostly Cloudy,7,5,11
21:24:09,Mostly Cloudy,7,5,11
21:26:08,Mostly Cloudy,7,5,11
21:28:09,Mostly Cloudy,7,5,11
21:30:09,Mostly Cloudy,7,5,11
21:32:09,Mostly Cloudy,7,5,11
21:34:08,Mostly Cloudy,7,5,11
21:36:08,Mostly Cloudy,7,5,11
21:38:09,Mostly Cloudy,7,5,11
21:40:09,Mostly Cloudy,7,5,11
21:42:09,Mostly Cloudy,7,5,11
21:44:08,Mostly Cloudy,7,5,11
21:46:08,Mostly Cloudy,7,5,11
21:48:09,Mostly Cloudy,7,5,11
21:50:09,Mostly Cloudy,7,5,11
21:52:08,Mostly Cloudy,7,5,11
21:54:09,Mostly Cloudy,7,5,11
21:56:09,Mostly Cloudy,7,5,11
21:58:09,Mostly Cloudy,7,5,11
22:00:08,Mostly Cloudy,7,5,11
22:02:09,Mostly Cloudy,7,5,11
22:04:09,Mostly Cloudy,7,5,11
22:06:09,Mostly Cloudy,7,5,11
22:08:09,Mostly Cloudy,3,1,11
22:10:08,Mostly Cloudy,3,1,11
22:12:09,Mostly Cloudy,3,1,11
22:14:09,Mostly Cloudy,3,1,11
22:16:08,Mostly Cloudy,3,1,11
22:18:08,Mostly Cloudy,3,1,11
22:20:09,Mostly Cloudy,3,1,11
22:22:09,Mostly Cloudy,3,1,11
22:24:09,Mostly Cloudy,3,1,11
22:26:08,Mostly Cloudy,3,1,11
22:28:09,Mostly Cloudy,3,1,11
22:30:08,Mostly Cloudy,3,1,11
22:32:08,Mostly Cloudy,3,1,11
22:34:09,Mostly Cloudy,3,1,11
22:36:08,Mostly Cloudy,3,1,11
22:38:08,Mostly Cloudy,3,1,11
22:40:09,Mostly Cloudy,3,1,11
22:42:09,Mostly Cloudy,3,1,11
22:44:08,Mostly Cloudy,3,1,11
22:46:09,Mostly Cloudy,3,1,11
22:48:09,Mostly Cloudy,3,1,11
22:50:09,Mostly Cloudy,3,1,11
22:52:08,Mostly Cloudy,3,1,11
22:54:09,Mostly Cloudy,3,1,11
22:56:09,Mostly Cloudy,3,1,11
22:58:09,Mostly Cloudy,3,1,11
23:00:08,Mostly Cloudy,3,1,11
23:02:08,Mostly Cloudy,3,1,11
23:04:09,Mostly Cloudy,3,1,11
23:06:09,Mostly Cloudy,3,1,11
23:08:09,Mostly Cloudy,3,1,11
23:10:08,Mostly Cloudy,3,1,11
23:12:09,Mostly Cloudy,3,1,11
23:14:09,Mostly Cloudy,2,0,9
23:16:08,Mostly Cloudy,2,0,9
23:18:09,Mostly Cloudy,2,0,9
23:20:09,Mostly Cloudy,2,0,9
23:22:08,Mostly Cloudy,2,0,9
23:24:08,Mostly Cloudy,2,0,9
23:26:09,Mostly Cloudy,2,0,9
23:28:09,Mostly Cloudy,2,0,9
23:30:09,Mostly Cloudy,2,0,9
23:32:08,Mostly Cloudy,2,0,9
23:34:09,Mostly Cloudy,2,0,9
23:36:09,Mostly Cloudy,2,0,9
23:38:09,Mostly Cloudy,2,0,9
23:40:08,Mostly Cloudy,2,0,9
23:42:09,Mostly Cloudy,2,0,9
23:44:09,Mostly Cloudy,2,0,9
23:46:09,Mostly Cloudy,2,0,9
23:48:09,Mostly Cloudy,2,0,9
23:50:09,Mostly Cloudy,2,0,9
23:52:08,Mostly Cloudy,2,0,9
23:54:08,Mostly Cloudy,2,0,9
23:56:09,Mostly Cloudy,2,0,9
23:58:09,Mostly Cloudy,2,0,9
