Time,Weather,Temperature,Feels_Like,Wind_Speed
00:00:09,Partly Cloudy,3,0,24
00:02:09,Partly Cloudy,3,0,24
00:04:08,Partly Cloudy,3,0,24
00:06:09,Partly Cloudy,3,0,24
00:08:09,Partly Cloudy,3,0,24
00:10:08,Partly Cloudy,3,0,24
00:12:08,Partly Cloudy,3,0,24
00:14:09,Partly Cloudy,3,0,24
00:16:09,Partly Cloudy,3,0,24
00:18:08,Partly Cloudy,3,0,24
00:20:08,Partly Cloudy,3,0,24
00:22:09,Partly Cloudy,3,0,24
00:24:09,Partly Cloudy,3,0,24
00:26:08,Partly Cloudy,3,0,24
00:28:09,Partly Cloudy,3,0,24
00:30:09,Partly Cloudy,3,0,24
00:32:08,Partly Cloudy,3,0,24
00:34:09,Partly Cloudy,3,0,24
00:36:09,Partly Cloudy,3,0,24
00:38:08,Partly Cloudy,3,0,24
00:40:08,Partly Cloudy,3,0,24
00:42:09,Partly Cloudy,3,0,24
00:44:09,Partly Cloudy,3,0,24
00:46:08,Partly Cloudy,3,0,24
00:48:09,Partly Cloudy,3,0,24
00:50:09,Partly Cloudy,3,0,24
00:52:08,Partly Cloudy,3,0,24
00:54:09,Partly Cloudy,3,0,24
00:56:09,Partly Cloudy,3,0,24
00:58:08,Partly Cloudy,3,0,24
01:00:16,Partly Cloudy,3,0,24
01:02:09,Partly Cloudy,3,0,24
01:04:08,Partly Cloudy,3,0,24
01:06:08,Partly Cloudy,3,0,24
01:08:09,Partly Cloudy,3,0,22
01:10:09,Partly Cloudy,3,0,22
01:12:09,Partly Cloudy,3,0,22
01:14:08,Partly Cloudy,3,0,22
01:16:09,Partly Cloudy,3,0,22
01:18:08,Partly Cloudy,3,0,22
01:20:08,Partly Cloudy,3,0,22
01:22:09,Partly Cloudy,3,0,22
01:24:09,Partly Cloudy,3,0,22
01:26:09,Partly Cloudy,3,0,22
01:28:09,Partly Cloudy,3,0,22
01:30:08,Partly Cloudy,3,0,22
01:32:09,Partly Cloudy,3,0,22
01:34:09,Partly Cloudy,3,0,22
01:36:08,Partly Cloudy,3,0,22
01:38:09,Partly Cloudy,3,0,22
01:40:09,Partly Cloudy,3,0,22
01:42:08,Partly Cloudy,3,0,22
01:44:08,Partly Cloudy,3,0,22
01:46:09,Partly Cloudy,3,0,22
01:48:09,Partly Cloudy,3,0,22
01:50:09,Partly Cloudy,3,0,22
01:52:08,Partly Cloudy,3,0,22
01:54:09,Partly Cloudy,3,0,22
01:56:09,Partly Cloudy,3,0,22
01:58:09,Partly Cloudy,3,0,22
02:00:09,Partly Cloudy,3,0,22
02:02:09,Partly Cloudy,3,0,22
02:04:09,Partly Cloudy,3,0,22
02:06:09,Partly Cloudy,3,0,22
02:08:08,Partly Cloudy,3,0,22
02:10:09,Partly Cloudy,3,0,22
02:12:09,Partly Cloudy,3,0,22
02:14:09,Partly Cloudy,2,-1,19
02:16:08,Partly Cloudy,2,-1,19
02:18:09,Partly Cloudy,2,-1,19
02:20:09,Partly Cloudy,2,-1,19
02:22:08,Partly Cloudy,2,-1,19
02:24:08,Partly Cloudy,2,-1,19
02:26:09,Partly Cloudy,2,-1,19
02:28:09,Partly Cloudy,2,-1,19
02:30:09,Partly Cloudy,2,-1,19
02:32:08,Partly Cloudy,2,-1,19
02:34:09,Partly Cloudy,2,-1,19
02:36:09,Partly Cloudy,2,-1,19
02:38:09,Partly Cloudy,2,-1,19
02:40:08,Partly Cloudy,2,-1,19
02:42:08,Partly Cloudy,2,-1,19
02:44:09,Partly Cloudy,2,-1,19
02:46:09,Partly Cloudy,2,-1,19
02:48:09,Partly Cloudy,2,-1,19
02:50:09,Partly Cloudy,2,-1,19
02:52:08,Partly Cloudy,2,-1,19
02:54:09,Partly Cloudy,2,-1,19
02:56:09,Partly Cloudy,2,-1,19
02:58:09,Partly Cloudy,2,-1,19
03:00:09,Partly Cloudy,2,-1,19
03:02:09,Partly Cloudy,2,-1,19
03:04:08,Partly Cloudy,2,-1,19
03:06:08,Partly Cloudy,2,-1,19
03:08:09,Mostly Cloudy,2,-1,20
03:10:09,Mostly Cloudy,2,-1,20
03:12:09,Mostly Cloudy,2,-1,20
03:14:09,Mostly Cloudy,2,-1,20
03:16:09,Mostly Cloudy,2,-1,20
03:18:08,Mostly Cloudy,2,-1,20
03:20:09,Mostly Cloudy,2,-1,20
03:22:09,Mostly Cloudy,2,-1,20
03:24:08,Mostly Cloudy,2,-1,20
03:26:08,Mostly Cloudy,2,-1,20
03:28:09,Mostly Cloudy,2,-1,20
03:30:09,Mostly Cloudy,2,-1,20
03:32:09,Mostly Cloudy,2,-1,20
03:34:09,Mostly Cloudy,2,-1,20
03:36:09,Mostly Cloudy,2,-1,20
03:38:09,Mostly Cloudy,2,-1,20
03:40:09,Mostly Cloudy,2,-1,20
03:42:09,Mostly Cloudy,2,-1,20
03:44:09,Mostly Cloudy,2,-1,20
03:46:08,Mostly Cloudy,2,-1,20
03:48:08,Mostly Cloudy,2,-1,20
03:50:09,Mostly Cloudy,2,-1,20
03:52:09,Mostly Cloudy,2,-1,20
03:54:08,Mostly Cloudy,2,-1,20
03:56:08,Mostly Cloudy,2,-1,20
03:58:09,Mostly Cloudy,2,-1,20
04:00:09,Mostly Cloudy,2,-1,20
04:02:09,Mostly Cloudy,2,-1,20
04:04:08,Mostly Cloudy,2,-1,20
04:06:09,Mostly Cloudy,2,-1,20
04:08:09,Mostly Cloudy,2,-1,20
04:10:09,Mostly Cloudy,2,-1,20
04:12:08,Mostly Cloudy,2,-1,20
04:14:09,Mostly Cloudy,2,-1,20
04:16:09,Mostly Cloudy,2,-1,20
04:18:08,Mostly Cloudy,2,-1,20
04:20:08,Mostly Cloudy,2,-1,19
04:22:09,Mostly Cloudy,2,-1,19
04:24:09,Mostly Cloudy,2,-1,19
04:26:09,Mostly Cloudy,2,-1,19
04:28:08,Mostly Cloudy,2,-1,19
04:30:09,Mostly Cloudy,2,-1,19
04:32:09,Mostly Cloudy,2,-1,19
04:34:09,Mostly Cloudy,2,-1,19
04:36:08,Mostly Cloudy,2,-1,19
04:38:08,Mostly Cloudy,2,-1,19
04:40:09,Mostly Cloudy,2,-1,19
04:42:09,Mostly Cloudy,2,-1,19
04:44:08,Mostly Cloudy,2,-1,19
04:46:09,Mostly Cloudy,2,-1,19
04:48:09,Mostly Cloudy,2,-1,19
04:50:09,Mostly Cloudy,2,-1,19
04:52:08,Mostly Cloudy,2,-1,19
04:54:08,Mostly Cloudy,2,-1,19
04:56:09,Mostly Cloudy,2,-1,19
04:58:09,Mostly Cloudy,2,-1,19
05:00:09,Mostly Cloudy,2,-1,19
05:02:08,Mostly Cloudy,2,-1,19
05:04:09,Mostly Cloudy,2,-1,19
05:06:09,Mostly Cloudy,2,-1,19
05:08:09,Mostly Cloudy,2,-1,19
05:10:08,Mostly Cloudy,2,-1,19
05:12:08,Mostly Cloudy,2,-1,19
05:14:09,Mostly Cloudy,2,-1,20
05:16:09,Mostly Cloudy,2,-1,20
05:18:08,Mostly Cloudy,2,-1,20
05:20:08,Mostly Cloudy,2,-1,20
05:22:09,Mostly Cloudy,2,-1,20
05:24:09,Mostly Cloudy,2,-1,20
05:26:09,Mostly Cloudy,2,-1,20
05:28:09,Mostly Cloudy,2,-1,20
05:30:09,Mostly Cloudy,2,-1,20
05:32:09,Mostly Cloudy,2,-1,20
05:34:09,Mostly Cloudy,2,-1,20
05:36:08,Mostly Cloudy,2,-1,20
05:38:09,Mostly Cloudy,2,-1,20
05:40:09,Mostly Cloudy,2,-1,20
05:42:08,Mostly Cloudy,2,-1,20
05:44:08,Mostly Cloudy,2,-1,20
05:46:09,Mostly Cloudy,2,-1,20
05:48:09,Mostly Cloudy,2,-1,20
05:50:09,Mostly Cloudy,2,-1,20
05:52:08,Mostly Cloudy,2,-1,20
05:54:08,Mostly Cloudy,2,-1,20
05:56:09,Mostly Cloudy,2,-1,20
05:58:09,Mostly Cloudy,2,-1,20
06:00:08,Mostly Cloudy,2,-1,20
06:02:09,Mostly Cloudy,2,-1,20
06:04:09,Mostly Cloudy,2,-1,20
06:06:09,Mostly Cloudy,2,-1,20
06:08:09,Mostly Cloudy,2,-1,20
06:10:09,Mostly Cloudy,2,-1,20
06:12:09,Mostly Cloudy,2,-1,20
06:14:08,Mostly Cloudy,2,-2,20
06:16:09,Mostly Cloudy,2,-2,20
06:18:09,Mostly Cloudy,2,-2,20
06:20:09,Mostly Cloudy,2,-2,20
06:22:09,Mostly Cloudy,2,-2,20
06:24:09,Mostly Cloudy,2,-2,20
06:26:09,Mostly Cloudy,2,-2,20
06:28:09,Mostly Cloudy,2,-2,20
06:30:09,Mostly Cloudy,2,-2,20
06:32:09,Mostly Cloudy,2,-2,20
06:34:08,Mostly Cloudy,2,-2,20
06:36:08,Mostly Cloudy,2,-2,20
06:38:09,Mostly Cloudy,2,-2,20
06:40:09,Mostly Cloudy,2,-2,20
06:42:08,Mostly Cloudy,2,-2,20
06:44:09,Mostly Cloudy,2,-2,20
06:46:09,Mostly Cloudy,2,-2,20
06:48:08,Mostly Cloudy,2,-2,20
06:50:09,Mostly Cloudy,2,-2,20
06:52:09,Mostly Cloudy,2,-2,20
06:54:08,Mostly Cloudy,2,-2,20
06:56:08,Mostly Cloudy,2,-2,20
06:58:09,Mostly Cloudy,2,-2,20
07:00:09,Mostly Cloudy,2,-2,20
07:02:09,Mostly Cloudy,2,-2,20
07:04:08,Mostly Cloudy,2,-2,20
07:06:09,Mostly Cloudy,2,-2,20
07:08:09,Mostly Cloudy,2,-2,20
07:10:08,Mostly Cloudy,2,-2,20
07:12:09,Mostly Cloudy,2,-2,20
07:14:09,Mostly Cloudy,2,-2,19
07:16:09,Mostly Cloudy,2,-2,19
07:18:08,Mostly Cloudy,2,-2,19
07:20:09,Mostly Cloudy,2,-2,19
07:22:08,Mostly Cloudy,2,-2,19
07:24:08,Mostly Cloudy,2,-2,19
07:26:09,Mostly Cloudy,2,-2,19
07:28:09,Mostly Cloudy,2,-2,19
07:30:09,Mostly Cloudy,2,-2,19
07:32:08,Mostly Cloudy,2,-2,19
07:34:09,Mostly Cloudy,2,-2,19
07:36:09,Mostly Cloudy,2,-2,19
07:38:09,Mostly Cloudy,2,-2,19
07:40:08,Mostly Cloudy,2,-2,19
07:42:09,Mostly Cloudy,2,-2,19
07:44:09,Mostly Cloudy,2,-2,19
07:46:08,Mostly Cloudy,2,-2,19
07:48:08,Mostly Cloudy,2,-2,19
07:50:09,Mostly Cloudy,2,-2,19
07:52:09,Mostly Cloudy,2,-2,19
07:54:09,Mostly Cloudy,2,-2,19
07:56:08,Mostly Cloudy,2,-2,19
07:58:09,Mostly Cloudy,2,-2,19
08:00:09,Mostly Cloudy,2,-2,19
08:02:09,Mostly Cloudy,2,-2,19
08:04:08,Mostly Cloudy,2,-2,19
08:06:09,Mostly Cloudy,2,-2,19
08:08:09,Mostly Cloudy,2,-2,19
08:10:08,Mostly Cloudy,2,-2,19
08:12:08,Mostly Cloudy,2,-2,19
08:14:09,Mostly Cloudy,2,-1,16
08:16:09,Mostly Cloudy,2,-1,16
08:18:08,Mostly Cloudy,2,-1,16
08:20:09,Mostly Cloudy,2,-1,16
08:22:09,Mostly Cloudy,2,-1,16
08:24:09,Mostly Cloudy,2,-1,16
08:26:08,Mostly Cloudy,2,-1,16
08:28:09,Mostly Cloudy,2,-1,16
08:30:09,Mostly Cloudy,2,-1,16
08:32:09,Mostly Cloudy,2,-1,16
08:34:08,Mostly Cloudy,2,-1,16
08:36:09,Mostly Cloudy,2,-1,16
08:38:09,Mostly Cloudy,2,-1,16
08:40:09,Mostly Cloudy,2,-1,16
08:42:08,Mostly Cloudy,2,-1,16
08:44:08,Partly Cloudy,2,-1,20
08:46:09,Partly Cloudy,2,-1,20
08:48:09,Partly Cloudy,2,-1,20
08:50:09,Partly Cloudy,2,-1,20
08:52:08,Partly Cloudy,2,-1,20
08:54:08,Partly Cloudy,2,-1,20
08:56:09,Partly Cloudy,2,-1,20
08:58:09,Partly Cloudy,2,-1,20
09:00:08,Partly Cloudy,2,-1,20
09:02:09,Partly Cloudy,2,-1,20
09:04:09,Partly Cloudy,2,-1,20
09:06:08,Partly Cloudy,2,-1,20
09:08:08,Partly Cloudy,2,-1,20
09:10:09,Partly Cloudy,2,-1,20
09:12:09,Partly Cloudy,2,-1,20
09:14:08,Fair,2,-1,19
09:16:09,Fair,2,-1,19
09:18:09,Fair,2,-1,19
09:20:08,Fair,2,-1,19
09:22:09,Fair,2,-1,19
09:24:09,Fair,2,-1,19
09:26:09,Fair,2,-1,19
09:28:08,Fair,2,-1,19
09:30:09,Fair,2,-1,19
09:32:09,Fair,2,-1,19
09:34:08,Fair,2,-1,19
09:36:09,Fair,2,-1,19
09:38:09,Fair,2,-1,19
09:40:09,Fair,2,-1,19
09:42:09,Fair,2,-1,19
09:44:09,Fair,5,0,22
09:46:09,Fair,5,0,22
09:48:09,Fair,5,0,22
09:50:09,Fair,5,0,22
09:52:08,Fair,5,0,22
09:54:09,Fair,5,0,22
09:56:09,Fair,5,0,22
09:58:08,Fair,5,0,22
10:00:09,Fair,5,0,22
10:02:09,Fair,5,0,22
10:04:08,Fair,5,0,22
10:06:09,Fair,5,0,22
10:08:09,Fair,5,0,22
10:10:08,Fair,5,0,22
10:12:08,Fair,5,0,22
10:14:09,Fair,5,0,22
10:16:09,Fair,5,0,22
10:18:08,Fair,5,0,22
10:20:09,Fair,6,2,19
10:22:09,Fair,6,2,19
10:24:09,Fair,6,2,19
10:26:08,Fair,6,2,19
10:28:09,Fair,6,2,19
10:30:09,Fair,6,2,19
10:32:09,Fair,6,2,19
10:34:08,Fair,6,2,19
10:36:08,Fair,6,2,19
10:38:09,Fair,6,2,20
10:40:09,Fair,6,2,20
10:42:08,Fair,6,2,20
10:44:09,Fair,6,2,20
10:46:09,Fair,6,2,20
10:48:08,Fair,6,2,20
10:50:09,Fair,6,2,20
10:52:09,Fair,6,2,20
10:54:08,Fair,6,2,20
10:56:09,Fair,6,2,20
10:58:09,Fair,6,2,20
11:00:08,Fair,6,2,20
11:02:09,Fair,6,2,20
11:04:09,Fair,6,2,20
11:06:09,Fair,6,2,20
11:08:08,Fair,6,2,20
11:10:09,Fair,6,2,20
11:12:09,Fair,6,2,20
11:14:09,Partly Cloudy,7,3,19
11:16:09,Partly Cloudy,7,3,19
11:18:08,Partly Cloudy,7,3,19
11:20:09,Partly Cloudy,7,3,19
11:22:09,Partly Cloudy,7,3,19
11:24:08,Partly Cloudy,7,3,19
11:26:09,Partly Cloudy,7,3,19
11:28:09,Partly Cloudy,7,3,19
11:30:09,Partly Cloudy,7,3,19
11:32:08,Partly Cloudy,7,3,19
11:34:08,Partly Cloudy,7,3,19
11:36:09,Partly Cloudy,7,3,19
11:38:09,Partly Cloudy,7,3,19
11:40:09,Partly Cloudy,7,3,19
11:42:08,Partly Cloudy,7,3,19
11:44:08,Partly Cloudy,7,3,19
11:46:09,Partly Cloudy,7,3,19
11:48:09,Partly Cloudy,7,3,19
11:50:09,Partly Cloudy,7,3,20
11:52:09,Partly Cloudy,7,3,20
11:54:09,Partly Cloudy,7,3,20
11:56:09,Partly Cloudy,7,3,20
11:58:08,Partly Cloudy,7,3,20
12:00:09,Partly Cloudy,7,3,20
12:02:09,Partly Cloudy,7,3,20
12:04:08,Partly Cloudy,7,3,20
12:06:08,Partly Cloudy,7,3,20
12:08:09,Partly Cloudy,7,3,20
12:10:09,Partly Cloudy,7,3,20
12:12:09,Partly Cloudy,7,4,22
12:14:09,Partly Cloudy,7,4,22
12:16:08,Partly Cloudy,7,4,22
12:18:09,Partly Cloudy,7,4,22
12:20:09,Partly Cloudy,7,4,22
12:22:08,Partly Cloudy,7,4,22
12:24:09,Partly Cloudy,7,4,22
12:26:09,Partly Cloudy,7,4,22
12:28:08,Partly Cloudy,7,4,22
12:30:09,Partly Cloudy,7,4,22
12:32:09,Partly Cloudy,7,4,22
12:34:09,Partly Cloudy,7,4,22
12:36:09,Partly Cloudy,7,4,22
12:38:09,Partly Cloudy,7,4,22
12:40:09,Partly Cloudy,7,4,22
12:42:08,Partly Cloudy,7,4,22
12:44:09,Partly Cloudy,7,4,22
12:46:09,Mostly Cloudy,7,4,24
12:48:08,Mostly Cloudy,7,4,24
12:50:09,Mostly Cloudy,7,4,24
12:52:09,Mostly Cloudy,7,4,24
12:54:09,Mostly Cloudy,7,4,24
12:56:08,Mostly Cloudy,7,4,24
12:58:08,Mostly Cloudy,7,4,24
13:00:09,Mostly Cloudy,7,4,24
13:02:09,Mostly Cloudy,7,4,24
13:04:08,Mostly Cloudy,7,4,24
13:06:09,Mostly Cloudy,7,4,24
13:08:09,Mostly Cloudy,7,4,24
13:10:09,Mostly Cloudy,7,4,24
13:12:09,Mostly Cloudy,7,4,24
13:14:08,Mostly Cloudy,7,4,24
13:16:08,Mostly Cloudy,7,4,22
13:18:09,Mostly Cloudy,7,4,22
13:20:08,Mostly Cloudy,7,4,22
13:22:09,Mostly Cloudy,7,4,22
13:24:09,Mostly Cloudy,7,4,22
13:26:08,Mostly Cloudy,7,4,22
13:28:09,Mostly Cloudy,7,4,22
13:30:09,Mostly Cloudy,7,4,22
13:32:08,Mostly Cloudy,7,4,22
13:34:09,Mostly Cloudy,7,4,22
13:36:08,Mostly Cloudy,7,4,22
13:38:08,Mostly Cloudy,7,4,22
13:40:09,Mostly Cloudy,7,4,22
13:42:09,Mostly Cloudy,7,4,22
13:44:09,Mostly Cloudy,7,4,22
13:46:09,Mostly Cloudy,7,4,22
13:48:08,Mostly Cloudy,7,4,22
13:50:09,Mostly Cloudy,7,4,22
13:52:09,Mostly Cloudy,7,4,22
13:54:09,Mostly Cloudy,7,4,22
13:56:09,Mostly Cloudy,7,4,22
13:58:08,Mostly Cloudy,7,4,22
14:00:09,Mostly Cloudy,7,4,22
14:02:09,Mostly Cloudy,7,4,22
14:04:08,Mostly Cloudy,7,4,22
14:06:08,Mostly Cloudy,7,4,22
14:08:09,Mostly Cloudy,7,4,22
14:10:09,Mostly Cloudy,7,4,22
14:12:09,Mostly Cloudy,7,4,22
14:14:08,Mostly Cloudy,7,4,22
14:16:09,Mostly Cloudy,7,4,22
14:18:09,Mostly Cloudy,7,4,22
14:20:09,Mostly Cloudy,7,4,22
14:22:08,Mostly Cloudy,7,4,22
14:24:08,Mostly Cloudy,7,4,22
14:26:09,Mostly Cloudy,7,4,22
14:28:09,Mostly Cloudy,7,4,22
14:30:09,Mostly Cloudy,7,4,22
14:32:08,Mostly Cloudy,7,4,22
14:34:09,Mostly Cloudy,7,4,22
14:36:08,Mostly Cloudy,7,4,22
14:38:08,Mostly Cloudy,7,4,22
14:40:09,Mostly Cloudy,7,4,22
14:42:09,Mostly Cloudy,7,4,22
14:44:09,Mostly Cloudy,7,4,22
14:46:08,Mostly Cloudy,7,4,22
14:48:09,Mostly Cloudy,7,4,22
14:50:09,Mostly Cloudy,7,4,22
14:52:09,Mostly Cloudy,7,4,22
14:54:08,Mostly Cloudy,7,4,22
14:56:08,Mostly Cloudy,7,4,22
14:58:09,Mostly Cloudy,7,4,22
15:00:09,Mostly Cloudy,7,4,22
15:02:08,Mostly Cloudy,7,4,22
15:04:09,Mostly Cloudy,7,4,22
15:06:09,Mostly Cloudy,7,4,22
15:08:08,Mostly Cloudy,7,4,22
15:10:09,Mostly Cloudy,7,4,22
15:12:09,Mostly Cloudy,7,4,22
15:14:09,Mostly Cloudy,7,4,22
15:16:09,Mostly Cloudy,7,4,22
15:18:09,Mostly Cloudy,7,4,22
15:20:09,Mostly Cloudy,7,4,22
15:22:08,Mostly Cloudy,7,4,22
15:24:09,Mostly Cloudy,7,4,22
15:26:09,Mostly Cloudy,7,4,22
15:28:08,Mostly Cloudy,7,4,22
15:30:08,Mostly Cloudy,7,4,22
15:32:09,Mostly Cloudy,7,4,22
15:34:09,Mostly Cloudy,7,4,22
15:36:09,Mostly Cloudy,7,4,22
15:38:08,Mostly Cloudy,7,4,22
15:40:08,Mostly Cloudy,7,4,22
15:42:09,Mostly Cloudy,7,4,22
15:44:09,Mostly Cloudy,7,5,19
15:46:09,Mostly Cloudy,7,5,19
15:48:09,Mostly Cloudy,7,5,19
15:50:09,Mostly Cloudy,7,5,19
15:52:08,Mostly Cloudy,7,5,19
15:54:09,Mostly Cloudy,7,5,19
15:56:09,Mostly Cloudy,7,5,19
15:58:08,Mostly Cloudy,7,5,19
16:00:09,Mostly Cloudy,7,5,19
16:02:09,Mostly Cloudy,7,5,19
16:04:09,Mostly Cloudy,7,5,19
16:06:08,Mostly Cloudy,7,5,19
16:08:09,Mostly Cloudy,7,5,19
16:10:09,Mostly Cloudy,7,5,19
16:12:08,Mostly Cloudy,7,5,19
16:14:08,Mostly Cloudy,7,5,19
16:16:09,Mostly Cloudy,7,5,19
16:18:09,Mostly Cloudy,7,5,19
16:20:09,Mostly Cloudy,7,5,19
16:22:08,Mostly Cloudy,7,5,19
16:24:09,Mostly Cloudy,7,5,19
16:26:09,Mostly Cloudy,7,5,19
16:28:08,Mostly Cloudy,7,5,19
16:30:08,Mostly Cloudy,7,5,19
16:32:09,Mostly Cloudy,7,5,19
16:34:09,Mostly Cloudy,7,5,19
16:36:08,Mostly Cloudy,7,5,19
16:38:08,Mostly Cloudy,7,5,19
16:40:09,Mostly Cloudy,7,5,19
16:42:09,Mostly Cloudy,7,5,19
16:44:08,Mostly Cloudy,7,4,14
16:46:09,Mostly Cloudy,7,4,14
16:48:09,Mostly Cloudy,7,4,14
16:50:09,Mostly Cloudy,7,4,14
16:52:08,Mostly Cloudy,7,4,14
16:54:08,Mostly Cloudy,7,4,14
16:56:09,Mostly Cloudy,7,4,14
16:58:08,Mostly Cloudy,7,4,14
17:00:09,Mostly Cloudy,7,4,14
17:02:09,Mostly Cloudy,7,4,14
17:04:08,Mostly Cloudy,7,4,14
17:06:09,Mostly Cloudy,7,4,14
17:08:09,Mostly Cloudy,7,4,14
17:10:08,Mostly Cloudy,7,4,14
17:12:09,Mostly Cloudy,7,4,14
17:14:09,Light Rain,6,4,8
17:16:08,Light Rain,6,4,8
17:18:09,Light Rain,6,4,8
17:20:09,Light Rain,6,4,8
17:22:09,Light Rain,6,4,8
17:24:09,Light Rain,6,4,8
17:26:09,Light Rain,6,4,8
17:28:08,Light Rain,6,4,8
17:30:09,Light Rain,6,4,8
17:32:09,Light Rain,6,4,8
17:34:08,Light Rain,6,4,8
17:36:09,Light Rain,6,4,8
17:38:09,Light Rain,6,4,8
17:40:08,Light Rain,6,4,8
17:42:09,Light Rain,6,4,8
17:44:09,Light Rain,6,4,8
17:46:09,Light Rain,6,4,8
17:48:08,Light Rain,6,4,8
17:50:08,Light Rain,6,4,8
17:52:09,Light Rain,6,4,8
17:54:09,Light Rain,6,4,8
17:56:09,Light Rain,6,4,8
17:58:08,Light Rain,6,4,8
18:00:08,Light Rain,6,4,8
18:02:09,Light Rain,6,4,8
18:04:08,Light Rain,6,4,8
18:06:09,Light Rain,6,4,8
18:08:09,Light Rain,6,4,8
18:10:09,Light Rain,6,4,8
18:12:09,Light Rain,6,4,8
18:14:09,Light Rain,5,0,24
18:16:09,Light Rain,5,0,24
18:18:09,Light Rain,5,0,24
18:20:08,Light Rain,5,0,24
18:22:09,Light Rain,5,0,24
18:24:09,Light Rain,5,0,24
18:26:08,Light Rain,5,0,24
18:28:09,Light Rain,5,0,24
18:30:09,Light Rain,5,0,24
18:32:08,Light Rain,5,0,24
18:34:09,Light Rain,5,0,24
18:36:08,Light Rain,5,0,24
18:38:08,Light Rain,5,0,24
18:40:09,Light Rain,5,0,24
18:42:09,Light Rain,5,0,24
18:44:09,Light Rain,5,0,24
18:46:09,Light Rain,5,0,24
18:48:09,Light Rain,5,0,24
18:50:08,Light Rain,5,0,24
18:52:08,Light Rain,5,0,24
18:54:09,Light Rain,5,0,24
18:56:09,Light Rain,5,0,24
18:58:09,Light Rain,5,0,24
19:00:08,Light Rain,5,0,24
19:02:09,Light Rain,5,0,24
19:04:08,Light Rain,5,0,24
19:06:09,Light Rain,5,0,24
19:08:09,Light Rain,5,0,24
19:10:08,Light Rain,5,0,24
19:12:09,Light Rain,5,0,24
19:14:09,Light Rain,3,-1,27
19:16:09,Light Rain,3,-1,27
19:18:09,Light Rain,3,-1,27
19:20:09,Light Rain,3,-1,27
19:22:09,Light Rain,3,-1,27
19:24:08,Light Rain,3,-1,27
19:32:08,Light Rain,3,-1,27
19:34:09,Light Rain,3,-1,27
19:36:08,Light Rain,3,-1,27
19:38:09,Light Rain,3,-1,27
19:40:08,Light Rain,3,-1,27
19:42:08,Light Rain,3,-1,27
19:44:09,Light Rain,3,-1,27
19:46:08,Light Rain,3,-1,27
19:48:09,Light Rain,3,-1,27
19:50:09,Light Rain,3,-1,27
19:52:09,Light Rain,3,-1,27
19:54:08,Light Rain,3,-1,27
19:56:09,Light Rain,3,-1,27
19:58:09,Light Rain,3,-1,27
20:00:09,Light Rain,3,-1,27
20:02:08,Light Rain,3,-1,27
20:04:09,Light Rain,3,-1,27
20:06:09,Light Rain,3,-1,27
20:08:09,Light Rain,3,-1,27
20:10:09,Light Rain,3,-1,27
20:12:08,Light Rain,3,-1,27
20:14:09,Light Rain / Windy,3,-2,38
20:16:09,Light Rain / Windy,3,-2,38
20:18:08,Light Rain / Windy,3,-2,38
20:20:09,Light Rain / Windy,3,-2,38
20:22:09,Light Rain / Windy,3,-2,38
20:24:09,Light Rain / Windy,3,-2,38
20:26:08,Light Rain / Windy,3,-2,38
20:28:09,Light Rain / Windy,3,-2,38
20:30:09,Light Rain / Windy,3,-2,38
20:32:08,Light Rain / Windy,3,-2,38
20:34:09,Light Rain / Windy,3,-2,38
20:36:09,Light Rain / Windy,3,-2,38
20:38:09,Light Rain / Windy,3,-2,38
20:40:08,Light Rain / Windy,3,-2,38
20:42:09,Light Rain / Windy,3,-2,38
20:44:09,Light Rain / Windy,3,-2,38
20:46:09,Light Rain / Windy,3,-2,38
20:48:08,Light Rain / Windy,3,-2,38
20:50:09,Light Rain / Windy,3,-2,38
20:52:09,Light Rain / Windy,3,-2,38
20:54:08,Light Rain / Windy,3,-2,38
20:56:08,Light Rain / Windy,3,-2,38
20:58:08,Light Rain / Windy,3,-2,38
21:00:09,Light Rain / Windy,3,-2,38
21:02:09,Light Rain / Windy,3,-2,38
21:04:08,Light Rain / Windy,3,-2,38
21:06:09,Light Rain / Windy,3,-2,38
21:08:09,Light Rain / Windy,3,-2,38
21:10:09,Light Rain / Windy,3,-2,38
21:12:08,Light Rain / Windy,3,-2,38
21:14:08,Cloudy,3,-1,28
21:16:09,Cloudy,3,-1,28
21:18:08,Cloudy,3,-1,28
21:20:09,Cloudy,3,-1,28
21:22:09,Cloudy,3,-1,28
21:24:09,Cloudy,3,-1,28
21:26:09,Cloudy,3,-1,28
21:28:09,Cloudy,3,-1,28
21:30:08,Cloudy,3,-1,28
21:32:09,Cloudy,3,-1,28
21:34:09,Cloudy,3,-1,28
21:36:08,Cloudy,3,-1,28
21:38:09,Cloudy,3,-1,28
21:40:09,Cloudy,3,-1,28
21:42:09,Cloudy,3,-1,28
21:44:08,Cloudy,3,-1,28
21:46:09,Cloudy,3,-1,28
21:48:09,Cloudy,3,-1,28
21:50:08,Cloudy,3,-1,28
21:52:08,Cloudy,3,-1,28
21:54:09,Cloudy,3,-1,28
21:56:09,Cloudy,3,-1,28
21:58:08,Cloudy,3,-1,28
22:00:09,Cloudy,3,-1,28
22:02:08,Cloudy,3,-1,28
22:04:08,Cloudy,3,-1,28
22:06:09,Cloudy,3,-1,28
22:08:09,Cloudy,3,-1,28
22:10:08,Cloudy,3,-1,28
22:12:08,Cloudy,3,-1,28
22:14:09,Cloudy,3,-1,28
22:16:09,Cloudy,3,-1,28
22:18:09,Mostly Cloudy / Windy,3,-2,38
22:20:08,Mostly Cloudy / Windy,3,-2,38
22:22:08,Mostly Cloudy / Windy,3,-2,38
22:24:09,Mostly Cloudy / Windy,3,-2,38
22:26:08,Mostly Cloudy / Windy,3,-2,38
22:28:09,Mostly Cloudy / Windy,3,-2,38
22:30:09,Mostly Cloudy / Windy,3,-2,38
22:32:08,Mostly Cloudy / Windy,3,-2,38
22:34:09,Mostly Cloudy / Windy,3,-2,38
22:36:09,Mostly Cloudy / Windy,3,-2,38
22:38:08,Mostly Cloudy / Windy,3,-2,38
22:40:09,Mostly Cloudy / Windy,3,-2,38
22:42:09,Mostly Cloudy / Windy,3,-2,38
22:44:08,Mostly Cloudy / Windy,3,-2,38
22:46:08,Mostly Cloudy / Windy,3,-2,38
22:48:09,Mostly Cloudy / Windy,3,-2,38
22:50:09,Mostly Cloudy / Windy,3,-2,38
22:52:09,Mostly Cloudy / Windy,3,-2,38
22:54:08,Mostly Cloudy / Windy,3,-2,38
22:56:09,Mostly Cloudy / Windy,3,-2,38
22:58:09,Mostly Cloudy / Windy,3,-2,38
23:00:09,Mostly Cloudy / Windy,3,-2,38
23:02:09,Mostly Cloudy / Windy,3,-2,38
23:04:09,Mostly Cloudy / Windy,3,-2,38
23:06:09,Mostly Cloudy / Windy,3,-2,38
23:08:08,Mostly Cloudy / Windy,3,-2,38
23:10:09,Mostly Cloudy / Windy,3,-2,38
23:12:09,Mostly Cloudy / Windy,3,-2,38
23:14:09,Mostly Cloudy / Windy,3,-2,38
23:16:09,Mostly Cloudy / Windy,3,-2,38
23:18:08,Mostly Cloudy / Windy,3,-2,41
23:20:09,Mostly Cloudy / Windy,3,-2,41
23:22:09,Mostly Cloudy / Windy,3,-2,41
23:24:08,Mostly Cloudy / Windy,3,-2,41
23:26:09,Mostly Cloudy / Windy,3,-2,41
23:28:09,Mostly Cloudy / Windy,3,-2,41
23:30:09,Mostly Cloudy / Windy,3,-2,41
23:32:09,Mostly Cloudy / Windy,3,-2,41
23:34:09,Mostly Cloudy / Windy,3,-2,41
23:36:09,Mostly Cloudy / Windy,3,-2,41
23:38:09,Mostly Cloudy / Windy,3,-2,41
23:40:08,Mostly Cloudy / Windy,3,-2,41
23:42:09,Mostly Cloudy / Windy,3,-2,41
23:44:09,Mostly Cloudy / Windy,3,-2,41
23:46:08,Mostly Cloudy / Windy,3,-2,41
23:48:08,Mostly Cloudy / Windy,3,-2,41
23:50:09,Mostly Cloudy / Windy,3,-2,41
23:52:09,Mostly Cloudy / Windy,3,-2,41
23:54:09,Mostly Cloudy / Windy,3,-2,41
23:56:08,Mostly Cloudy / Windy,3,-2,41
23:58:09,Mostly Cloudy / Windy,3,-2,41
