Time,Weather,Temperature,Feels_Like,Wind_Speed
00:00:09,Light Rain / Windy,7,2,46
00:02:08,Light Rain / Windy,7,2,46
00:04:09,Light Rain / Windy,7,2,46
00:06:09,Light Rain / Windy,7,2,46
00:08:08,Light Rain / Windy,7,2,46
00:10:09,Light Rain / Windy,7,2,46
00:12:09,Light Rain / Windy,7,2,46
00:14:09,Mostly Cloudy / Windy,7,3,38
00:16:08,Mostly Cloudy / Windy,7,3,38
00:18:09,Mostly Cloudy / Windy,7,3,38
00:20:09,Mostly Cloudy / Windy,7,3,38
00:22:08,Mostly Cloudy / Windy,7,3,38
00:24:09,Mostly Cloudy / Windy,7,3,38
00:26:09,Mostly Cloudy / Windy,7,3,38
00:28:09,Mostly Cloudy / Windy,7,3,38
00:30:09,Mostly Cloudy / Windy,7,3,38
00:32:08,Mostly Cloudy / Windy,7,3,38
00:34:09,Mostly Cloudy / Windy,7,3,38
00:36:09,Mostly Cloudy / Windy,7,3,38
00:38:09,Mostly Cloudy / Windy,7,3,38
00:40:08,Mostly Cloudy / Windy,7,3,38
00:42:09,Mostly Cloudy / Windy,7,3,38
00:44:09,Mostly Cloudy / Windy,7,3,38
00:46:09,Mostly Cloudy / Windy,7,3,38
00:48:08,Mostly Cloudy / Windy,7,3,38
00:50:08,Mostly Cloudy / Windy,7,3,38
00:52:09,Mostly Cloudy / Windy,7,3,38
00:54:09,Mostly Cloudy / Windy,7,3,38
00:56:09,Mostly Cloudy / Windy,7,3,38
00:58:08,Mostly Cloudy / Windy,7,3,38
01:00:16,Mostly Cloudy / Windy,7,3,38
01:02:08,Mostly Cloudy / Windy,7,3,38
01:04:09,Mostly Cloudy / Windy,7,3,38
01:06:09,Mostly Cloudy / Windy,7,3,38
01:08:09,Mostly Cloudy / Windy,7,3,38
01:10:09,Mostly Cloudy / Windy,7,3,38
01:12:08,Mostly Cloudy / Windy,7,3,38
01:14:09,Mostly Cloudy / Windy,7,2,46
01:16:09,Mostly Cloudy / Windy,7,2,46
01:18:08,Mostly Cloudy / Windy,7,2,46
01:20:08,Mostly Cloudy / Windy,7,2,46
01:22:09,Mostly Cloudy / Windy,7,2,46
01:24:09,Mostly Cloudy / Windy,7,2,46
01:26:09,Mostly Cloudy / Windy,7,2,46
01:28:08,Mostly Cloudy / Windy,7,2,46
01:30:08,Mostly Cloudy / Windy,7,2,46
01:32:09,Mostly Cloudy / Windy,7,2,46
01:34:09,Mostly Cloudy / Windy,7,2,46
01:36:08,Mostly Cloudy / Windy,7,2,46
01:38:09,Mostly Cloudy / Windy,7,2,46
01:40:09,Mostly Cloudy / Windy,7,2,46
01:42:09,Mostly Cloudy / Windy,7,2,46
01:44:08,Mostly Cloudy / Windy,7,2,46
01:46:09,Mostly Cloudy / Windy,7,2,46
01:48:09,Mostly Cloudy / Windy,7,2,46
01:50:09,Mostly Cloudy / Windy,7,2,46
01:52:08,Mostly Cloudy / Windy,7,2,46
01:54:08,Mostly Cloudy / Windy,7,2,46
01:56:09,Mostly Cloudy / Windy,7,2,46
01:58:09,Mostly Cloudy / Windy,7,2,46
02:00:09,Mostly Cloudy / Windy,7,2,46
02:02:08,Mostly Cloudy / Windy,7,2,46
02:04:09,Mostly Cloudy / Windy,7,2,46
02:06:09,Mostly Cloudy / Windy,7,2,46
02:08:09,Mostly Cloudy / Windy,7,2,46
02:10:08,Mostly Cloudy / Windy,7,2,46
02:12:08,Mostly Cloudy / Windy,7,2,46
02:14:09,Mostly Cloudy / Windy,7,3,45
02:16:09,Mostly Cloudy / Windy,7,3,45
02:18:08,Mostly Cloudy / Windy,7,3,45
02:20:09,Mostly Cloudy / Windy,7,3,45
02:22:09,Mostly Cloudy / Windy,7,3,45
02:24:09,Mostly Cloudy / Windy,7,3,45
02:26:08,Mostly Cloudy / Windy,7,3,45
02:28:09,Mostly Cloudy / Windy,7,3,45
02:30:09,Mostly Cloudy / Windy,7,3,45
02:32:08,Mostly Cloudy / Windy,7,3,45
02:34:09,Mostly Cloudy / Windy,7,3,45
02:36:09,Mostly Cloudy / Windy,7,3,45
02:38:09,Mostly Cloudy / Windy,7,3,45
02:40:08,Mostly Cloudy / Windy,7,3,45
02:42:08,Mostly Cloudy / Windy,7,3,45
02:44:09,Mostly Cloudy / Windy,7,3,45
02:46:09,Mostly Cloudy / Windy,7,3,45
02:48:09,Mostly Cloudy / Windy,7,3,45
02:50:09,Mostly Cloudy / Windy,7,3,45
02:52:08,Mostly Cloudy / Windy,7,3,45
02:54:08,Mostly Cloudy / Windy,7,3,45
02:56:09,Mostly Cloudy / Windy,7,3,45
02:58:09,Mostly Cloudy / Windy,7,3,45
03:00:08,Mostly Cloudy / Windy,7,3,45
03:02:09,Mostly Cloudy / Windy,7,3,45
03:04:09,Mostly Cloudy / Windy,7,3,45
03:06:08,Mostly Cloudy / Windy,7,3,45
03:08:08,Mostly Cloudy / Windy,7,3,45
03:10:09,Mostly Cloudy / Windy,7,3,45
03:12:09,Mostly Cloudy / Windy,7,3,45
03:14:09,Mostly Cloudy / Windy,7,3,37
03:16:08,Mostly Cloudy / Windy,7,3,37
03:18:09,Mostly Cloudy / Windy,7,3,37
03:20:09,Mostly Cloudy / Windy,7,3,37
03:22:09,Mostly Cloudy / Windy,7,3,37
03:24:08,Mostly Cloudy / Windy,7,3,37
03:26:08,Mostly Cloudy / Windy,7,3,37
03:28:09,Mostly Cloudy / Windy,7,3,37
03:30:09,Mostly Cloudy / Windy,7,3,37
03:32:09,Mostly Cloudy / Windy,7,3,37
03:34:09,Mostly Cloudy / Windy,7,3,37
03:36:09,Mostly Cloudy / Windy,7,3,37
03:38:08,Mostly Cloudy / Windy,7,3,37
03:40:09,Mostly Cloudy / Windy,7,3,37
03:42:09,Mostly Cloudy / Windy,7,3,37
03:44:09,Mostly Cloudy / Windy,7,3,37
03:46:08,Mostly Cloudy / Windy,7,3,37
03:48:08,Mostly Cloudy / Windy,7,3,37
03:50:09,Mostly Cloudy / Windy,7,3,37
03:52:09,Mostly Cloudy / Windy,7,3,37
03:54:08,Mostly Cloudy / Windy,7,3,37
03:56:08,Mostly Cloudy / Windy,7,3,37
03:58:09,Mostly Cloudy / Windy,7,3,37
04:00:09,Mostly Cloudy / Windy,7,3,37
04:02:08,Mostly Cloudy / Windy,7,3,37
04:04:09,Mostly Cloudy / Windy,7,3,37
04:06:09,Mostly Cloudy / Windy,7,3,37
04:08:09,Mostly Cloudy / Windy,7,3,37
04:10:08,Mostly Cloudy / Windy,7,3,37
04:12:09,Mostly Cloudy / Windy,7,3,37
04:14:09,Mostly Cloudy / Windy,7,3,38
04:16:09,Mostly Cloudy / Windy,7,3,38
04:18:09,Mostly Cloudy / Windy,7,3,38
04:20:09,Mostly Cloudy / Windy,7,3,38
04:22:09,Mostly Cloudy / Windy,7,3,38
04:24:08,Mostly Cloudy / Windy,7,3,38
04:26:09,Mostly Cloudy / Windy,7,3,38
04:28:09,Mostly Cloudy / Windy,7,3,38
04:30:09,Mostly Cloudy / Windy,7,3,38
04:32:09,Mostly Cloudy / Windy,7,3,38
04:34:08,Mostly Cloudy / Windy,7,3,38
04:36:09,Mostly Cloudy / Windy,7,3,38
04:38:09,Mostly Cloudy / Windy,7,3,38
04:40:09,Mostly Cloudy / Windy,7,3,38
04:42:08,Mostly Cloudy / Windy,7,3,38
04:44:08,Mostly Cloudy / Windy,7,3,38
04:46:09,Mostly Cloudy / Windy,7,3,38
04:48:09,Mostly Cloudy / Windy,7,3,38
04:50:09,Mostly Cloudy / Windy,7,3,38
04:52:09,Mostly Cloudy / Windy,7,3,38
04:54:09,Mostly Cloudy / Windy,7,3,38
04:56:08,Mostly Cloudy / Windy,7,3,38
04:58:09,Mostly Cloudy / Windy,7,3,38
05:00:09,Mostly Cloudy / Windy,7,3,38
05:02:09,Mostly Cloudy / Windy,7,3,38
05:04:08,Mostly Cloudy / Windy,7,3,38
05:06:08,Mostly Cloudy / Windy,7,3,38
05:08:09,Light Rain / Windy,8,4,41
05:10:09,Light Rain / Windy,8,4,41
05:12:08,Light Rain / Windy,8,4,41
05:14:08,Light Rain / Windy,8,4,41
05:16:09,Light Rain / Windy,8,4,41
05:18:09,Light Rain / Windy,8,4,41
05:20:08,Light Rain / Windy,8,4,41
05:22:08,Light Rain / Windy,8,4,41
05:24:09,Light Rain / Windy,8,4,41
05:26:09,Light Rain / Windy,8,4,41
05:28:08,Light Rain / Windy,8,4,41
05:30:08,Light Rain / Windy,8,4,41
05:32:09,Light Rain / Windy,8,4,41
05:34:09,Light Rain / Windy,8,4,41
05:36:09,Light Rain / Windy,8,4,41
05:38:08,Light Rain / Windy,8,4,41
05:40:08,Light Rain / Windy,8,4,41
05:42:09,Light Rain / Windy,8,4,41
05:44:09,Light Rain / Windy,8,4,41
05:46:09,Light Rain / Windy,8,4,41
05:48:08,Light Rain / Windy,8,4,41
05:50:09,Light Rain / Windy,8,4,41
05:52:09,Light Rain / Windy,8,4,41
05:54:09,Light Rain / Windy,8,4,41
05:56:08,Light Rain / Windy,8,4,41
05:58:09,Light Rain / Windy,8,4,41
06:00:09,Light Rain / Windy,8,4,41
06:02:08,Light Rain / Windy,8,4,41
06:04:09,Light Rain / Windy,8,4,41
06:06:09,Light Rain / Windy,8,4,41
06:08:08,Light Rain / Windy,8,4,41
06:10:08,Light Rain / Windy,8,4,41
06:12:09,Light Rain / Windy,8,4,41
06:14:09,Light Rain / Windy,7,3,40
06:16:09,Light Rain / Windy,7,3,40
06:18:08,Light Rain / Windy,7,3,40
06:20:09,Light Rain / Windy,7,3,40
06:22:09,Light Rain / Windy,7,3,40
06:24:08,Light Rain / Windy,7,3,40
06:26:08,Light Rain / Windy,7,3,40
06:28:09,Light Rain / Windy,7,3,40
06:30:09,Light Rain / Windy,7,3,40
06:32:08,Light Rain / Windy,7,3,40
06:34:08,Light Rain / Windy,7,3,40
06:36:09,Light Rain / Windy,7,3,40
06:38:09,Light Rain / Windy,7,3,40
06:40:08,Light Rain / Windy,7,3,40
06:42:08,Light Rain / Windy,7,3,40
06:44:08,Light Rain / Windy,7,3,40
06:46:09,Light Rain / Windy,7,3,40
06:48:09,Light Rain / Windy,7,3,40
06:50:09,Light Rain / Windy,7,3,40
06:52:08,Light Rain / Windy,7,3,40
06:54:09,Light Rain / Windy,7,3,40
06:56:09,Light Rain / Windy,7,3,40
06:58:08,Light Rain / Windy,7,3,40
07:00:09,Light Rain / Windy,7,3,40
07:02:09,Light Rain / Windy,7,3,40
07:04:08,Light Rain / Windy,7,3,40
07:06:09,Light Rain / Windy,7,3,40
07:08:09,Light Rain / Windy,7,3,40
07:10:09,Mostly Cloudy / Windy,8,4,46
07:12:08,Mostly Cloudy / Windy,8,4,46
07:14:09,Mostly Cloudy / Windy,8,4,46
07:16:09,Mostly Cloudy / Windy,8,4,46
07:18:09,Mostly Cloudy / Windy,8,4,46
07:20:09,Mostly Cloudy / Windy,8,4,46
07:22:09,Mostly Cloudy / Windy,8,4,46
07:24:08,Mostly Cloudy / Windy,8,4,46
07:26:09,Mostly Cloudy / Windy,8,4,46
07:28:09,Mostly Cloudy / Windy,8,4,46
07:30:08,Mostly Cloudy / Windy,8,4,46
07:32:08,Mostly Cloudy / Windy,8,4,46
07:34:09,Mostly Cloudy / Windy,8,4,46
07:36:09,Mostly Cloudy / Windy,8,4,46
07:38:08,Mostly Cloudy / Windy,8,4,46
07:40:09,Mostly Cloudy / Windy,8,4,46
07:42:09,Mostly Cloudy / Windy,8,4,46
07:44:08,Mostly Cloudy / Windy,8,4,46
07:46:09,Mostly Cloudy / Windy,8,4,46
07:48:09,Mostly Cloudy / Windy,8,4,46
07:50:08,Mostly Cloudy / Windy,8,4,46
07:52:08,Mostly Cloudy / Windy,8,4,46
07:54:09,Mostly Cloudy / Windy,8,4,46
07:56:09,Mostly Cloudy / Windy,8,4,46
07:58:08,Mostly Cloudy / Windy,8,4,46
08:00:08,Mostly Cloudy / Windy,8,4,46
08:02:09,Mostly Cloudy / Windy,8,4,46
08:04:09,Mostly Cloudy / Windy,8,4,46
08:06:08,Mostly Cloudy / Windy,8,4,46
08:08:09,Mostly Cloudy / Windy,8,4,46
08:10:09,Light Rain / Windy,8,3,51
08:12:09,Light Rain / Windy,8,3,51
08:14:09,Light Rain / Windy,8,3,51
08:16:09,Light Rain / Windy,8,3,51
08:18:09,Light Rain / Windy,8,3,51
08:20:09,Light Rain / Windy,8,3,51
08:22:08,Light Rain / Windy,8,3,51
08:24:09,Light Rain / Windy,8,3,51
08:26:09,Light Rain / Windy,8,3,51
08:28:08,Light Rain / Windy,8,3,51
08:30:09,Light Rain / Windy,8,3,51
08:32:09,Light Rain / Windy,8,3,51
08:34:08,Light Rain / Windy,8,3,51
08:36:08,Light Rain / Windy,8,3,51
08:38:09,Light Rain / Windy,8,3,51
08:40:09,Light Rain / Windy,8,3,51
08:42:09,Light Rain / Windy,8,3,51
08:44:08,Light Rain / Windy,8,3,51
08:46:08,Light Rain / Windy,8,3,51
08:48:09,Light Rain / Windy,8,3,51
08:50:09,Light Rain / Windy,8,3,51
08:52:08,Light Rain / Windy,8,3,51
08:54:09,Light Rain / Windy,8,3,51
08:56:09,Light Rain / Windy,8,3,51
08:58:08,Light Rain / Windy,8,3,51
09:00:09,Light Rain / Windy,8,3,51
09:02:09,Light Rain / Windy,8,3,51
09:04:09,Light Rain / Windy,8,3,51
09:06:08,Light Rain / Windy,8,3,51
09:08:08,Light Rain / Windy,8,3,51
09:10:09,Light Rain / Windy,8,3,51
09:12:09,Light Rain / Windy,8,3,51
09:14:09,Light Rain / Windy,8,4,40
09:16:09,Light Rain / Windy,8,4,40
09:18:09,Light Rain / Windy,8,4,40
09:20:09,Light Rain / Windy,8,4,40
09:22:09,Light Rain / Windy,8,4,40
09:24:09,Light Rain / Windy,8,4,40
09:26:08,Light Rain / Windy,8,4,40
09:28:09,Light Rain / Windy,8,4,40
09:30:09,Light Rain / Windy,8,4,40
09:32:09,Light Rain / Windy,8,4,40
09:34:08,Light Rain / Windy,8,4,40
09:36:09,Light Rain / Windy,8,4,40
09:38:09,Light Rain / Windy,8,4,40
09:40:08,Light Rain / Windy,8,4,40
09:42:08,Light Rain / Windy,8,4,40
09:44:08,Light Rain / Windy,8,4,40
09:46:09,Light Rain / Windy,8,4,40
09:48:09,Light Rain / Windy,8,4,40
09:50:08,Light Rain / Windy,8,4,40
09:52:09,Light Rain / Windy,8,4,40
09:54:09,Light Rain / Windy,8,4,40
09:56:09,Light Rain / Windy,8,4,40
09:58:08,Light Rain / Windy,8,4,40
10:00:09,Light Rain / Windy,8,4,40
10:02:08,Light Rain / Windy,8,4,40
10:04:09,Light Rain / Windy,8,4,40
10:06:09,Light Rain / Windy,8,4,40
10:08:08,Light Rain / Windy,8,4,40
10:10:09,Light Rain / Windy,8,4,40
10:12:09,Light Rain / Windy,8,4,40
10:14:09,Light Rain / Windy,10,10,38
10:16:08,Light Rain / Windy,10,10,38
10:18:09,Light Rain / Windy,10,10,38
10:20:09,Light Rain / Windy,10,10,38
10:22:08,Light Rain / Windy,10,10,38
10:24:09,Light Rain / Windy,10,10,38
10:26:09,Light Rain / Windy,10,10,38
10:28:09,Light Rain / Windy,10,10,38
10:30:08,Light Rain / Windy,10,10,38
10:32:09,Light Rain / Windy,10,10,38
10:34:09,Light Rain / Windy,10,10,38
10:36:09,Light Rain / Windy,10,10,38
10:38:09,Light Rain / Windy,10,10,38
10:40:08,Light Rain / Windy,10,10,38
10:42:08,Light Rain / Windy,10,10,38
10:44:09,Light Rain / Windy,10,10,38
10:46:09,Light Rain / Windy,10,10,38
10:48:09,Light Rain / Windy,10,10,38
10:50:08,Light Rain / Windy,10,10,38
10:52:09,Light Rain / Windy,10,10,38
10:54:09,Light Rain / Windy,10,10,38
10:56:08,Light Rain / Windy,10,10,38
10:58:09,Light Rain / Windy,10,10,38
11:00:09,Light Rain / Windy,10,10,38
11:02:08,Light Rain / Windy,10,10,38
11:04:09,Light Rain / Windy,10,10,38
11:06:09,Light Rain / Windy,10,10,38
11:08:09,Mostly Cloudy / Windy,11,11,41
11:10:09,Mostly Cloudy / Windy,11,11,41
11:12:09,Mostly Cloudy / Windy,11,11,41
11:14:09,Mostly Cloudy / Windy,11,11,41
11:16:09,Mostly Cloudy / Windy,11,11,41
11:18:08,Mostly Cloudy / Windy,11,11,41
11:20:09,Mostly Cloudy / Windy,11,11,41
11:22:09,Mostly Cloudy / Windy,11,11,41
11:24:09,Mostly Cloudy / Windy,11,11,41
11:26:08,Mostly Cloudy / Windy,11,11,41
11:28:08,Mostly Cloudy / Windy,11,11,41
11:30:09,Mostly Cloudy / Windy,11,11,41
11:32:09,Mostly Cloudy / Windy,11,11,41
11:34:09,Mostly Cloudy / Windy,11,11,41
11:36:08,Mostly Cloudy / Windy,11,11,41
11:38:09,Mostly Cloudy / Windy,11,11,41
11:40:09,Mostly Cloudy / Windy,11,11,41
11:42:09,Mostly Cloudy / Windy,11,11,41
11:44:08,Mostly Cloudy / Windy,11,11,41
11:46:09,Mostly Cloudy / Windy,11,11,41
11:48:09,Mostly Cloudy / Windy,11,11,41
11:50:09,Mostly Cloudy / Windy,11,11,41
11:52:08,Mostly Cloudy / Windy,11,11,41
11:54:09,Mostly Cloudy / Windy,11,11,41
11:56:09,Mostly Cloudy / Windy,11,11,41
11:58:08,Mostly Cloudy / Windy,11,11,41
12:00:08,Mostly Cloudy / Windy,11,11,41
12:02:09,Mostly Cloudy / Windy,11,11,41
12:04:09,Mostly Cloudy / Windy,11,11,41
12:06:08,Mostly Cloudy / Windy,11,11,41
12:08:08,Mostly Cloudy / Windy,11,11,41
12:10:09,Mostly Cloudy / Windy,11,11,41
12:12:08,Mostly Cloudy / Windy,11,11,41
12:14:08,Mostly Cloudy / Windy,11,11,40
12:16:09,Mostly Cloudy / Windy,11,11,40
12:18:09,Mostly Cloudy / Windy,11,11,40
12:20:09,Mostly Cloudy / Windy,11,11,40
12:22:09,Mostly Cloudy / Windy,11,11,40
12:24:09,Mostly Cloudy / Windy,11,11,40
12:26:09,Mostly Cloudy / Windy,11,11,40
12:28:08,Mostly Cloudy / Windy,11,11,40
12:30:08,Mostly Cloudy / Windy,11,11,40
12:32:08,Mostly Cloudy / Windy,11,11,40
12:34:09,Mostly Cloudy / Windy,11,11,40
12:36:09,Mostly Cloudy / Windy,11,11,40
12:38:08,Mostly Cloudy / Windy,11,11,40
12:40:08,Mostly Cloudy / Windy,11,11,40
12:42:09,Mostly Cloudy / Windy,11,11,40
12:44:09,Mostly Cloudy / Windy,11,11,40
12:46:08,Mostly Cloudy / Windy,11,11,40
12:48:08,Mostly Cloudy / Windy,11,11,40
12:50:09,Mostly Cloudy / Windy,11,11,40
12:52:09,Mostly Cloudy / Windy,11,11,40
12:54:09,Mostly Cloudy / Windy,11,11,40
12:56:09,Mostly Cloudy / Windy,11,11,40
12:58:09,Mostly Cloudy / Windy,11,11,40
13:00:08,Mostly Cloudy / Windy,11,11,40
13:02:09,Mostly Cloudy / Windy,11,11,40
13:04:09,Mostly Cloudy / Windy,11,11,40
13:06:09,Mostly Cloudy / Windy,11,11,40
13:08:08,Light Rain / Windy,11,11,38
13:10:09,Light Rain / Windy,11,11,38
13:12:09,Light Rain / Windy,11,11,38
13:14:09,Light Rain / Windy,11,11,38
13:16:08,Light Rain / Windy,11,11,38
13:18:09,Light Rain / Windy,11,11,38
13:20:09,Light Rain / Windy,11,11,38
13:22:08,Light Rain / Windy,11,11,38
13:24:09,Light Rain / Windy,11,11,38
13:26:09,Light Rain / Windy,11,11,38
13:28:09,Light Rain / Windy,11,11,38
13:30:08,Light Rain / Windy,11,11,38
13:32:09,Light Rain / Windy,11,11,38
13:34:09,Light Rain / Windy,11,11,38
13:36:08,Light Rain / Windy,11,11,38
13:38:08,Light Rain / Windy,11,11,38
13:40:09,Light Rain / Windy,11,11,38
13:42:09,Light Rain / Windy,11,11,38
13:44:08,Light Rain / Windy,11,11,38
13:46:09,Light Rain / Windy,11,11,38
13:48:09,Light Rain / Windy,11,11,38
13:50:09,Light Rain / Windy,11,11,38
13:52:08,Light Rain / Windy,11,11,38
13:54:09,Light Rain / Windy,11,11,38
13:56:09,Light Rain / Windy,11,11,38
13:58:09,Light Rain / Windy,11,11,38
14:00:08,Light Rain / Windy,11,11,38
14:02:08,Light Rain / Windy,11,11,38
14:04:09,Light Rain / Windy,11,11,38
14:06:09,Light Rain / Windy,11,11,38
14:08:09,Light Rain / Windy,11,11,38
14:10:08,Light Rain / Windy,11,11,38
14:12:08,Light Rain / Windy,11,11,38
14:14:09,Light Rain / Windy,12,12,37
14:16:09,Light Rain / Windy,12,12,37
14:18:09,Light Rain / Windy,12,12,37
14:20:09,Light Rain / Windy,12,12,37
14:22:09,Light Rain / Windy,12,12,37
14:24:09,Light Rain / Windy,12,12,37
14:26:09,Light Rain / Windy,12,12,37
14:28:09,Light Rain / Windy,12,12,37
14:30:08,Light Rain / Windy,12,12,37
14:32:09,Light Rain / Windy,12,12,37
14:34:09,Light Rain / Windy,12,12,37
14:36:09,Light Rain / Windy,12,12,37
14:38:09,Light Rain / Windy,12,12,37
14:40:09,Light Rain / Windy,12,12,37
14:42:08,Light Rain / Windy,12,12,37
14:44:09,Light Rain / Windy,12,12,37
14:46:09,Light Rain / Windy,12,12,37
14:48:09,Light Rain / Windy,12,12,37
14:50:08,Light Rain / Windy,12,12,37
14:52:09,Light Rain / Windy,12,12,37
14:54:09,Light Rain / Windy,12,12,37
14:56:08,Light Rain / Windy,12,12,37
14:58:09,Light Rain / Windy,12,12,37
15:00:09,Light Rain / Windy,12,12,37
15:02:08,Light Rain / Windy,12,12,37
15:04:09,Light Rain / Windy,12,12,37
15:06:09,Light Rain / Windy,12,12,37
15:08:09,Light Rain / Windy,12,12,37
15:10:08,Light Rain / Windy,12,12,37
15:12:09,Light Rain / Windy,12,12,37
15:14:09,Mostly Cloudy,11,11,27
15:16:09,Mostly Cloudy,11,11,27
15:18:08,Mostly Cloudy,11,11,27
15:20:09,Mostly Cloudy,11,11,27
15:22:09,Mostly Cloudy,11,11,27
15:24:09,Mostly Cloudy,11,11,27
15:26:09,Mostly Cloudy,11,11,27
15:28:09,Mostly Cloudy,11,11,27
15:30:09,Mostly Cloudy,11,11,27
15:32:08,Mostly Cloudy,11,11,27
15:34:08,Mostly Cloudy,11,11,27
15:36:09,Mostly Cloudy,11,11,27
15:38:09,Mostly Cloudy,11,11,27
15:40:08,Mostly Cloudy,11,11,27
15:42:08,Mostly Cloudy,11,11,27
15:44:09,Mostly Cloudy,11,11,27
15:46:09,Mostly Cloudy,11,11,27
15:48:08,Mostly Cloudy,11,11,27
15:50:09,Mostly Cloudy,11,11,27
15:52:09,Mostly Cloudy,11,11,27
15:54:08,Mostly Cloudy,11,11,27
15:56:09,Mostly Cloudy,11,11,27
15:58:09,Mostly Cloudy,11,11,27
16:00:09,Mostly Cloudy,11,11,27
16:02:08,Mostly Cloudy,11,11,27
16:04:08,Mostly Cloudy,11,11,27
16:06:09,Mostly Cloudy,11,11,27
16:08:08,Mostly Cloudy,11,11,27
16:10:09,Mostly Cloudy,11,11,27
16:12:09,Mostly Cloudy,11,11,16
16:14:09,Mostly Cloudy,11,11,16
16:16:09,Mostly Cloudy,11,11,16
16:18:09,Mostly Cloudy,11,11,16
16:20:09,Mostly Cloudy,11,11,16
16:22:09,Mostly Cloudy,11,11,16
16:24:09,Mostly Cloudy,11,11,16
16:26:08,Mostly Cloudy,11,11,16
16:28:09,Mostly Cloudy,11,11,16
16:30:09,Mostly Cloudy,11,11,16
16:32:08,Mostly Cloudy,11,11,16
16:34:09,Mostly Cloudy,11,11,16
16:36:09,Mostly Cloudy,11,11,16
16:38:09,Mostly Cloudy,11,11,16
16:40:08,Mostly Cloudy,11,11,16
16:42:09,Mostly Cloudy,11,11,16
16:44:09,Mostly Cloudy,11,11,16
16:46:08,Mostly Cloudy,11,11,16
16:48:09,Mostly Cloudy,11,11,16
16:50:09,Mostly Cloudy,11,11,16
16:52:09,Mostly Cloudy,11,11,16
16:54:08,Mostly Cloudy,11,11,16
16:56:09,Mostly Cloudy,11,11,16
16:58:09,Mostly Cloudy,11,11,16
17:00:08,Mostly Cloudy,11,11,16
17:02:09,Mostly Cloudy,11,11,16
17:04:09,Mostly Cloudy,11,11,16
17:06:09,Mostly Cloudy,11,11,16
17:08:09,Mostly Cloudy,11,11,16
17:10:09,Mostly Cloudy,11,11,16
17:12:08,Light Rain,10,10,12
17:14:09,Light Rain,10,10,12
17:16:09,Light Rain,10,10,12
17:18:09,Light Rain,10,10,12
17:20:09,Light Rain,10,10,12
17:22:08,Light Rain,10,10,12
17:24:09,Light Rain,10,10,12
17:26:09,Light Rain,10,10,12
17:28:09,Light Rain,10,10,12
17:30:08,Light Rain,10,10,12
17:32:08,Light Rain,10,10,12
17:34:09,Light Rain,10,10,12
17:36:09,Light Rain,10,10,12
17:38:08,Light Rain,10,10,12
17:40:08,Light Rain,10,10,12
17:42:09,Light Rain,10,10,12
17:44:09,Light Rain,10,10,12
17:46:08,Light Rain,10,10,12
17:48:09,Light Rain,10,10,12
17:50:09,Light Rain,10,10,12
17:52:08,Light Rain,10,10,12
17:54:08,Light Rain,10,10,12
17:56:09,Light Rain,10,10,12
17:58:09,Light Rain,10,10,12
18:00:09,Light Rain,10,10,12
18:02:08,Light Rain,10,10,12
18:04:09,Light Rain,10,10,12
18:06:09,Light Rain,10,10,12
18:08:08,Light Rain,10,10,12
18:10:09,Light Rain,10,10,12
18:12:09,Light Rain,8,6,20
18:14:09,Light Rain,8,6,20
18:16:08,Light Rain,8,6,20
18:18:09,Light Rain,8,6,20
18:20:08,Light Rain,8,6,20
18:22:09,Light Rain,8,6,20
18:24:09,Light Rain,8,6,20
18:26:08,Light Rain,8,6,20
18:28:09,Light Rain,8,6,20
18:30:09,Light Rain,8,6,20
18:32:08,Light Rain,8,6,20
18:34:09,Light Rain,8,6,20
18:36:09,Light Rain,8,6,20
18:38:09,Light Rain,8,6,20
18:40:08,Light Rain,8,6,20
18:42:09,Light Rain,8,6,20
18:44:09,Light Rain,8,6,20
18:46:08,Light Rain,8,6,20
18:48:08,Light Rain,8,6,20
18:50:09,Light Rain,8,6,20
18:52:09,Light Rain,8,6,20
18:54:08,Light Rain,8,6,20
18:56:09,Light Rain,8,6,20
18:58:09,Light Rain,8,6,20
19:00:09,Light Rain,8,6,20
19:02:09,Light Rain,8,6,20
19:04:09,Light Rain,8,6,20
19:06:09,Light Rain,8,6,20
19:08:08,Light Rain,8,6,20
19:10:09,Light Rain,8,6,20
19:12:09,Light Rain,8,6,20
19:14:08,Light Rain,8,6,20
19:16:08,Light Rain,8,6,20
19:18:09,Mostly Cloudy,7,6,9
19:20:08,Mostly Cloudy,7,6,9
19:22:09,Mostly Cloudy,7,6,9
19:24:09,Mostly Cloudy,7,6,9
19:26:08,Mostly Cloudy,7,6,9
19:28:09,Mostly Cloudy,7,6,9
19:30:09,Mostly Cloudy,7,6,9
19:32:09,Mostly Cloudy,7,6,9
19:34:08,Mostly Cloudy,7,6,9
19:36:09,Mostly Cloudy,7,6,9
19:38:09,Mostly Cloudy,7,6,9
19:40:08,Mostly Cloudy,7,6,9
19:42:09,Mostly Cloudy,7,6,9
19:44:09,Mostly Cloudy,7,6,9
19:46:09,Mostly Cloudy,7,6,9
19:48:08,Mostly Cloudy,7,6,9
19:50:09,Mostly Cloudy,7,6,9
19:52:09,Mostly Cloudy,7,6,9
19:54:08,Mostly Cloudy,7,6,9
19:56:09,Mostly Cloudy,7,6,9
19:58:08,Mostly Cloudy,7,6,9
20:00:09,Mostly Cloudy,7,6,9
20:02:09,Mostly Cloudy,7,6,9
20:04:08,Mostly Cloudy,7,6,9
20:06:09,Mostly Cloudy,7,6,9
20:08:09,Mostly Cloudy,7,6,9
20:10:09,Mostly Cloudy,7,6,9
20:12:08,Mostly Cloudy,7,6,9
20:14:09,Mostly Cloudy,7,6,9
20:16:09,Mostly Cloudy,7,6,9
20:18:08,Mostly Cloudy,7,5,12
20:20:09,Mostly Cloudy,7,5,12
20:22:09,Mostly Cloudy,7,5,12
20:24:08,Mostly Cloudy,7,5,12
20:26:08,Mostly Cloudy,7,5,12
20:28:09,Mostly Cloudy,7,5,12
20:30:09,Mostly Cloudy,7,5,12
20:32:09,Mostly Cloudy,7,5,12
20:34:08,Mostly Cloudy,7,5,12
20:36:08,Mostly Cloudy,7,5,12
20:38:09,Mostly Cloudy,7,5,12
20:40:09,Mostly Cloudy,7,5,12
20:42:08,Mostly Cloudy,7,5,12
20:44:08,Mostly Cloudy,7,5,12
20:46:09,Mostly Cloudy,7,5,12
20:48:09,Mostly Cloudy,7,5,12
20:50:09,Mostly Cloudy,7,5,12
20:52:09,Mostly Cloudy,7,5,12
20:54:08,Mostly Cloudy,7,5,12
20:56:08,Mostly Cloudy,7,5,12
20:58:09,Mostly Cloudy,7,5,12
21:00:09,Mostly Cloudy,7,5,12
21:02:08,Mostly Cloudy,7,5,12
21:04:08,Mostly Cloudy,7,5,12
21:06:09,Mostly Cloudy,7,5,12
21:08:09,Mostly Cloudy,7,5,12
21:10:08,Mostly Cloudy,7,5,12
21:12:08,Mostly Cloudy,7,5,12
21:14:09,Mostly Cloudy,7,5,12
21:16:09,Mostly Cloudy,7,5,12
21:18:08,Mostly Cloudy,7,5,12
21:20:09,Mostly Cloudy,7,5,12
21:22:08,Mostly Cloudy,7,5,12
21:24:09,Mostly Cloudy,7,5,12
21:26:08,Mostly Cloudy,7,5,12
21:28:09,Mostly Cloudy,7,5,12
21:30:09,Mostly Cloudy,7,5,12
21:32:09,Mostly Cloudy,7,5,12
21:34:08,Mostly Cloudy,7,5,12
21:36:09,Mostly Cloudy,7,5,12
21:38:09,Mostly Cloudy,7,5,12
21:40:08,Mostly Cloudy,7,5,12
21:42:09,Mostly Cloudy,7,5,12
21:44:09,Mostly Cloudy,7,5,12
21:46:08,Mostly Cloudy,7,5,12
21:48:08,Mostly Cloudy,7,5,12
21:50:09,Mostly Cloudy,7,5,12
21:52:09,Mostly Cloudy,7,5,12
21:54:09,Mostly Cloudy,7,5,12
21:56:09,Mostly Cloudy,7,5,12
21:58:08,Mostly Cloudy,7,5,12
22:00:09,Mostly Cloudy,7,5,12
22:02:09,Mostly Cloudy,7,5,12
22:04:09,Mostly Cloudy,7,5,12
22:06:08,Mostly Cloudy,7,5,12
22:08:09,Mostly Cloudy,7,5,12
22:10:09,Mostly Cloudy,7,5,12
22:12:09,Mostly Cloudy,7,3,19
22:14:08,Mostly Cloudy,7,3,19
22:16:08,Mostly Cloudy,7,3,19
22:18:09,Mostly Cloudy,7,3,19
22:20:09,Mostly Cloudy,7,3,19
22:22:09,Mostly Cloudy,7,3,19
22:24:08,Mostly Cloudy,7,3,19
22:26:09,Mostly Cloudy,7,3,19
22:28:09,Mostly Cloudy,7,3,19
22:30:09,Mostly Cloudy,7,3,19
22:32:08,Mostly Cloudy,7,3,19
22:34:08,Mostly Cloudy,7,3,19
22:36:09,Mostly Cloudy,7,3,19
22:38:09,Mostly Cloudy,7,3,19
22:40:08,Mostly Cloudy,7,3,19
22:42:09,Mostly Cloudy,7,3,19
22:44:09,Mostly Cloudy,7,3,19
22:46:09,Mostly Cloudy,7,3,19
22:48:08,Mostly Cloudy,7,3,19
22:50:09,Mostly Cloudy,7,3,19
22:52:09,Mostly Cloudy,7,3,19
22:54:09,Mostly Cloudy,7,3,19
22:56:08,Mostly Cloudy,7,3,19
22:58:09,Mostly Cloudy,7,3,19
23:00:09,Mostly Cloudy,7,3,19
23:02:08,Mostly Cloudy,7,3,19
23:04:09,Mostly Cloudy,7,3,19
23:06:09,Mostly Cloudy,7,3,19
23:08:09,Mostly Cloudy,7,3,19
23:10:09,Mostly Cloudy,7,3,19
23:12:09,Mostly Cloudy,7,3,24
23:14:09,Mostly Cloudy,7,3,24
23:16:08,Mostly Cloudy,7,3,24
23:18:09,Mostly Cloudy,7,3,24
23:20:08,Mostly Cloudy,7,3,24
23:22:09,Mostly Cloudy,7,3,24
23:24:09,Mostly Cloudy,7,3,24
23:26:09,Mostly Cloudy,7,3,24
23:28:08,Mostly Cloudy,7,3,24
23:30:08,Mostly Cloudy,7,3,24
23:32:09,Mostly Cloudy,7,3,24
23:34:09,Mostly Cloudy,7,3,24
23:36:08,Mostly Cloudy,7,3,24
23:38:09,Mostly Cloudy,7,3,24
23:40:09,Mostly Cloudy,7,3,24
23:42:09,Mostly Cloudy,7,3,24
23:44:08,Mostly Cloudy,7,3,24
23:46:09,Mostly Cloudy,7,3,24
23:48:09,Mostly Cloudy,7,3,24
23:50:08,Mostly Cloudy,7,3,24
23:52:08,Mostly Cloudy,7,3,24
23:54:09,Mostly Cloudy,7,3,24
23:56:09,Mostly Cloudy,7,3,24
23:58:09,Mostly Cloudy,7,3,24
