Time,Weather,Temperature,Feels_Like,Wind_Speed
06:10:09,Partly Cloudy,8,5,25
06:12:08,Partly Cloudy,8,5,25
06:14:08,Partly Cloudy,8,5,25
06:16:09,Partly Cloudy,8,5,25
06:18:08,Partly Cloudy,8,5,25
06:20:08,Partly Cloudy,8,5,25
06:22:09,Mostly Cloudy,8,6,14
06:24:09,Mostly Cloudy,8,6,14
06:26:09,Mostly Cloudy,8,6,14
06:28:09,Mostly Cloudy,8,6,14
06:30:08,Mostly Cloudy,8,6,14
06:32:08,Mostly Cloudy,8,6,14
06:34:09,Mostly Cloudy,8,6,14
06:36:09,Mostly Cloudy,8,6,14
06:38:08,Mostly Cloudy,8,6,14
06:40:08,Mostly Cloudy,8,6,14
06:42:09,Mostly Cloudy,8,6,14
06:44:09,Mostly Cloudy,8,6,14
06:46:09,Mostly Cloudy,8,6,14
06:48:08,Mostly Cloudy,8,6,14
06:50:09,Mostly Cloudy,8,6,14
06:52:09,Mostly Cloudy,8,6,14
06:54:09,Mostly Cloudy,8,6,14
06:56:08,Mostly Cloudy,8,6,14
06:58:09,Mostly Cloudy,8,6,14
07:00:09,Mostly Cloudy,8,6,14
07:02:09,Mostly Cloudy,8,6,14
07:04:08,Mostly Cloudy,8,6,14
07:06:09,Mostly Cloudy,8,6,14
07:08:09,Mostly Cloudy,8,6,14
07:10:08,Mostly Cloudy,8,6,14
07:12:09,Mostly Cloudy,8,6,14
07:14:08,Mostly Cloudy,8,6,14
07:16:08,Mostly Cloudy,8,5,25
07:18:09,Mostly Cloudy,8,5,25
07:20:09,Mostly Cloudy,8,5,25
07:22:09,Mostly Cloudy,8,5,25
07:24:09,Mostly Cloudy,8,5,25
07:26:08,Mostly Cloudy,8,5,25
07:28:09,Mostly Cloudy,8,5,25
07:30:09,Mostly Cloudy,8,5,25
07:32:08,Mostly Cloudy,8,5,25
07:34:08,Mostly Cloudy,8,5,25
07:36:09,Mostly Cloudy,8,5,25
07:38:09,Mostly Cloudy,8,5,25
07:40:09,Mostly Cloudy / Windy,10,10,35
07:42:08,Mostly Cloudy / Windy,10,10,35
07:44:08,Mostly Cloudy / Windy,10,10,35
07:46:09,Mostly Cloudy / Windy,10,10,35
07:48:09,Mostly Cloudy / Windy,10,10,35
07:50:09,Mostly Cloudy / Windy,10,10,35
07:52:08,Mostly Cloudy / Windy,10,10,35
07:54:09,Mostly Cloudy / Windy,10,10,35
07:56:09,Mostly Cloudy / Windy,10,10,35
07:58:09,Mostly Cloudy / Windy,10,10,35
08:00:08,Mostly Cloudy / Windy,10,10,35
08:02:08,Mostly Cloudy / Windy,10,10,35
08:04:09,Mostly Cloudy / Windy,10,10,35
08:06:09,Mostly Cloudy / Windy,10,10,35
08:08:09,Mostly Cloudy / Windy,10,10,35
08:10:08,Mostly Cloudy,10,10,25
08:12:09,Mostly Cloudy,10,10,25
08:14:09,Mostly Cloudy,10,10,25
08:16:09,Mostly Cloudy,10,10,25
08:18:09,Mostly Cloudy,10,10,25
08:20:09,Mostly Cloudy,10,10,25
08:22:09,Mostly Cloudy,10,10,25
08:24:08,Mostly Cloudy,10,10,25
08:26:09,Mostly Cloudy,10,10,25
08:28:09,Mostly Cloudy,10,10,25
08:30:08,Mostly Cloudy,10,10,25
08:32:09,Mostly Cloudy,10,10,25
08:34:09,Mostly Cloudy,10,10,25
08:36:09,Mostly Cloudy,10,10,25
08:38:08,Mostly Cloudy,10,10,25
08:40:09,Mostly Cloudy / Windy,10,10,33
08:42:08,Mostly Cloudy / Windy,10,10,33
08:44:08,Mostly Cloudy / Windy,10,10,33
08:46:09,Mostly Cloudy / Windy,10,10,33
08:48:09,Mostly Cloudy / Windy,10,10,33
08:50:08,Mostly Cloudy / Windy,10,10,33
08:52:08,Mostly Cloudy / Windy,10,10,33
08:54:09,Mostly Cloudy / Windy,10,10,33
08:56:09,Mostly Cloudy / Windy,10,10,33
08:58:09,Mostly Cloudy / Windy,10,10,33
09:00:08,Mostly Cloudy / Windy,10,10,33
09:02:09,Mostly Cloudy / Windy,10,10,33
09:04:09,Mostly Cloudy / Windy,10,10,33
09:06:08,Mostly Cloudy / Windy,10,10,33
09:08:09,Mostly Cloudy / Windy,10,10,33
09:10:09,Mostly Cloudy / Windy,10,10,33
09:12:09,Mostly Cloudy / Windy,10,10,33
09:14:08,Mostly Cloudy / Windy,10,10,33
09:16:09,Mostly Cloudy,10,10,32
09:18:08,Mostly Cloudy,10,10,32
09:20:09,Mostly Cloudy,10,10,32
09:22:09,Mostly Cloudy,10,10,32
09:24:09,Mostly Cloudy,10,10,32
09:26:09,Mostly Cloudy,10,10,32
09:28:08,Mostly Cloudy,10,10,32
09:30:08,Mostly Cloudy,10,10,32
09:32:09,Mostly Cloudy,10,10,32
09:34:09,Mostly Cloudy,10,10,32
09:36:08,Mostly Cloudy,10,10,32
09:38:08,Mostly Cloudy,10,10,32
09:40:08,Mostly Cloudy / Windy,11,11,33
09:42:09,Mostly Cloudy / Windy,11,11,33
09:44:09,Mostly Cloudy / Windy,11,11,33
09:46:09,Mostly Cloudy / Windy,11,11,33
09:48:09,Mostly Cloudy / Windy,11,11,33
09:50:08,Mostly Cloudy / Windy,11,11,33
09:52:09,Mostly Cloudy / Windy,11,11,33
09:54:09,Mostly Cloudy / Windy,11,11,33
09:56:09,Mostly Cloudy / Windy,11,11,33
09:58:09,Mostly Cloudy / Windy,11,11,33
10:00:09,Mostly Cloudy / Windy,11,11,33
10:02:09,Mostly Cloudy / Windy,11,11,33
10:04:08,Mostly Cloudy / Windy,11,11,33
10:06:09,Mostly Cloudy / Windy,11,11,33
10:08:09,Mostly Cloudy / Windy,11,11,33
10:10:09,Mostly Cloudy / Windy,11,11,37
10:12:08,Mostly Cloudy / Windy,11,11,37
10:14:08,Mostly Cloudy / Windy,11,11,37
10:16:08,Mostly Cloudy / Windy,11,11,37
10:18:09,Mostly Cloudy / Windy,11,11,37
10:20:09,Mostly Cloudy / Windy,11,11,37
10:22:09,Mostly Cloudy / Windy,11,11,37
10:24:08,Mostly Cloudy / Windy,11,11,37
10:26:08,Mostly Cloudy / Windy,11,11,37
10:28:09,Mostly Cloudy / Windy,11,11,37
10:30:09,Mostly Cloudy / Windy,11,11,37
10:32:09,Mostly Cloudy / Windy,11,11,37
10:34:08,Mostly Cloudy / Windy,11,11,37
10:36:09,Mostly Cloudy / Windy,11,11,37
10:38:09,Mostly Cloudy / Windy,11,11,37
10:40:09,Mostly Cloudy / Windy,11,11,37
10:42:08,Mostly Cloudy / Windy,11,11,37
10:44:09,Mostly Cloudy / Windy,11,11,37
10:46:09,Mostly Cloudy / Windy,12,12,33
10:48:08,Mostly Cloudy / Windy,12,12,33
10:50:08,Mostly Cloudy / Windy,12,12,33
10:52:09,Mostly Cloudy / Windy,12,12,33
10:54:09,Mostly Cloudy / Windy,12,12,33
10:56:09,Mostly Cloudy / Windy,12,12,33
10:58:08,Mostly Cloudy / Windy,12,12,33
11:00:08,Mostly Cloudy / Windy,12,12,33
11:02:09,Mostly Cloudy / Windy,12,12,33
11:04:09,Mostly Cloudy / Windy,12,12,33
11:06:08,Mostly Cloudy / Windy,12,12,33
11:08:09,Mostly Cloudy / Windy,12,12,33
11:10:09,Mostly Cloudy / Windy,12,12,33
11:12:08,Mostly Cloudy / Windy,12,12,33
11:14:08,Mostly Cloudy / Windy,12,12,33
11:16:08,Mostly Cloudy,12,12,24
11:18:09,Mostly Cloudy,12,12,24
11:20:08,Mostly Cloudy,12,12,24
11:22:08,Mostly Cloudy,12,12,24
11:24:09,Mostly Cloudy,12,12,24
11:26:09,Mostly Cloudy,12,12,24
11:28:09,Mostly Cloudy,12,12,24
11:30:09,Mostly Cloudy,12,12,24
11:32:08,Mostly Cloudy,12,12,24
11:34:09,Mostly Cloudy,12,12,24
11:36:09,Mostly Cloudy,12,12,24
11:38:09,Mostly Cloudy,12,12,24
11:40:08,Mostly Cloudy / Windy,12,12,33
11:42:09,Mostly Cloudy / Windy,12,12,33
11:44:09,Mostly Cloudy / Windy,12,12,33
11:46:09,Mostly Cloudy / Windy,12,12,33
11:48:09,Mostly Cloudy / Windy,12,12,33
11:50:08,Mostly Cloudy / Windy,12,12,33
11:52:08,Mostly Cloudy / Windy,12,12,33
11:54:09,Mostly Cloudy / Windy,12,12,33
11:56:09,Mostly Cloudy / Windy,12,12,33
11:58:09,Mostly Cloudy / Windy,12,12,33
12:00:08,Mostly Cloudy / Windy,12,12,33
12:02:08,Mostly Cloudy / Windy,12,12,33
12:04:08,Mostly Cloudy / Windy,12,12,33
12:06:09,Mostly Cloudy / Windy,12,12,33
12:08:09,Mostly Cloudy / Windy,12,12,33
12:10:08,Mostly Cloudy / Windy,12,12,33
12:12:09,Mostly Cloudy / Windy,12,12,38
12:14:09,Mostly Cloudy / Windy,12,12,38
12:16:09,Mostly Cloudy / Windy,12,12,38
12:18:08,Mostly Cloudy / Windy,12,12,38
12:20:09,Mostly Cloudy / Windy,12,12,38
12:22:09,Mostly Cloudy / Windy,12,12,38
12:24:09,Mostly Cloudy / Windy,12,12,38
12:26:08,Mostly Cloudy / Windy,12,12,38
12:28:08,Mostly Cloudy / Windy,12,12,38
12:30:09,Mostly Cloudy / Windy,12,12,38
12:32:09,Mostly Cloudy / Windy,12,12,38
12:34:09,Mostly Cloudy / Windy,12,12,38
12:36:09,Mostly Cloudy / Windy,12,12,38
12:38:08,Mostly Cloudy / Windy,12,12,38
12:40:09,Mostly Cloudy / Windy,12,12,38
12:42:09,Mostly Cloudy / Windy,12,12,38
12:44:08,Mostly Cloudy / Windy,12,12,38
12:46:09,Mostly Cloudy / Windy,12,12,38
12:48:09,Mostly Cloudy / Windy,12,12,38
12:50:09,Mostly Cloudy / Windy,12,12,38
12:52:08,Mostly Cloudy / Windy,12,12,38
12:54:08,Mostly Cloudy / Windy,12,12,38
12:56:09,Mostly Cloudy / Windy,12,12,38
12:58:09,Mostly Cloudy / Windy,12,12,38
13:00:08,Mostly Cloudy / Windy,12,12,38
13:02:09,Mostly Cloudy / Windy,12,12,38
13:04:09,Mostly Cloudy / Windy,12,12,38
13:06:08,Mostly Cloudy / Windy,12,12,38
13:08:08,Light Rain / Windy,12,12,40
13:10:09,Light Rain / Windy,12,12,40
13:12:09,Light Rain / Windy,12,12,40
13:14:08,Light Rain / Windy,12,12,40
13:16:09,Light Rain / Windy,12,12,40
13:18:09,Light Rain / Windy,12,12,40
13:20:08,Light Rain / Windy,12,12,40
13:22:08,Light Rain / Windy,12,12,40
13:24:09,Light Rain / Windy,12,12,40
13:26:08,Light Rain / Windy,12,12,40
13:28:08,Light Rain / Windy,12,12,40
13:30:09,Light Rain / Windy,12,12,40
13:32:09,Light Rain / Windy,12,12,40
13:34:08,Light Rain / Windy,12,12,40
13:36:09,Light Rain / Windy,12,12,40
13:38:09,Light Rain / Windy,12,12,40
13:40:08,Light Rain / Windy,12,12,40
13:42:08,Light Rain / Windy,12,12,40
13:44:09,Light Rain / Windy,12,12,40
13:46:09,Light Rain / Windy,12,12,40
13:48:09,Light Rain / Windy,12,12,40
13:50:08,Light Rain / Windy,12,12,40
13:52:09,Light Rain / Windy,12,12,40
13:54:09,Light Rain / Windy,12,12,40
13:56:09,Light Rain / Windy,12,12,40
13:58:08,Light Rain / Windy,12,12,40
14:00:08,Light Rain / Windy,12,12,40
14:02:08,Light Rain / Windy,12,12,40
14:04:09,Light Rain / Windy,12,12,40
14:06:09,Light Rain / Windy,12,12,40
14:08:08,Light Rain / Windy,12,12,40
14:10:09,Light Rain / Windy,12,12,40
14:12:09,Light Rain / Windy,12,12,40
14:14:09,Light Rain / Windy,12,12,45
14:16:08,Light Rain / Windy,12,12,45
14:18:09,Light Rain / Windy,12,12,45
14:20:09,Light Rain / Windy,12,12,45
14:22:08,Light Rain / Windy,12,12,45
14:24:09,Light Rain / Windy,12,12,45
14:26:09,Light Rain / Windy,12,12,45
14:28:08,Light Rain / Windy,12,12,45
14:30:09,Light Rain / Windy,12,12,45
14:32:09,Light Rain / Windy,12,12,45
14:34:08,Light Rain / Windy,12,12,45
14:36:08,Light Rain / Windy,12,12,45
14:38:09,Light Rain / Windy,12,12,45
14:40:09,Mostly Cloudy / Windy,12,12,45
14:42:08,Mostly Cloudy / Windy,12,12,45
14:44:08,Mostly Cloudy / Windy,12,12,45
14:46:08,Mostly Cloudy / Windy,12,12,45
14:48:09,Mostly Cloudy / Windy,12,12,45
14:50:09,Mostly Cloudy / Windy,12,12,45
14:52:09,Mostly Cloudy / Windy,12,12,45
14:54:09,Mostly Cloudy / Windy,12,12,45
14:56:09,Mostly Cloudy / Windy,12,12,45
14:58:09,Mostly Cloudy / Windy,12,12,45
15:00:08,Mostly Cloudy / Windy,12,12,45
15:02:09,Mostly Cloudy / Windy,12,12,45
15:04:09,Mostly Cloudy / Windy,12,12,45
15:06:08,Mostly Cloudy / Windy,12,12,45
15:08:08,Mostly Cloudy / Windy,12,12,45
15:10:09,Mostly Cloudy / Windy,12,12,45
15:12:09,Mostly Cloudy / Windy,12,12,45
15:14:09,Mostly Cloudy / Windy,12,12,40
15:16:08,Mostly Cloudy / Windy,12,12,40
15:18:09,Mostly Cloudy / Windy,12,12,40
15:20:09,Mostly Cloudy / Windy,12,12,40
15:22:09,Mostly Cloudy / Windy,12,12,40
15:24:09,Mostly Cloudy / Windy,12,12,40
15:26:08,Mostly Cloudy / Windy,12,12,40
15:28:08,Mostly Cloudy / Windy,12,12,40
15:30:09,Mostly Cloudy / Windy,12,12,40
15:32:09,Mostly Cloudy / Windy,12,12,40
15:34:08,Mostly Cloudy / Windy,12,12,40
15:36:08,Mostly Cloudy / Windy,12,12,40
15:38:08,Mostly Cloudy / Windy,12,12,40
15:40:09,Mostly Cloudy / Windy,12,12,40
15:42:09,Mostly Cloudy / Windy,12,12,40
15:44:08,Mostly Cloudy / Windy,12,12,40
15:46:09,Mostly Cloudy / Windy,12,12,40
15:48:09,Mostly Cloudy / Windy,12,12,40
15:50:09,Light Rain / Windy,12,12,38
15:52:08,Light Rain / Windy,12,12,38
15:54:08,Light Rain / Windy,12,12,38
15:56:09,Light Rain / Windy,12,12,38
15:58:09,Light Rain / Windy,12,12,38
16:00:09,Light Rain / Windy,12,12,38
16:02:09,Light Rain / Windy,12,12,38
16:04:09,Light Rain / Windy,12,12,38
16:06:09,Light Rain / Windy,12,12,38
16:08:08,Light Rain / Windy,12,12,38
16:10:09,Light Rain / Windy,12,12,38
16:12:09,Light Rain Shower / Windy,12,12,35
16:14:08,Light Rain Shower / Windy,12,12,35
16:16:08,Light Rain Shower / Windy,12,12,35
16:18:09,Light Rain Shower / Windy,12,12,35
16:20:09,Light Rain Shower / Windy,12,12,35
16:22:09,Light Rain Shower / Windy,12,12,35
16:24:09,Light Rain Shower / Windy,12,12,35
16:26:09,Light Rain Shower / Windy,12,12,35
16:28:08,Light Rain Shower / Windy,12,12,35
16:30:08,Light Rain Shower / Windy,12,12,35
16:32:09,Light Rain Shower / Windy,12,12,35
16:34:09,Light Rain Shower / Windy,12,12,35
16:36:08,Light Rain Shower / Windy,12,12,35
16:38:09,Light Rain Shower / Windy,12,12,35
16:40:09,Light Rain Shower / Windy,12,12,35
16:42:08,Mostly Cloudy,12,12,28
16:44:09,Mostly Cloudy,12,12,28
16:46:09,Mostly Cloudy,12,12,28
16:48:09,Mostly Cloudy,12,12,28
16:50:08,Mostly Cloudy,12,12,28
16:52:09,Mostly Cloudy,12,12,28
16:54:09,Mostly Cloudy,12,12,28
16:56:08,Mostly Cloudy,12,12,28
16:58:09,Mostly Cloudy,12,12,28
17:00:09,Mostly Cloudy,12,12,28
17:02:08,Mostly Cloudy,12,12,28
17:04:09,Mostly Cloudy,12,12,28
17:06:09,Mostly Cloudy,12,12,28
17:08:08,Mostly Cloudy,12,12,28
17:10:08,Partly Cloudy,12,12,32
17:12:09,Partly Cloudy,12,12,32
17:14:09,Partly Cloudy,12,12,32
17:16:09,Partly Cloudy,12,12,32
17:18:09,Partly Cloudy,12,12,32
17:20:09,Partly Cloudy,12,12,32
17:22:08,Partly Cloudy,12,12,32
17:24:08,Partly Cloudy,12,12,32
17:26:09,Partly Cloudy,12,12,32
17:28:09,Partly Cloudy,12,12,32
17:30:08,Partly Cloudy,12,12,32
17:32:09,Partly Cloudy,12,12,32
17:34:08,Partly Cloudy,12,12,32
17:36:08,Partly Cloudy,12,12,32
17:38:09,Partly Cloudy,12,12,32
17:40:08,Partly Cloudy,12,12,32
17:42:08,Partly Cloudy,12,12,32
17:44:09,Partly Cloudy,12,12,32
17:46:09,Partly Cloudy,12,12,32
17:48:08,Partly Cloudy,12,12,32
17:50:09,Partly Cloudy,12,12,32
17:52:09,Partly Cloudy,12,12,32
17:54:09,Partly Cloudy,12,12,32
17:56:09,Partly Cloudy,12,12,32
17:58:09,Partly Cloudy,12,12,32
18:00:09,Partly Cloudy,12,12,32
18:02:09,Partly Cloudy,12,12,32
18:04:09,Partly Cloudy,12,12,32
18:06:09,Partly Cloudy,12,12,32
18:08:09,Partly Cloudy,12,12,32
18:10:08,Partly Cloudy,12,12,32
18:12:09,Fair / Windy,12,12,33
18:14:09,Fair / Windy,12,12,33
18:16:09,Fair / Windy,12,12,33
18:18:09,Fair / Windy,12,12,33
18:20:09,Fair / Windy,12,12,33
18:22:09,Fair / Windy,12,12,33
18:24:09,Fair / Windy,12,12,33
18:26:09,Fair / Windy,12,12,33
18:28:09,Fair / Windy,12,12,33
18:30:08,Fair / Windy,12,12,33
18:32:09,Fair / Windy,12,12,33
18:34:09,Fair / Windy,12,12,33
18:36:08,Fair / Windy,12,12,33
18:38:09,Fair / Windy,12,12,33
18:40:09,Fair / Windy,12,12,33
18:42:09,Fair / Windy,12,12,33
18:44:09,Fair / Windy,12,12,33
18:46:08,Fair / Windy,12,12,33
18:48:09,Fair / Windy,12,12,33
18:50:09,Fair / Windy,12,12,33
18:52:08,Fair / Windy,12,12,33
18:54:09,Fair / Windy,12,12,33
18:56:09,Fair / Windy,12,12,33
18:58:09,Fair / Windy,12,12,33
19:00:08,Fair / Windy,12,12,33
19:02:09,Fair / Windy,12,12,33
19:04:08,Fair / Windy,12,12,33
19:06:08,Fair / Windy,12,12,33
19:08:08,Fair / Windy,12,12,33
19:10:09,Fair / Windy,12,12,33
19:12:09,Fair / Windy,12,12,33
19:14:09,Fair / Windy,12,12,33
19:16:09,Fair / Windy,12,12,33
19:18:08,Fair / Windy,12,12,33
19:20:09,Fair,12,12,24
19:22:09,Fair,12,12,24
19:24:08,Fair,12,12,24
19:26:09,Fair,12,12,24
19:28:08,Fair,12,12,24
19:30:08,Fair,12,12,24
19:32:09,Fair,12,12,24
19:34:09,Fair,12,12,24
19:36:09,Fair,12,12,24
19:38:09,Fair,12,12,24
19:40:09,Fair,12,12,24
19:42:08,Fair,12,12,24
19:44:09,Fair,12,12,24
19:46:09,Fair,12,12,24
19:48:08,Fair,12,12,24
19:50:08,Fair,12,12,24
19:52:09,Fair,12,12,24
19:54:09,Fair,12,12,24
19:56:08,Fair,12,12,24
19:58:09,Fair,12,12,24
20:00:09,Fair,12,12,24
20:02:09,Fair,12,12,24
20:04:08,Fair,12,12,24
20:06:08,Fair,12,12,24
20:08:09,Fair,12,12,24
20:10:09,Fair,12,12,24
20:12:09,Fair,12,12,24
20:14:08,Mostly Cloudy,12,12,28
20:16:09,Mostly Cloudy,12,12,28
20:18:08,Mostly Cloudy,12,12,28
20:20:08,Mostly Cloudy,12,12,28
20:22:09,Mostly Cloudy,12,12,28
20:24:09,Mostly Cloudy,12,12,28
20:26:08,Mostly Cloudy,12,12,28
20:28:09,Mostly Cloudy,12,12,28
20:30:09,Mostly Cloudy,12,12,28
20:32:09,Mostly Cloudy,12,12,28
20:34:08,Mostly Cloudy,12,12,28
20:36:09,Mostly Cloudy,12,12,28
20:38:09,Mostly Cloudy,12,12,28
20:40:08,Mostly Cloudy,12,12,28
20:42:09,Mostly Cloudy,12,12,28
20:44:09,Mostly Cloudy,12,12,28
20:46:09,Mostly Cloudy,12,12,28
20:48:08,Mostly Cloudy,12,12,28
20:50:08,Mostly Cloudy,12,12,28
20:52:09,Mostly Cloudy,12,12,28
20:54:09,Mostly Cloudy,12,12,28
20:56:09,Mostly Cloudy,12,12,28
20:58:08,Mostly Cloudy,12,12,28
21:00:09,Mostly Cloudy,12,12,28
21:02:09,Mostly Cloudy,12,12,28
21:04:08,Mostly Cloudy,12,12,28
21:06:08,Mostly Cloudy,12,12,28
21:08:08,Mostly Cloudy,12,12,28
21:10:09,Mostly Cloudy,12,12,28
21:12:08,Mostly Cloudy,12,12,28
21:14:09,Mostly Cloudy,11,11,20
21:16:09,Mostly Cloudy,11,11,20
21:18:09,Mostly Cloudy,11,11,20
21:20:09,Mostly Cloudy,11,11,20
21:22:09,Mostly Cloudy,11,11,20
21:24:08,Mostly Cloudy,11,11,20
21:26:08,Mostly Cloudy,11,11,20
21:28:08,Mostly Cloudy,11,11,20
21:30:09,Mostly Cloudy,11,11,20
21:32:09,Mostly Cloudy,11,11,20
21:34:08,Mostly Cloudy,11,11,20
21:36:09,Mostly Cloudy,11,11,20
21:38:09,Mostly Cloudy,11,11,20
21:40:09,Mostly Cloudy,11,11,20
21:42:09,Mostly Cloudy,11,11,20
21:44:09,Mostly Cloudy,11,11,20
21:46:08,Mostly Cloudy,11,11,20
21:48:09,Mostly Cloudy,11,11,20
21:50:09,Mostly Cloudy,11,11,20
21:52:08,Mostly Cloudy,11,11,20
21:54:08,Mostly Cloudy,11,11,20
21:56:09,Mostly Cloudy,11,11,20
21:58:09,Mostly Cloudy,11,11,20
22:00:09,Mostly Cloudy,11,11,20
22:02:08,Mostly Cloudy,11,11,20
22:04:09,Mostly Cloudy,11,11,20
22:06:09,Mostly Cloudy,11,11,20
22:08:09,Mostly Cloudy,11,11,20
22:10:08,Mostly Cloudy,11,11,20
22:12:08,Mostly Cloudy,11,11,20
22:14:09,Mostly Cloudy,10,10,20
22:16:09,Mostly Cloudy,10,10,20
22:18:08,Mostly Cloudy,10,10,20
22:20:09,Mostly Cloudy,10,10,20
22:22:09,Mostly Cloudy,10,10,20
22:24:09,Mostly Cloudy,10,10,20
22:26:08,Mostly Cloudy,10,10,20
22:28:08,Mostly Cloudy,10,10,20
22:30:09,Mostly Cloudy,10,10,20
22:32:09,Mostly Cloudy,10,10,20
22:34:08,Mostly Cloudy,10,10,20
22:36:09,Mostly Cloudy,10,10,20
22:38:09,Mostly Cloudy,10,10,20
22:40:09,Mostly Cloudy,10,10,20
22:42:08,Mostly Cloudy,10,10,20
22:44:09,Mostly Cloudy,10,10,20
22:46:09,Mostly Cloudy,10,10,20
22:48:09,Mostly Cloudy,10,10,20
22:50:08,Mostly Cloudy,10,10,20
22:52:08,Mostly Cloudy,10,10,20
22:54:09,Mostly Cloudy,10,10,20
22:56:09,Mostly Cloudy,10,10,20
22:58:08,Mostly Cloudy,10,10,20
23:00:08,Mostly Cloudy,10,10,20
23:02:08,Mostly Cloudy,10,10,20
23:04:09,Mostly Cloudy,10,10,20
23:06:09,Mostly Cloudy,10,10,20
23:08:09,Mostly Cloudy,10,10,20
23:10:08,Mostly Cloudy,10,10,20
23:12:08,Mostly Cloudy,10,10,20
23:14:09,Mostly Cloudy,8,6,14
23:16:09,Mostly Cloudy,8,6,14
23:18:08,Mostly Cloudy,8,6,14
23:20:09,Mostly Cloudy,8,6,14
23:22:09,Mostly Cloudy,8,6,14
23:24:09,Mostly Cloudy,8,6,14
23:26:08,Mostly Cloudy,8,6,14
23:28:08,Mostly Cloudy,8,6,14
23:30:09,Mostly Cloudy,8,6,14
23:32:09,Mostly Cloudy,8,6,14
23:34:08,Mostly Cloudy,8,6,14
23:36:08,Mostly Cloudy,8,6,14
23:38:08,Mostly Cloudy,8,6,14
23:40:09,Mostly Cloudy,8,6,14
23:42:09,Mostly Cloudy,8,6,14
23:44:09,Mostly Cloudy,8,6,14
23:46:08,Mostly Cloudy,8,6,14
23:48:09,Mostly Cloudy,8,6,14
23:50:09,Mostly Cloudy,8,6,14
23:52:09,Mostly Cloudy,8,6,14
23:54:08,Mostly Cloudy,8,6,14
23:56:08,Mostly Cloudy,8,6,14
23:58:09,Mostly Cloudy,8,6,14
