Time,Weather,Temperature,Feels_Like,Wind_Speed
00:00:08,Mostly Cloudy,6,3,9
00:02:09,Mostly Cloudy,6,3,9
00:04:08,Mostly Cloudy,6,3,9
00:06:09,Mostly Cloudy,6,3,9
00:08:09,Mostly Cloudy,6,3,9
00:10:08,Mostly Cloudy,5,5,3
00:12:09,Mostly Cloudy,5,5,3
00:14:08,Mostly Cloudy,5,5,3
00:16:08,Mostly Cloudy,5,5,3
00:18:09,Mostly Cloudy,5,5,3
00:20:08,Mostly Cloudy,5,5,3
00:22:09,Mostly Cloudy,5,5,3
00:24:08,Mostly Cloudy,5,5,3
00:26:08,Mostly Cloudy,5,5,3
00:28:09,Mostly Cloudy,5,5,3
00:30:08,Mostly Cloudy,5,5,3
00:32:09,Mostly Cloudy,5,5,3
00:34:09,Mostly Cloudy,5,5,3
00:36:09,Mostly Cloudy,5,5,3
00:38:09,Mostly Cloudy,5,5,3
00:40:08,Mostly Cloudy,5,5,3
00:42:09,Mostly Cloudy,5,5,3
00:44:09,Mostly Cloudy,5,5,3
00:46:09,Mostly Cloudy,5,5,3
00:48:09,Mostly Cloudy,5,5,3
00:50:09,Mostly Cloudy,5,5,3
00:52:08,Mostly Cloudy,5,5,3
00:54:09,Mostly Cloudy,5,5,3
00:56:09,Mostly Cloudy,5,5,3
00:58:09,Mostly Cloudy,5,5,3
01:00:16,Mostly Cloudy,5,5,3
01:02:08,Mostly Cloudy,5,5,3
01:04:09,Mostly Cloudy,5,5,3
01:06:08,Mostly Cloudy,5,5,3
01:08:09,Mostly Cloudy,5,5,3
01:10:08,Light Rain Shower,6,6,3
01:12:09,Light Rain Shower,6,6,3
01:14:09,Light Rain Shower,6,6,3
01:16:09,Light Rain Shower,6,6,3
01:18:09,Light Rain Shower,6,6,3
01:20:09,Light Rain Shower,6,6,3
01:22:08,Light Rain Shower,6,6,3
01:24:09,Light Rain Shower,6,6,3
01:26:09,Light Rain Shower,6,6,3
01:28:08,Light Rain Shower,6,6,3
01:30:09,Light Rain Shower,6,6,3
01:32:09,Light Rain Shower,6,6,3
01:34:08,Light Rain Shower,6,6,3
01:36:08,Light Rain Shower,6,6,3
01:38:09,Light Rain Shower,6,6,3
01:40:09,Light Rain Shower,6,6,3
01:42:09,Light Rain Shower,6,6,3
01:44:08,Light Rain Shower,6,6,3
01:46:09,Light Rain Shower,6,6,3
01:48:08,Light Rain Shower,6,6,3
01:50:09,Light Rain Shower,6,6,3
01:52:08,Light Rain Shower,6,6,3
01:54:08,Light Rain Shower,6,6,3
01:56:09,Light Rain Shower,6,6,3
01:58:08,Light Rain Shower,6,6,3
02:00:09,Light Rain Shower,6,6,3
02:02:08,Light Rain Shower,6,6,3
02:04:09,Light Rain Shower,6,6,3
02:06:08,Light Rain Shower,6,6,3
02:08:08,Light Rain Shower,6,6,3
02:10:08,Light Rain Shower,5,2,12
02:12:09,Light Rain Shower,5,2,12
02:14:08,Light Rain Shower,5,2,12
02:16:09,Light Rain Shower,5,2,12
02:18:09,Light Rain Shower,5,2,12
02:20:09,Light Rain Shower,5,2,12
02:22:08,Light Rain Shower,5,2,12
02:24:09,Light Rain Shower,5,2,12
02:26:09,Light Rain Shower,5,2,12
02:28:09,Light Rain Shower,5,2,12
02:30:08,Light Rain Shower,5,2,12
02:32:09,Light Rain Shower,5,2,12
02:34:09,Light Rain Shower,5,2,12
02:36:09,Light Rain Shower,5,2,12
02:38:08,Light Rain Shower,5,2,12
02:40:09,Light Rain Shower,5,2,12
02:42:08,Light Rain Shower,5,2,12
02:44:09,Light Rain Shower,5,2,12
02:46:09,Light Rain Shower,5,2,12
02:48:08,Light Rain Shower,5,2,12
02:50:09,Light Rain Shower,5,2,12
02:52:09,Light Rain Shower,5,2,12
02:54:08,Light Rain Shower,5,2,12
02:56:09,Light Rain Shower,5,2,12
02:58:09,Light Rain Shower,5,2,12
03:00:09,Light Rain Shower,5,2,12
03:02:09,Light Rain Shower,5,2,12
03:04:08,Light Rain Shower,5,2,12
03:06:09,Light Rain Shower,5,2,12
03:08:09,Light Rain Shower,5,2,12
03:10:09,Light Rain,3,1,9
03:12:08,Light Rain,3,1,9
03:14:09,Light Rain,3,1,9
03:16:09,Light Rain,3,1,9
03:18:09,Light Rain,3,1,9
03:20:09,Light Rain,3,1,9
03:22:09,Light Rain,3,1,9
03:24:08,Light Rain,3,1,9
03:26:08,Light Rain,3,1,9
03:28:08,Light Rain,3,1,9
03:30:09,Light Rain,3,1,9
03:32:09,Light Rain,3,1,9
03:34:08,Light Rain,3,1,9
03:36:09,Light Rain,3,1,9
03:38:09,Light Rain,3,1,9
03:40:09,Light Rain,3,1,9
03:42:09,Light Rain,3,1,9
03:44:09,Light Rain,3,1,9
03:46:08,Light Rain,3,1,9
03:48:09,Light Rain,3,1,9
03:50:08,Light Rain,3,1,9
03:52:09,Light Rain,3,1,9
03:54:09,Light Rain,3,1,9
03:56:08,Light Rain,3,1,9
03:58:08,Light Rain,3,1,9
04:00:09,Light Rain,3,1,9
04:02:09,Light Rain,3,1,9
04:04:09,Light Rain,3,1,9
04:06:09,Light Rain,3,1,9
04:08:08,Light Rain,3,1,9
04:10:08,Light Rain,3,1,9
04:12:09,Light Rain,3,1,9
04:14:09,Light Rain,3,1,9
04:16:09,Light Rain,3,1,9
04:18:08,Light Rain,3,1,9
04:20:09,Light Rain,3,1,9
04:22:08,Light Rain,3,1,9
04:24:09,Light Rain,3,1,9
04:26:08,Light Rain,3,1,9
04:28:08,Light Rain,3,1,9
04:30:09,Light Rain,3,1,9
04:32:09,Light Rain,3,1,9
04:34:08,Light Rain,3,1,9
04:36:09,Light Rain,3,1,9
04:38:09,Light Rain,3,1,9
04:40:08,Light Rain,3,1,9
04:42:09,Light Rain,3,1,9
04:44:08,Light Rain,3,1,9
04:46:08,Light Rain,3,1,9
04:48:09,Light Rain,3,1,9
04:50:09,Light Rain,3,1,9
04:52:08,Light Rain,3,1,9
04:54:09,Light Rain,3,1,9
04:56:09,Light Rain,3,1,9
04:58:09,Light Rain,3,1,9
05:00:09,Light Rain,3,1,9
05:02:09,Light Rain,3,1,9
05:04:09,Light Rain,3,1,9
05:06:08,Light Rain,3,1,9
05:08:09,Light Rain,3,1,9
05:10:09,Light Rain,3,1,9
05:12:09,Light Rain,3,1,9
05:14:09,Light Rain,3,1,9
05:16:08,Light Rain,3,1,9
05:18:09,Light Rain,3,1,9
05:20:08,Light Rain,3,1,9
05:22:09,Light Rain,3,1,9
05:24:09,Light Rain,3,1,9
05:26:08,Light Rain,3,1,9
05:28:09,Light Rain,3,1,9
05:30:09,Light Rain,3,1,9
05:32:08,Light Rain,3,1,9
05:34:09,Light Rain,3,1,9
05:36:09,Light Rain,3,1,9
05:38:08,Light Rain,3,1,9
05:40:09,Light Rain,3,1,9
05:42:08,Light Rain,3,1,9
05:44:08,Light Rain,3,1,9
05:46:09,Light Rain,3,1,9
05:48:09,Light Rain,3,1,9
05:50:08,Light Rain,3,1,9
05:52:09,Light Rain,3,1,9
05:54:08,Light Rain,3,1,9
05:56:08,Light Rain,3,1,9
05:58:09,Light Rain,3,1,9
06:00:08,Light Rain,3,1,9
06:02:09,Light Rain,3,1,9
06:04:09,Light Rain,3,1,9
06:06:08,Light Rain,3,1,9
06:08:08,Light Rain,3,1,9
06:10:09,Light Rain,3,1,9
06:12:09,Light Rain,3,1,9
06:14:08,Light Rain,3,1,9
06:16:09,Light Rain,3,0,16
06:18:08,Light Rain,3,0,16
06:20:08,Light Rain,3,0,16
06:22:09,Light Rain,3,0,16
06:24:08,Light Rain,3,0,16
06:26:09,Light Rain,3,0,16
06:28:09,Light Rain,3,0,16
06:30:08,Light Rain,3,0,16
06:32:08,Light Rain,3,0,16
06:34:09,Light Rain,3,0,16
06:36:09,Light Rain,3,0,16
06:38:08,Light Rain,3,0,16
06:40:09,Light Rain,3,0,16
06:42:08,Light Rain,3,0,16
06:44:08,Light Rain,3,0,16
06:46:09,Light Rain,3,0,16
06:48:08,Light Rain,3,0,16
06:50:09,Light Rain,3,0,16
06:52:09,Light Rain,3,0,16
06:54:09,Light Rain,3,0,16
06:56:09,Light Rain,3,0,16
06:58:08,Light Rain,3,0,16
07:00:09,Light Rain,3,0,16
07:02:08,Light Rain,3,0,16
07:04:08,Light Rain,3,0,16
07:06:09,Light Rain,3,0,16
07:08:08,Light Rain,3,0,16
07:10:08,Light Rain,3,0,16
07:12:09,Light Rain,3,0,16
07:14:09,Light Rain,3,0,16
07:16:08,Mostly Cloudy,3,0,19
07:18:09,Mostly Cloudy,3,0,19
07:20:08,Mostly Cloudy,3,0,19
07:22:09,Mostly Cloudy,3,0,19
07:24:09,Mostly Cloudy,3,0,19
07:26:09,Mostly Cloudy,3,0,19
07:28:09,Mostly Cloudy,3,0,19
07:30:08,Mostly Cloudy,3,0,19
07:32:09,Mostly Cloudy,3,0,19
07:34:09,Mostly Cloudy,3,0,19
07:36:09,Mostly Cloudy,3,0,19
07:38:09,Mostly Cloudy,3,0,19
07:40:09,Mostly Cloudy,3,0,19
07:42:09,Mostly Cloudy,3,0,19
07:44:08,Mostly Cloudy,3,0,19
07:46:08,Mostly Cloudy,3,0,19
07:48:09,Mostly Cloudy,3,0,19
07:50:08,Mostly Cloudy,3,0,19
07:52:09,Mostly Cloudy,3,0,19
07:54:08,Mostly Cloudy,3,0,19
07:56:09,Mostly Cloudy,3,0,19
07:58:09,Mostly Cloudy,3,0,19
08:00:09,Mostly Cloudy,3,0,19
08:02:08,Mostly Cloudy,3,0,19
08:04:09,Mostly Cloudy,3,0,19
08:06:08,Mostly Cloudy,3,0,19
08:08:09,Mostly Cloudy,3,0,19
08:10:09,Mostly Cloudy,2,-1,20
08:12:09,Mostly Cloudy,2,-1,20
08:14:09,Mostly Cloudy,2,-1,20
08:16:08,Mostly Cloudy,2,-1,20
08:18:09,Mostly Cloudy,2,-1,20
08:20:08,Mostly Cloudy,2,-1,20
08:22:09,Mostly Cloudy,2,-1,20
08:24:09,Mostly Cloudy,2,-1,20
08:26:09,Mostly Cloudy,2,-1,20
08:28:09,Mostly Cloudy,2,-1,20
08:30:09,Mostly Cloudy,2,-1,20
08:32:08,Mostly Cloudy,2,-1,20
08:34:08,Mostly Cloudy,2,-1,20
08:36:09,Mostly Cloudy,2,-1,20
08:38:08,Mostly Cloudy,2,-1,20
08:40:09,Mostly Cloudy,2,-1,20
08:42:09,Mostly Cloudy,2,-1,20
08:44:09,Mostly Cloudy,2,-1,20
08:46:08,Mostly Cloudy,2,-1,20
08:48:09,Mostly Cloudy,2,-1,20
08:50:09,Mostly Cloudy,2,-1,20
08:52:08,Mostly Cloudy,2,-1,20
08:54:09,Mostly Cloudy,2,-1,20
08:56:08,Mostly Cloudy,2,-1,20
08:58:09,Mostly Cloudy,2,-1,20
09:00:09,Mostly Cloudy,2,-1,20
09:02:08,Mostly Cloudy,2,-1,20
09:04:09,Mostly Cloudy,2,-1,20
09:06:08,Mostly Cloudy,2,-1,20
09:08:08,Mostly Cloudy,2,-1,20
09:10:09,Mostly Cloudy,2,-2,16
09:12:09,Mostly Cloudy,2,-2,16
09:14:08,Mostly Cloudy,2,-2,16
09:16:09,Mostly Cloudy,2,-2,16
09:18:08,Mostly Cloudy,2,-2,16
09:20:09,Mostly Cloudy,2,-2,16
09:22:08,Mostly Cloudy,2,-2,16
09:24:09,Mostly Cloudy,2,-2,16
09:26:09,Mostly Cloudy,2,-2,16
09:28:09,Mostly Cloudy,2,-2,16
09:30:09,Mostly Cloudy,2,-2,16
09:32:09,Mostly Cloudy,2,-2,16
09:34:08,Mostly Cloudy,2,-2,16
09:36:09,Mostly Cloudy,2,-2,16
09:38:09,Mostly Cloudy,2,-2,16
09:40:09,Mostly Cloudy,2,-2,16
09:42:09,Mostly Cloudy,2,-2,16
09:44:09,Mostly Cloudy,2,-2,16
09:46:09,Mostly Cloudy,2,-2,16
09:48:09,Mostly Cloudy,2,-2,16
09:50:08,Mostly Cloudy,2,-2,16
09:52:09,Mostly Cloudy,2,-2,16
09:54:08,Mostly Cloudy,2,-2,16
09:56:09,Mostly Cloudy,2,-2,16
09:58:09,Mostly Cloudy,2,-2,16
10:00:08,Mostly Cloudy,2,-2,16
10:02:09,Mostly Cloudy,2,-2,16
10:04:08,Mostly Cloudy,2,-2,16
10:06:09,Mostly Cloudy,2,-2,16
10:08:09,Mostly Cloudy,2,-2,16
10:10:09,Partly Cloudy,2,-2,16
10:12:09,Partly Cloudy,2,-2,16
10:14:08,Partly Cloudy,2,-2,16
10:16:08,Partly Cloudy,2,-2,16
10:18:09,Partly Cloudy,2,-2,16
10:20:09,Partly Cloudy,2,-2,16
10:22:08,Partly Cloudy,2,-2,16
10:24:09,Partly Cloudy,2,-2,16
10:26:09,Partly Cloudy,2,-2,16
10:28:08,Partly Cloudy,2,-2,16
10:30:09,Partly Cloudy,2,-2,16
10:32:09,Partly Cloudy,2,-2,16
10:34:09,Partly Cloudy,2,-2,16
10:36:09,Partly Cloudy,2,-2,16
10:38:09,Partly Cloudy,2,-2,16
10:40:08,Partly Cloudy,2,-2,16
10:42:08,Partly Cloudy,2,-2,16
10:44:09,Partly Cloudy,2,-2,16
10:46:08,Partly Cloudy,2,-2,16
10:48:09,Partly Cloudy,2,-2,16
10:50:09,Partly Cloudy,2,-2,16
10:52:08,Partly Cloudy,2,-2,16
10:54:09,Partly Cloudy,2,-2,16
10:56:09,Partly Cloudy,2,-2,16
10:58:09,Partly Cloudy,2,-2,16
11:00:09,Partly Cloudy,2,-2,16
11:02:08,Partly Cloudy,2,-2,16
11:04:09,Partly Cloudy,2,-2,16
11:06:09,Partly Cloudy,2,-2,16
11:08:08,Partly Cloudy,2,-2,16
11:10:09,Fair,3,0,19
11:12:09,Fair,3,0,19
11:14:09,Fair,3,0,19
11:16:08,Fair,3,0,19
11:18:08,Fair,3,0,19
11:20:09,Fair,3,0,19
11:22:09,Fair,3,0,19
11:24:08,Fair,3,0,19
11:26:08,Fair,3,0,19
11:28:09,Fair,3,0,19
11:30:08,Fair,3,0,19
11:32:09,Fair,3,0,19
11:34:09,Fair,3,0,19
11:36:09,Fair,3,0,19
11:38:08,Fair,3,0,19
11:40:09,Fair,3,0,19
11:42:08,Fair,3,0,19
11:44:09,Fair,3,0,19
11:46:09,Fair,3,0,19
11:48:08,Fair,3,0,19
11:50:09,Fair,3,0,19
11:52:09,Fair,3,0,19
11:54:09,Fair,3,0,19
11:56:08,Fair,3,0,19
11:58:09,Fair,3,0,19
12:00:08,Fair,3,0,19
12:02:09,Fair,3,0,19
12:04:09,Fair,3,0,19
12:06:08,Fair,3,0,19
12:08:09,Fair,3,0,19
12:10:09,Fair,3,0,19
12:12:08,Fair,3,0,19
12:14:09,Fair,3,0,19
12:16:08,Fair,6,2,22
12:18:09,Fair,6,2,22
12:20:08,Fair,6,2,22
12:22:08,Fair,6,2,22
12:24:09,Fair,6,2,22
12:26:08,Fair,6,2,22
12:28:09,Fair,6,2,22
12:30:09,Fair,6,2,22
12:32:08,Fair,6,2,22
12:34:08,Fair,6,2,22
12:36:09,Fair,6,2,22
12:38:09,Fair,6,2,22
12:40:08,Fair,6,2,22
12:42:09,Fair,6,2,22
12:44:09,Fair,6,2,22
12:46:09,Fair,6,2,22
12:48:08,Fair,6,2,22
12:50:08,Fair,6,2,22
12:52:09,Fair,6,2,22
12:54:09,Fair,6,2,22
12:56:08,Fair,6,2,22
12:58:08,Fair,6,2,22
13:00:09,Fair,6,2,22
13:02:08,Fair,6,2,22
13:04:09,Fair,6,2,22
13:06:09,Fair,6,2,22
13:08:08,Fair,6,2,22
13:10:08,Fair,6,2,22
13:12:09,Fair,6,2,22
13:14:08,Fair,6,2,22
13:16:09,Partly Cloudy,6,2,20
13:18:09,Partly Cloudy,6,2,20
13:20:09,Partly Cloudy,6,2,20
13:22:08,Partly Cloudy,6,2,20
13:24:09,Partly Cloudy,6,2,20
13:26:08,Partly Cloudy,6,2,20
13:28:09,Partly Cloudy,6,2,20
13:30:08,Partly Cloudy,6,2,20
13:32:09,Partly Cloudy,6,2,20
13:34:09,Partly Cloudy,6,2,20
13:36:08,Partly Cloudy,6,2,20
13:38:09,Partly Cloudy,6,2,20
13:40:09,Partly Cloudy,6,2,20
13:42:08,Partly Cloudy,6,2,20
13:44:09,Partly Cloudy,6,2,20
13:46:09,Partly Cloudy,6,2,20
13:48:08,Partly Cloudy,6,2,20
13:50:09,Partly Cloudy,6,2,20
13:52:09,Partly Cloudy,6,2,20
13:54:09,Partly Cloudy,6,2,20
13:56:09,Partly Cloudy,6,2,20
13:58:09,Partly Cloudy,6,2,20
14:00:09,Partly Cloudy,6,2,20
14:02:08,Partly Cloudy,6,2,20
14:04:09,Partly Cloudy,6,2,20
14:06:08,Partly Cloudy,6,2,20
14:08:09,Partly Cloudy,6,2,20
14:10:09,Partly Cloudy,6,2,20
14:12:08,Partly Cloudy,6,2,20
14:14:09,Partly Cloudy,6,2,20
14:16:09,Mostly Cloudy,6,2,20
14:18:09,Mostly Cloudy,6,2,20
14:20:09,Mostly Cloudy,6,2,20
14:22:08,Mostly Cloudy,6,2,20
14:24:08,Mostly Cloudy,6,2,20
14:26:09,Mostly Cloudy,6,2,20
14:28:09,Mostly Cloudy,6,2,20
14:30:08,Mostly Cloudy,6,2,20
14:32:09,Mostly Cloudy,6,2,20
14:34:09,Mostly Cloudy,6,2,20
14:36:08,Mostly Cloudy,6,2,20
14:38:09,Mostly Cloudy,6,2,20
14:40:09,Mostly Cloudy,6,2,20
14:42:09,Mostly Cloudy,6,2,20
14:44:09,Mostly Cloudy,6,2,20
14:46:08,Mostly Cloudy,6,2,20
14:48:09,Mostly Cloudy,6,2,20
14:50:09,Mostly Cloudy,6,2,20
14:52:08,Mostly Cloudy,6,2,20
14:54:09,Mostly Cloudy,6,2,20
14:56:09,Mostly Cloudy,6,2,20
14:58:08,Mostly Cloudy,6,2,20
15:00:09,Mostly Cloudy,6,2,20
15:02:08,Mostly Cloudy,6,2,20
15:04:08,Mostly Cloudy,6,2,20
15:06:09,Mostly Cloudy,6,2,20
15:08:09,Mostly Cloudy,6,2,20
15:10:09,Mostly Cloudy,6,2,20
15:12:09,Mostly Cloudy,6,2,20
15:14:09,Mostly Cloudy,6,2,20
15:16:09,Partly Cloudy,6,2,20
15:18:09,Partly Cloudy,6,2,20
15:20:08,Partly Cloudy,6,2,20
15:22:09,Partly Cloudy,6,2,20
15:24:09,Partly Cloudy,6,2,20
15:26:08,Partly Cloudy,6,2,20
15:28:09,Partly Cloudy,6,2,20
15:30:09,Partly Cloudy,6,2,20
15:32:08,Partly Cloudy,6,2,20
15:34:08,Partly Cloudy,6,2,20
15:36:09,Partly Cloudy,6,2,20
15:38:08,Partly Cloudy,6,2,20
15:40:08,Partly Cloudy,6,2,20
15:42:09,Partly Cloudy,6,2,20
15:44:08,Partly Cloudy,6,2,20
15:46:09,Partly Cloudy,6,2,20
15:48:08,Partly Cloudy,6,2,20
15:50:09,Partly Cloudy,6,2,20
15:52:09,Partly Cloudy,6,2,20
15:54:08,Partly Cloudy,6,2,20
15:56:09,Partly Cloudy,6,2,20
15:58:09,Partly Cloudy,6,2,20
16:00:08,Partly Cloudy,6,2,20
16:02:09,Partly Cloudy,6,2,20
16:04:08,Partly Cloudy,6,2,20
16:06:09,Partly Cloudy,6,2,20
16:08:09,Partly Cloudy,6,2,20
16:10:08,Partly Cloudy,6,2,20
16:12:09,Partly Cloudy,6,2,20
16:14:08,Partly Cloudy,6,2,20
16:16:08,Fair,3,0,14
16:18:09,Fair,3,0,14
16:20:09,Fair,3,0,14
16:22:09,Fair,3,0,14
16:24:08,Fair,3,0,14
16:26:09,Fair,3,0,14
16:28:09,Fair,3,0,14
16:30:08,Fair,3,0,14
16:32:09,Fair,3,0,14
16:34:08,Fair,3,0,14
16:36:09,Fair,3,0,14
16:38:08,Fair,3,0,14
16:40:09,Fair,3,0,14
16:42:09,Fair,3,0,14
16:44:09,Fair,3,0,14
16:46:09,Fair,3,0,14
16:48:09,Fair,3,0,14
16:50:09,Fair,3,0,14
16:52:09,Fair,3,0,14
16:54:08,Fair,3,0,14
16:56:09,Fair,3,0,14
16:58:09,Fair,3,0,14
17:00:09,Fair,3,0,14
17:02:09,Fair,3,0,14
17:04:09,Fair,3,0,14
17:06:08,Fair,3,0,14
17:08:08,Fair,3,0,14
17:10:09,Fair,3,0,14
17:12:09,Fair,3,0,14
17:14:09,Fair,3,0,14
17:16:09,Mostly Cloudy,2,0,14
17:18:09,Mostly Cloudy,2,0,14
17:20:09,Mostly Cloudy,2,0,14
17:22:09,Mostly Cloudy,2,0,14
17:24:08,Mostly Cloudy,2,0,14
17:26:08,Mostly Cloudy,2,0,14
17:28:09,Mostly Cloudy,2,0,14
17:30:09,Mostly Cloudy,2,0,14
17:32:08,Mostly Cloudy,2,0,14
17:34:09,Mostly Cloudy,2,0,14
17:36:09,Mostly Cloudy,2,0,14
17:38:09,Mostly Cloudy,2,0,14
17:40:09,Mostly Cloudy,2,0,14
17:42:09,Mostly Cloudy,2,0,14
17:44:09,Mostly Cloudy,2,0,14
17:46:09,Mostly Cloudy,2,0,14
17:48:08,Mostly Cloudy,2,0,14
17:50:09,Mostly Cloudy,2,0,14
17:52:08,Mostly Cloudy,2,0,14
17:54:09,Mostly Cloudy,2,0,14
17:56:09,Mostly Cloudy,2,0,14
17:58:09,Mostly Cloudy,2,0,14
18:00:08,Mostly Cloudy,2,0,14
18:02:09,Mostly Cloudy,2,0,14
18:04:09,Mostly Cloudy,2,0,14
18:06:09,Mostly Cloudy,2,0,14
18:08:09,Mostly Cloudy,2,0,14
18:10:08,Mostly Cloudy,2,0,14
18:12:09,Mostly Cloudy,2,0,14
18:14:08,Mostly Cloudy,2,0,14
18:16:09,Mostly Cloudy,3,0,16
18:18:09,Mostly Cloudy,3,0,16
18:20:09,Mostly Cloudy,3,0,16
18:22:08,Mostly Cloudy,3,0,16
18:24:09,Mostly Cloudy,3,0,16
18:26:09,Mostly Cloudy,3,0,16
18:28:08,Mostly Cloudy,3,0,16
18:30:09,Mostly Cloudy,3,0,16
18:32:09,Mostly Cloudy,3,0,16
18:34:08,Mostly Cloudy,3,0,16
18:36:09,Mostly Cloudy,3,0,16
18:38:08,Mostly Cloudy,3,0,16
18:40:09,Mostly Cloudy,3,0,16
18:42:08,Mostly Cloudy,3,0,16
18:44:09,Mostly Cloudy,3,0,16
18:46:09,Mostly Cloudy,3,0,16
18:48:09,Mostly Cloudy,3,0,16
18:50:09,Mostly Cloudy,3,0,16
18:52:08,Mostly Cloudy,3,0,16
18:54:09,Mostly Cloudy,3,0,16
18:56:09,Mostly Cloudy,3,0,16
18:58:08,Mostly Cloudy,3,0,16
19:00:09,Mostly Cloudy,3,0,16
19:02:08,Mostly Cloudy,3,0,16
19:04:09,Mostly Cloudy,3,0,16
19:06:09,Mostly Cloudy,3,0,16
19:08:09,Mostly Cloudy,3,0,16
19:10:08,Fair,2,-1,16
19:12:09,Fair,2,-1,16
19:14:09,Fair,2,-1,16
19:16:09,Fair,2,-1,16
19:18:09,Fair,2,-1,16
19:20:08,Fair,2,-1,16
19:22:08,Fair,2,-1,16
19:24:09,Fair,2,-1,16
19:26:08,Fair,2,-1,16
19:28:09,Fair,2,-1,16
19:30:08,Fair,2,-1,16
19:32:08,Fair,2,-1,16
19:34:09,Fair,2,-1,16
19:36:08,Fair,2,-1,16
19:38:09,Fair,2,-1,16
19:40:08,Fair,2,-1,16
19:42:08,Fair,2,-1,16
19:44:09,Fair,2,-1,16
19:46:09,Fair,2,-1,16
19:48:08,Fair,2,-1,16
19:50:09,Fair,2,-1,16
19:52:08,Fair,2,-1,16
19:54:09,Fair,2,-1,16
19:56:09,Fair,2,-1,16
19:58:09,Fair,2,-1,16
20:00:09,Fair,2,-1,16
20:02:08,Fair,2,-1,16
20:04:09,Fair,2,-1,16
20:06:09,Fair,2,-1,16
20:08:08,Fair,2,-2,19
20:10:09,Fair,2,-2,19
20:12:09,Fair,2,-2,19
20:14:09,Fair,2,-2,19
20:16:08,Fair,2,-2,19
20:18:09,Fair,2,-2,19
20:20:09,Fair,2,-2,19
20:22:09,Fair,2,-2,19
20:24:08,Fair,2,-2,19
20:26:09,Fair,2,-2,19
20:28:09,Fair,2,-2,19
20:30:08,Fair,2,-2,19
20:32:09,Fair,2,-2,19
20:34:09,Fair,2,-2,19
20:36:09,Fair,2,-2,19
20:38:09,Fair,2,-2,19
20:40:09,Fair,2,-2,19
20:42:09,Fair,2,-2,19
20:44:08,Fair,2,-2,19
20:46:08,Fair,2,-2,19
20:48:09,Fair,2,-2,19
20:50:09,Fair,2,-2,19
20:52:08,Fair,2,-2,19
20:54:09,Fair,2,-2,19
20:56:09,Fair,2,-2,19
20:58:08,Fair,2,-2,19
21:00:08,Fair,2,-2,19
21:02:09,Fair,2,-2,19
21:04:08,Fair,2,-2,19
21:06:09,Fair,2,-2,19
21:08:09,Fair,2,-2,19
21:10:09,Partly Cloudy,2,-2,19
21:12:08,Partly Cloudy,2,-2,19
21:14:09,Partly Cloudy,2,-2,19
21:16:09,Partly Cloudy,2,-2,19
21:18:08,Partly Cloudy,2,-2,19
21:20:08,Partly Cloudy,2,-2,19
21:22:09,Partly Cloudy,2,-2,19
21:24:09,Partly Cloudy,2,-2,19
21:26:08,Partly Cloudy,2,-2,19
21:28:09,Partly Cloudy,2,-2,19
21:30:09,Partly Cloudy,2,-2,19
21:32:09,Partly Cloudy,2,-2,19
21:34:09,Partly Cloudy,2,-2,19
21:36:09,Partly Cloudy,2,-2,19
21:38:08,Partly Cloudy,2,-2,19
21:40:08,Partly Cloudy,2,-2,19
21:42:09,Partly Cloudy,2,-2,19
21:44:09,Partly Cloudy,2,-2,19
21:46:08,Partly Cloudy,2,-2,19
21:48:09,Partly Cloudy,2,-2,19
21:50:09,Partly Cloudy,2,-2,19
21:52:09,Partly Cloudy,2,-2,19
21:54:09,Partly Cloudy,2,-2,19
21:56:08,Partly Cloudy,2,-2,19
21:58:08,Partly Cloudy,2,-2,19
22:00:09,Partly Cloudy,2,-2,19
22:02:08,Partly Cloudy,2,-2,19
22:04:09,Partly Cloudy,2,-2,19
22:06:08,Partly Cloudy,2,-2,19
22:08:09,Partly Cloudy,2,-2,19
22:10:09,Fair,2,-2,20
22:12:09,Fair,2,-2,20
22:14:09,Fair,2,-2,20
22:16:08,Fair,2,-2,20
22:18:09,Fair,2,-2,20
22:20:08,Fair,2,-2,20
22:22:08,Fair,2,-2,20
22:24:09,Fair,2,-2,20
22:26:09,Fair,2,-2,20
22:28:09,Fair,2,-2,20
22:30:08,Fair,2,-2,20
22:32:09,Fair,2,-2,20
22:34:08,Fair,2,-2,20
22:36:09,Fair,2,-2,20
22:38:09,Fair,2,-2,20
22:40:09,Fair,2,-2,20
22:42:09,Fair,2,-2,20
22:44:09,Fair,2,-2,20
22:46:08,Fair,2,-2,20
22:48:09,Fair,2,-2,20
22:50:09,Fair,2,-2,20
22:52:09,Fair,2,-2,20
22:54:08,Fair,2,-2,20
22:56:08,Fair,2,-2,20
22:58:09,Fair,2,-2,20
23:00:09,Fair,2,-2,20
23:02:09,Fair,2,-2,20
23:04:09,Fair,2,-2,20
23:06:08,Fair,2,-2,20
23:08:09,Fair,2,-2,20
23:10:09,Fair,2,-2,20
23:12:08,Fair,2,-2,20
23:14:09,Fair,2,-2,20
23:16:09,Fair,2,-1,24
23:18:09,Fair,2,-1,24
23:20:09,Fair,2,-1,24
23:22:08,Fair,2,-1,24
23:24:09,Fair,2,-1,24
23:26:09,Fair,2,-1,24
23:28:08,Fair,2,-1,24
23:30:09,Fair,2,-1,24
23:32:09,Fair,2,-1,24
23:34:08,Fair,2,-1,24
23:36:09,Fair,2,-1,24
23:38:08,Fair,2,-1,24
23:40:09,Fair,2,-1,24
23:42:08,Fair,2,-1,24
23:44:09,Fair,2,-1,24
23:46:09,Fair,2,-1,24
23:48:09,Fair,2,-1,24
23:50:09,Fair,2,-1,24
23:52:08,Fair,2,-1,24
23:54:09,Fair,2,-1,24
23:56:09,Fair,2,-1,24
23:58:09,Fair,2,-1,24
