Time,Weather,Temperature,Feels_Like,Wind_Speed
00:00:08,Mostly Cloudy,12,12,11
00:02:08,Mostly Cloudy,12,12,11
00:04:09,Mostly Cloudy,12,12,11
00:06:09,Mostly Cloudy,12,12,11
00:08:09,Mostly Cloudy,12,12,11
00:10:08,Mostly Cloudy,12,12,8
00:12:09,Mostly Cloudy,12,12,8
00:14:09,Mostly Cloudy,12,12,8
00:16:09,Mostly Cloudy,12,12,8
00:18:09,Mostly Cloudy,12,12,8
00:20:09,Mostly Cloudy,12,12,8
00:22:09,Mostly Cloudy,12,12,8
00:24:09,Mostly Cloudy,12,12,8
00:26:08,Mostly Cloudy,12,12,8
00:28:09,Mostly Cloudy,12,12,8
00:30:09,Mostly Cloudy,12,12,8
00:32:09,Mostly Cloudy,12,12,8
00:34:08,Mostly Cloudy,12,12,8
00:36:09,Mostly Cloudy,12,12,8
00:38:09,Mostly Cloudy,12,12,8
00:40:08,Mostly Cloudy,12,12,8
00:42:09,Mostly Cloudy,12,12,8
00:44:09,Mostly Cloudy,12,12,8
00:46:09,Mostly Cloudy,12,12,8
00:48:09,Mostly Cloudy,12,12,8
00:50:09,Mostly Cloudy,12,12,8
00:52:09,Mostly Cloudy,12,12,8
00:54:08,Mostly Cloudy,12,12,8
00:56:09,Mostly Cloudy,12,12,8
00:58:08,Mostly Cloudy,12,12,8
01:00:17,Mostly Cloudy,12,12,8
01:02:09,Mostly Cloudy,12,12,8
01:04:08,Mostly Cloudy,12,12,8
01:06:09,Mostly Cloudy,12,12,8
01:08:09,Mostly Cloudy,12,12,8
01:10:08,Mostly Cloudy,12,12,8
01:12:09,Mostly Cloudy,12,12,8
01:14:09,Mostly Cloudy,12,12,8
01:16:08,Mostly Cloudy,13,13,8
01:18:09,Mostly Cloudy,13,13,8
01:20:08,Mostly Cloudy,13,13,8
01:22:08,Mostly Cloudy,13,13,8
01:24:09,Mostly Cloudy,13,13,8
01:26:09,Mostly Cloudy,13,13,8
01:28:09,Mostly Cloudy,13,13,8
01:30:09,Mostly Cloudy,13,13,8
01:32:09,Mostly Cloudy,13,13,8
01:34:09,Mostly Cloudy,13,13,8
01:36:08,Mostly Cloudy,13,13,8
01:38:09,Mostly Cloudy,13,13,8
01:40:09,Mostly Cloudy,13,13,8
01:42:09,Mostly Cloudy,13,13,8
01:44:08,Mostly Cloudy,13,13,8
01:46:09,Mostly Cloudy,13,13,8
01:48:09,Mostly Cloudy,13,13,8
01:50:08,Mostly Cloudy,13,13,8
01:52:08,Mostly Cloudy,13,13,8
01:54:09,Mostly Cloudy,13,13,8
01:56:09,Mostly Cloudy,13,13,8
01:58:08,Mostly Cloudy,13,13,8
02:00:09,Mostly Cloudy,13,13,8
02:02:08,Mostly Cloudy,13,13,8
02:04:09,Mostly Cloudy,13,13,8
02:06:09,Mostly Cloudy,13,13,8
02:08:09,Mostly Cloudy,13,13,8
02:10:08,Mostly Cloudy,13,13,8
02:12:09,Mostly Cloudy,13,13,8
02:14:09,Mostly Cloudy,13,13,8
02:16:09,Mostly Cloudy,13,13,8
02:18:09,Mostly Cloudy,13,13,8
02:20:09,Mostly Cloudy,13,13,8
02:22:09,Mostly Cloudy,13,13,8
02:24:08,Mostly Cloudy,13,13,8
02:26:08,Mostly Cloudy,13,13,8
02:28:09,Mostly Cloudy,13,13,8
02:30:09,Mostly Cloudy,13,13,8
02:32:08,Mostly Cloudy,13,13,8
02:34:09,Mostly Cloudy,13,13,8
02:36:09,Mostly Cloudy,13,13,8
02:38:09,Mostly Cloudy,13,13,8
02:40:08,Mostly Cloudy,13,13,8
02:42:09,Mostly Cloudy,13,13,8
02:44:09,Mostly Cloudy,13,13,8
02:46:08,Mostly Cloudy,13,13,8
02:48:09,Mostly Cloudy,13,13,8
02:50:09,Mostly Cloudy,13,13,8
02:52:09,Mostly Cloudy,13,13,8
02:54:09,Mostly Cloudy,13,13,8
02:56:09,Mostly Cloudy,13,13,8
02:58:09,Mostly Cloudy,13,13,8
03:00:08,Mostly Cloudy,13,13,8
03:02:08,Mostly Cloudy,13,13,8
03:04:09,Mostly Cloudy,13,13,8
03:06:09,Mostly Cloudy,13,13,8
03:08:09,Mostly Cloudy,13,13,8
03:10:08,Mostly Cloudy,13,13,8
03:12:09,Mostly Cloudy,13,13,8
03:14:09,Mostly Cloudy,13,13,8
03:16:09,Light Rain,13,13,9
03:18:09,Light Rain,13,13,9
03:20:08,Light Rain,13,13,9
03:22:09,Light Rain,13,13,9
03:24:09,Light Rain,13,13,9
03:26:08,Light Rain,13,13,9
03:28:09,Light Rain,13,13,9
03:30:09,Light Rain,13,13,9
03:32:08,Light Rain,13,13,9
03:34:09,Light Rain,13,13,9
03:36:09,Light Rain,13,13,9
03:38:08,Light Rain,13,13,9
03:40:09,Light Rain,13,13,9
03:42:09,Light Rain,13,13,9
03:44:09,Light Rain,13,13,9
03:46:09,Light Rain,13,13,9
03:48:08,Light Rain,13,13,9
03:50:09,Light Rain,13,13,9
03:52:09,Light Rain,13,13,9
03:54:08,Light Rain,13,13,9
03:56:09,Light Rain,13,13,9
03:58:09,Light Rain,13,13,9
04:00:08,Light Rain,13,13,9
04:02:09,Light Rain,13,13,9
04:04:09,Light Rain,13,13,9
04:06:09,Light Rain,13,13,9
04:08:08,Light Rain,13,13,9
04:10:09,Light Rain,13,13,9
04:12:09,Light Rain,13,13,9
04:14:08,Mostly Cloudy,13,13,12
04:16:09,Mostly Cloudy,13,13,12
04:18:09,Mostly Cloudy,13,13,12
04:20:08,Mostly Cloudy,13,13,12
04:22:09,Mostly Cloudy,13,13,12
04:24:08,Mostly Cloudy,13,13,12
04:26:09,Mostly Cloudy,13,13,12
04:28:09,Mostly Cloudy,13,13,12
04:30:09,Mostly Cloudy,13,13,12
04:32:09,Mostly Cloudy,13,13,12
04:34:08,Mostly Cloudy,13,13,12
04:36:09,Mostly Cloudy,13,13,12
04:38:09,Mostly Cloudy,13,13,12
04:40:08,Mostly Cloudy,13,13,12
04:42:09,Mostly Cloudy,13,13,12
04:44:09,Mostly Cloudy,13,13,12
04:46:08,Mostly Cloudy,13,13,12
04:48:09,Mostly Cloudy,13,13,12
04:50:09,Mostly Cloudy,13,13,12
04:52:08,Mostly Cloudy,13,13,12
04:54:09,Mostly Cloudy,13,13,12
04:56:09,Mostly Cloudy,13,13,12
04:58:09,Mostly Cloudy,13,13,12
05:00:09,Mostly Cloudy,13,13,12
05:02:09,Mostly Cloudy,13,13,12
05:04:09,Mostly Cloudy,13,13,12
05:06:09,Mostly Cloudy,13,13,12
05:08:08,Mostly Cloudy,13,13,12
05:10:09,Mostly Cloudy,13,13,12
05:12:09,Mostly Cloudy,13,13,12
05:14:09,Light Rain,12,12,9
05:16:09,Light Rain,12,12,9
05:18:09,Light Rain,12,12,9
05:20:09,Light Rain,12,12,9
05:22:09,Light Rain,12,12,9
05:24:08,Light Rain,12,12,9
05:26:09,Light Rain,12,12,9
05:28:09,Light Rain,12,12,9
05:30:09,Light Rain,12,12,9
05:32:08,Light Rain,12,12,9
05:34:09,Light Rain,12,12,9
05:36:09,Light Rain,12,12,9
05:38:08,Light Rain,12,12,9
05:40:09,Light Rain,12,12,9
05:42:09,Light Rain,12,12,9
05:44:09,Light Rain,12,12,9
05:46:09,Light Rain,12,12,9
05:48:08,Light Rain,12,12,9
05:50:08,Light Rain,12,12,9
05:52:09,Light Rain,12,12,9
05:54:09,Light Rain,12,12,9
05:56:08,Light Rain,12,12,9
05:58:09,Light Rain,12,12,9
06:00:09,Light Rain,12,12,9
06:02:08,Light Rain,12,12,9
06:04:08,Light Rain,12,12,9
06:06:09,Light Rain,12,12,9
06:08:09,Light Rain,12,12,9
06:10:09,Light Rain,12,12,9
06:12:08,Light Rain,12,12,9
06:14:09,Mostly Cloudy,13,13,19
06:16:09,Mostly Cloudy,13,13,19
06:18:08,Mostly Cloudy,13,13,19
06:20:09,Mostly Cloudy,13,13,19
06:22:09,Mostly Cloudy,13,13,19
06:24:09,Mostly Cloudy,13,13,19
06:26:09,Mostly Cloudy,13,13,19
06:28:09,Mostly Cloudy,13,13,19
06:30:09,Mostly Cloudy,13,13,19
06:32:08,Mostly Cloudy,13,13,19
06:34:09,Mostly Cloudy,13,13,19
06:36:09,Mostly Cloudy,13,13,19
06:38:09,Mostly Cloudy,13,13,19
06:40:08,Mostly Cloudy,13,13,19
06:42:08,Mostly Cloudy,13,13,19
06:44:09,Mostly Cloudy,13,13,19
06:46:09,Mostly Cloudy,13,13,19
06:48:09,Mostly Cloudy,13,13,19
06:50:09,Mostly Cloudy,13,13,19
06:52:09,Mostly Cloudy,13,13,19
06:54:08,Mostly Cloudy,13,13,19
06:56:08,Mostly Cloudy,13,13,19
06:58:09,Mostly Cloudy,13,13,19
07:00:09,Mostly Cloudy,13,13,19
07:02:08,Mostly Cloudy,13,13,19
07:04:09,Mostly Cloudy,13,13,19
07:06:08,Mostly Cloudy,13,13,19
07:08:09,Mostly Cloudy,13,13,19
07:10:09,Mostly Cloudy,13,13,19
07:12:08,Mostly Cloudy,13,13,19
07:14:09,Light Rain,12,12,19
07:16:09,Light Rain,12,12,19
07:18:09,Light Rain,12,12,19
07:20:09,Light Rain,12,12,19
07:22:08,Light Rain,12,12,19
07:24:09,Light Rain,12,12,19
07:26:09,Light Rain,12,12,19
07:28:09,Light Rain,12,12,19
07:30:09,Light Rain,12,12,19
07:32:09,Light Rain,12,12,19
07:34:08,Light Rain,12,12,19
07:36:09,Light Rain,12,12,19
07:38:09,Light Rain,12,12,19
07:40:08,Light Rain,12,12,19
07:42:09,Light Rain,12,12,19
07:44:09,Light Rain,12,12,19
07:46:09,Light Rain,12,12,19
07:48:08,Light Rain,12,12,19
07:50:08,Light Rain,13,13,20
07:52:09,Light Rain,13,13,20
07:54:09,Light Rain,13,13,20
07:56:08,Light Rain,13,13,20
07:58:09,Light Rain,13,13,20
08:00:09,Light Rain,13,13,20
08:02:08,Light Rain,13,13,20
08:04:09,Light Rain,13,13,20
08:06:09,Light Rain,13,13,20
08:08:09,Light Rain,13,13,20
08:10:08,Light Rain,13,13,20
08:12:09,Light Rain,13,13,20
08:14:09,Light Rain,13,13,20
08:16:09,Light Rain,13,13,20
08:18:09,Light Rain,13,13,20
08:20:09,Light Rain,13,13,20
08:22:09,Light Rain,13,13,20
08:24:09,Light Rain,13,13,20
08:26:08,Light Rain,13,13,20
08:28:09,Light Rain,13,13,20
08:30:09,Light Rain,13,13,20
08:32:08,Light Rain,13,13,20
08:34:09,Light Rain,13,13,20
08:36:09,Light Rain,13,13,20
08:38:09,Light Rain,13,13,20
08:40:09,Light Rain,13,13,20
08:42:09,Light Rain,13,13,20
08:44:09,Light Rain,13,13,20
08:46:09,Light Rain,13,13,20
08:48:09,Light Rain,13,13,20
08:50:08,Showers in the Vicinity,15,15,19
08:52:09,Showers in the Vicinity,15,15,19
08:54:08,Showers in the Vicinity,15,15,19
08:56:08,Showers in the Vicinity,15,15,19
08:58:09,Showers in the Vicinity,15,15,19
09:00:08,Showers in the Vicinity,15,15,19
09:02:09,Showers in the Vicinity,15,15,19
09:04:09,Showers in the Vicinity,15,15,19
09:06:08,Showers in the Vicinity,15,15,19
09:08:09,Showers in the Vicinity,15,15,19
09:10:09,Showers in the Vicinity,15,15,19
09:12:09,Showers in the Vicinity,15,15,19
09:14:08,Mostly Cloudy,16,16,27
09:16:09,Mostly Cloudy,16,16,27
09:18:09,Mostly Cloudy,16,16,27
09:20:08,Mostly Cloudy,16,16,27
09:22:09,Mostly Cloudy,16,16,27
09:24:09,Mostly Cloudy,16,16,27
09:26:09,Mostly Cloudy,16,16,27
09:28:08,Mostly Cloudy,16,16,27
09:30:09,Mostly Cloudy,16,16,27
09:32:09,Mostly Cloudy,16,16,27
09:34:08,Mostly Cloudy,16,16,27
09:36:08,Mostly Cloudy,16,16,27
09:38:09,Mostly Cloudy,16,16,27
09:40:09,Mostly Cloudy,16,16,27
09:42:08,Mostly Cloudy,16,16,27
09:44:08,Mostly Cloudy,17,17,19
09:46:09,Mostly Cloudy,17,17,19
09:48:09,Mostly Cloudy,17,17,19
09:50:09,Mostly Cloudy,17,17,19
09:52:09,Mostly Cloudy,17,17,19
09:54:09,Mostly Cloudy,17,17,19
09:56:09,Mostly Cloudy,17,17,19
09:58:08,Mostly Cloudy,17,17,19
10:00:09,Mostly Cloudy,17,17,19
10:02:09,Mostly Cloudy,17,17,19
10:04:09,Mostly Cloudy,17,17,19
10:06:08,Mostly Cloudy,17,17,19
10:08:09,Mostly Cloudy,17,17,20
10:10:09,Mostly Cloudy,17,17,20
10:12:08,Mostly Cloudy,17,17,20
10:14:09,Mostly Cloudy,17,17,20
10:16:08,Mostly Cloudy,17,17,20
10:18:09,Mostly Cloudy,17,17,20
10:20:09,Mostly Cloudy,17,17,20
10:22:08,Mostly Cloudy,17,17,20
10:24:09,Mostly Cloudy,17,17,20
10:26:09,Mostly Cloudy,17,17,20
10:28:08,Mostly Cloudy,17,17,20
10:30:08,Mostly Cloudy,17,17,20
10:32:09,Mostly Cloudy,17,17,20
10:34:08,Mostly Cloudy,17,17,20
10:36:09,Mostly Cloudy,17,17,20
10:38:09,Mostly Cloudy,17,17,20
10:40:09,Mostly Cloudy,17,17,20
10:42:08,Mostly Cloudy,17,17,20
10:44:09,Showers in the Vicinity,20,20,27
10:46:08,Showers in the Vicinity,20,20,27
10:48:08,Showers in the Vicinity,20,20,27
10:50:09,Showers in the Vicinity,20,20,27
10:52:09,Showers in the Vicinity,20,20,27
10:54:09,Showers in the Vicinity,20,20,27
10:56:08,Showers in the Vicinity,20,20,27
10:58:09,Showers in the Vicinity,20,20,27
11:00:09,Showers in the Vicinity,20,20,27
11:02:08,Showers in the Vicinity,20,20,27
11:04:09,Showers in the Vicinity,20,20,27
11:06:09,Showers in the Vicinity,20,20,27
11:08:09,Showers in the Vicinity,20,20,27
11:10:09,Showers in the Vicinity,20,20,27
11:12:09,Showers in the Vicinity,20,20,27
11:14:09,Light Rain,17,17,24
11:16:08,Light Rain,17,17,24
11:18:09,Light Rain,17,17,24
11:20:08,Light Rain,17,17,24
11:22:09,Light Rain,17,17,24
11:24:09,Light Rain,17,17,24
11:26:08,Light Rain,17,17,24
11:28:09,Light Rain,17,17,24
11:30:09,Light Rain,17,17,24
11:32:08,Light Rain,17,17,24
11:34:09,Light Rain,17,17,24
11:36:08,Light Rain,17,17,24
11:38:08,Light Rain,17,17,24
11:40:09,Light Rain,17,17,24
11:42:09,Light Rain,17,17,24
11:44:08,Showers in the Vicinity,18,18,27
11:46:09,Showers in the Vicinity,18,18,27
11:48:09,Showers in the Vicinity,18,18,27
11:50:08,Showers in the Vicinity,18,18,27
11:52:09,Showers in the Vicinity,18,18,27
11:54:09,Showers in the Vicinity,18,18,27
11:56:09,Showers in the Vicinity,18,18,27
11:58:09,Showers in the Vicinity,18,18,27
12:00:09,Showers in the Vicinity,18,18,27
12:02:09,Showers in the Vicinity,18,18,27
12:04:08,Showers in the Vicinity,18,18,27
12:06:09,Showers in the Vicinity,18,18,27
12:08:09,Showers in the Vicinity,18,18,27
12:10:08,Showers in the Vicinity,18,18,27
12:12:09,Showers in the Vicinity,18,18,27
12:14:09,Mostly Cloudy,17,17,25
12:16:08,Mostly Cloudy,17,17,25
12:18:09,Mostly Cloudy,17,17,25
12:20:09,Mostly Cloudy,17,17,25
12:22:08,Mostly Cloudy,17,17,25
12:24:09,Mostly Cloudy,17,17,25
12:26:09,Mostly Cloudy,17,17,25
12:28:09,Mostly Cloudy,17,17,25
12:30:09,Mostly Cloudy,17,17,25
12:32:09,Mostly Cloudy,17,17,25
12:34:08,Mostly Cloudy,17,17,25
12:36:09,Mostly Cloudy,17,17,25
12:38:09,Mostly Cloudy,17,17,25
12:40:08,Mostly Cloudy,17,17,25
12:42:09,Mostly Cloudy,17,17,25
12:44:09,Mostly Cloudy,17,17,25
12:46:08,Mostly Cloudy,17,17,25
12:48:09,Mostly Cloudy,17,17,25
12:50:09,Mostly Cloudy,18,18,27
12:52:09,Mostly Cloudy,18,18,27
12:54:09,Mostly Cloudy,18,18,27
12:56:09,Mostly Cloudy,18,18,27
12:58:08,Mostly Cloudy,18,18,27
13:00:09,Mostly Cloudy,18,18,27
13:02:09,Mostly Cloudy,18,18,27
13:04:08,Mostly Cloudy,18,18,27
13:06:09,Mostly Cloudy,18,18,27
13:08:09,Mostly Cloudy,18,18,27
13:10:08,Mostly Cloudy,18,18,27
13:12:09,Mostly Cloudy,18,18,27
13:14:09,Partly Cloudy,20,20,25
13:16:08,Partly Cloudy,20,20,25
13:18:09,Partly Cloudy,20,20,25
13:20:08,Partly Cloudy,20,20,25
13:22:09,Partly Cloudy,20,20,25
13:24:09,Partly Cloudy,20,20,25
13:26:09,Partly Cloudy,20,20,25
13:28:09,Partly Cloudy,20,20,25
13:30:09,Partly Cloudy,20,20,25
13:32:09,Partly Cloudy,20,20,25
13:34:08,Partly Cloudy,20,20,25
13:36:09,Partly Cloudy,20,20,25
13:38:09,Partly Cloudy,20,20,25
13:40:09,Partly Cloudy,20,20,25
13:42:09,Partly Cloudy,20,20,25
13:44:09,Mostly Cloudy,17,17,32
13:46:09,Mostly Cloudy,17,17,32
13:48:09,Mostly Cloudy,17,17,32
13:50:09,Mostly Cloudy,17,17,32
13:52:09,Mostly Cloudy,17,17,32
13:54:09,Mostly Cloudy,17,17,32
13:56:08,Mostly Cloudy,17,17,32
13:58:09,Mostly Cloudy,17,17,32
14:00:09,Mostly Cloudy,17,17,32
14:02:08,Mostly Cloudy,17,17,32
14:04:09,Mostly Cloudy,17,17,32
14:06:09,Mostly Cloudy,17,17,32
14:08:09,Mostly Cloudy,17,17,32
14:10:08,Mostly Cloudy,17,17,32
14:12:09,Mostly Cloudy,17,17,32
14:14:09,Partly Cloudy,20,20,27
14:16:08,Partly Cloudy,20,20,27
14:18:09,Partly Cloudy,20,20,27
14:20:08,Partly Cloudy,20,20,27
14:22:08,Partly Cloudy,20,20,27
14:24:09,Partly Cloudy,20,20,27
14:26:08,Partly Cloudy,20,20,27
14:28:09,Partly Cloudy,20,20,27
14:30:09,Partly Cloudy,20,20,27
14:32:08,Partly Cloudy,20,20,27
14:34:08,Partly Cloudy,20,20,27
14:36:09,Partly Cloudy,20,20,27
14:38:09,Partly Cloudy,20,20,27
14:40:08,Partly Cloudy,20,20,27
14:42:09,Partly Cloudy,20,20,27
14:44:08,Mostly Cloudy,20,20,27
14:46:09,Mostly Cloudy,20,20,27
14:48:09,Mostly Cloudy,20,20,27
14:50:08,Mostly Cloudy,20,20,27
14:52:09,Mostly Cloudy,20,20,27
14:54:09,Mostly Cloudy,20,20,27
14:56:08,Mostly Cloudy,20,20,27
14:58:08,Mostly Cloudy,20,20,27
15:00:09,Mostly Cloudy,20,20,27
15:02:09,Mostly Cloudy,20,20,27
15:04:08,Mostly Cloudy,20,20,27
15:06:08,Mostly Cloudy,20,20,27
15:08:09,Mostly Cloudy,20,20,27
15:10:08,Mostly Cloudy,20,20,27
15:12:09,Mostly Cloudy,20,20,27
15:14:09,Mostly Cloudy,20,20,28
15:16:08,Mostly Cloudy,20,20,28
15:18:09,Mostly Cloudy,20,20,28
15:20:09,Mostly Cloudy,20,20,28
15:22:08,Mostly Cloudy,20,20,28
15:24:09,Mostly Cloudy,20,20,28
15:26:09,Mostly Cloudy,20,20,28
15:28:09,Mostly Cloudy,20,20,28
15:30:08,Mostly Cloudy,20,20,28
15:32:08,Mostly Cloudy,20,20,28
15:34:09,Mostly Cloudy,20,20,28
15:36:09,Mostly Cloudy,20,20,28
15:38:08,Mostly Cloudy,20,20,28
15:40:09,Mostly Cloudy,20,20,28
15:42:09,Mostly Cloudy,20,20,28
15:44:08,Mostly Cloudy,18,18,27
15:46:09,Mostly Cloudy,18,18,27
15:48:09,Mostly Cloudy,18,18,27
15:50:08,Mostly Cloudy,18,18,27
15:52:09,Mostly Cloudy,18,18,27
15:54:09,Mostly Cloudy,18,18,27
15:56:09,Mostly Cloudy,18,18,27
15:58:09,Mostly Cloudy,18,18,27
16:00:09,Mostly Cloudy,18,18,27
16:02:09,Mostly Cloudy,18,18,27
16:04:08,Mostly Cloudy,18,18,27
16:06:09,Mostly Cloudy,18,18,27
16:08:09,Mostly Cloudy,18,18,27
16:10:09,Mostly Cloudy,18,18,27
16:12:08,Mostly Cloudy,18,18,27
16:14:09,Showers in the Vicinity,18,18,28
16:16:08,Showers in the Vicinity,18,18,28
16:18:09,Showers in the Vicinity,18,18,28
16:20:09,Showers in the Vicinity,18,18,28
16:22:08,Showers in the Vicinity,18,18,28
16:24:09,Showers in the Vicinity,18,18,28
16:26:09,Showers in the Vicinity,18,18,28
16:28:09,Showers in the Vicinity,18,18,28
16:30:09,Showers in the Vicinity,18,18,28
16:32:09,Showers in the Vicinity,18,18,28
16:34:09,Showers in the Vicinity,18,18,28
16:36:09,Showers in the Vicinity,18,18,28
16:38:09,Showers in the Vicinity,18,18,28
16:40:09,Showers in the Vicinity,18,18,28
16:42:09,Showers in the Vicinity,18,18,28
16:44:08,Showers in the Vicinity,18,18,28
16:46:09,Showers in the Vicinity,18,18,28
16:48:09,Showers in the Vicinity,18,18,28
16:50:09,Showers in the Vicinity,18,18,28
16:52:09,Showers in the Vicinity,18,18,28
16:54:08,Showers in the Vicinity,18,18,28
16:56:09,Showers in the Vicinity,18,18,28
16:58:09,Showers in the Vicinity,18,18,28
17:00:09,Showers in the Vicinity,18,18,28
17:02:09,Showers in the Vicinity,18,18,28
17:04:09,Showers in the Vicinity,18,18,28
17:06:09,Showers in the Vicinity,18,18,28
17:08:09,Showers in the Vicinity,18,18,28
17:10:08,Showers in the Vicinity,18,18,28
17:12:08,Showers in the Vicinity,18,18,28
17:14:09,Mostly Cloudy,18,18,25
17:16:09,Mostly Cloudy,18,18,25
17:18:08,Mostly Cloudy,18,18,25
17:20:09,Mostly Cloudy,18,18,25
17:22:08,Mostly Cloudy,18,18,25
17:24:09,Mostly Cloudy,18,18,25
17:26:09,Mostly Cloudy,18,18,25
17:28:08,Mostly Cloudy,18,18,25
17:30:09,Mostly Cloudy,18,18,25
17:32:09,Mostly Cloudy,18,18,25
17:34:08,Mostly Cloudy,18,18,25
17:36:08,Mostly Cloudy,18,18,25
17:38:09,Mostly Cloudy,18,18,25
17:40:09,Mostly Cloudy,18,18,25
17:42:08,Mostly Cloudy,18,18,25
17:44:09,Mostly Cloudy,18,18,25
17:46:09,Mostly Cloudy,18,18,25
17:48:08,Mostly Cloudy,18,18,25
17:50:08,Mostly Cloudy,18,18,25
17:52:09,Mostly Cloudy,18,18,25
17:54:09,Mostly Cloudy,18,18,25
17:56:08,Mostly Cloudy,18,18,25
17:58:09,Mostly Cloudy,18,18,25
18:00:09,Mostly Cloudy,18,18,25
18:02:08,Mostly Cloudy,18,18,25
18:04:09,Mostly Cloudy,18,18,25
18:06:09,Mostly Cloudy,18,18,25
18:08:08,Partly Cloudy,17,17,24
18:10:09,Partly Cloudy,17,17,24
18:12:09,Partly Cloudy,17,17,24
18:14:09,Partly Cloudy,17,17,24
18:16:09,Partly Cloudy,17,17,24
18:18:09,Partly Cloudy,17,17,24
18:20:08,Partly Cloudy,17,17,24
18:22:09,Partly Cloudy,17,17,24
18:24:09,Partly Cloudy,17,17,24
18:26:09,Partly Cloudy,17,17,24
18:28:09,Partly Cloudy,17,17,24
18:30:09,Partly Cloudy,17,17,24
18:32:08,Partly Cloudy,17,17,24
18:34:09,Partly Cloudy,17,17,24
18:36:09,Partly Cloudy,17,17,24
18:38:08,Partly Cloudy,17,17,24
18:40:09,Partly Cloudy,17,17,24
18:42:09,Partly Cloudy,17,17,24
18:44:09,Partly Cloudy,17,17,24
18:46:09,Partly Cloudy,17,17,24
18:48:09,Partly Cloudy,17,17,24
18:50:08,Partly Cloudy,17,17,24
18:52:08,Partly Cloudy,17,17,24
18:54:09,Partly Cloudy,17,17,24
18:56:08,Partly Cloudy,17,17,24
18:58:09,Partly Cloudy,17,17,24
19:00:09,Partly Cloudy,17,17,24
19:02:08,Partly Cloudy,17,17,24
19:04:09,Partly Cloudy,17,17,24
19:06:09,Partly Cloudy,17,17,24
19:08:08,Partly Cloudy,17,17,24
19:10:09,Partly Cloudy,17,17,24
19:12:08,Partly Cloudy,17,17,22
19:14:09,Partly Cloudy,17,17,22
19:16:09,Partly Cloudy,17,17,22
19:18:09,Partly Cloudy,17,17,22
19:20:08,Partly Cloudy,17,17,22
19:22:09,Partly Cloudy,17,17,22
19:24:09,Partly Cloudy,17,17,22
19:26:08,Partly Cloudy,17,17,22
19:28:09,Partly Cloudy,17,17,22
19:30:09,Partly Cloudy,17,17,22
19:32:09,Partly Cloudy,17,17,22
19:34:09,Partly Cloudy,17,17,22
19:36:09,Partly Cloudy,17,17,22
19:38:08,Partly Cloudy,17,17,22
19:40:09,Partly Cloudy,17,17,22
19:42:09,Partly Cloudy,17,17,22
19:44:09,Partly Cloudy,17,17,22
19:46:09,Partly Cloudy,17,17,22
19:48:08,Partly Cloudy,17,17,22
19:50:09,Partly Cloudy,17,17,22
19:52:09,Partly Cloudy,17,17,22
19:54:08,Partly Cloudy,17,17,22
19:56:09,Partly Cloudy,17,17,22
19:58:09,Partly Cloudy,17,17,22
20:00:08,Partly Cloudy,17,17,22
20:02:09,Partly Cloudy,17,17,22
20:04:09,Partly Cloudy,17,17,22
20:06:09,Partly Cloudy,17,17,22
20:08:09,Partly Cloudy,17,17,22
20:10:09,Partly Cloudy,17,17,22
20:12:08,Partly Cloudy,17,17,22
20:14:09,Partly Cloudy,17,17,22
20:16:09,Partly Cloudy,17,17,22
20:18:09,Light Rain Shower,16,16,27
20:20:09,Light Rain Shower,16,16,27
20:22:08,Light Rain Shower,16,16,27
20:24:09,Light Rain Shower,16,16,27
20:26:09,Light Rain Shower,16,16,27
20:28:09,Light Rain Shower,16,16,27
20:30:09,Light Rain Shower,16,16,27
20:32:09,Light Rain Shower,16,16,27
20:34:09,Light Rain Shower,16,16,27
20:36:09,Light Rain Shower,16,16,27
20:38:09,Light Rain Shower,16,16,27
20:40:09,Light Rain Shower,16,16,27
20:42:09,Light Rain Shower,16,16,27
20:44:08,Light Rain Shower,16,16,27
20:46:08,Light Rain Shower,16,16,27
20:48:09,Light Rain Shower,16,16,27
20:50:09,Light Rain Shower,16,16,27
20:52:08,Light Rain Shower,16,16,27
20:54:09,Light Rain Shower,16,16,27
20:56:09,Light Rain Shower,16,16,27
20:58:09,Light Rain Shower,16,16,27
21:00:08,Light Rain Shower,16,16,27
21:02:09,Light Rain Shower,16,16,27
21:04:09,Light Rain Shower,16,16,27
21:06:09,Light Rain Shower,16,16,27
21:08:08,Light Rain Shower,16,16,27
21:10:09,Light Rain Shower,16,16,27
21:12:09,Partly Cloudy,15,15,14
21:14:09,Partly Cloudy,15,15,14
21:16:08,Partly Cloudy,15,15,14
21:18:09,Partly Cloudy,15,15,14
21:20:09,Partly Cloudy,15,15,14
21:22:09,Partly Cloudy,15,15,14
21:24:09,Partly Cloudy,15,15,14
21:26:09,Partly Cloudy,15,15,14
21:28:09,Partly Cloudy,15,15,14
21:30:08,Partly Cloudy,15,15,14
21:32:09,Partly Cloudy,15,15,14
21:34:09,Partly Cloudy,15,15,14
21:36:08,Partly Cloudy,15,15,14
21:38:09,Partly Cloudy,15,15,14
21:40:09,Partly Cloudy,15,15,14
21:42:08,Partly Cloudy,15,15,14
21:44:09,Partly Cloudy,15,15,14
21:46:08,Partly Cloudy,15,15,14
21:48:09,Partly Cloudy,15,15,14
21:50:09,Partly Cloudy,15,15,14
21:52:09,Partly Cloudy,15,15,14
21:54:09,Partly Cloudy,15,15,14
21:56:09,Partly Cloudy,15,15,14
21:58:09,Partly Cloudy,15,15,14
22:00:09,Partly Cloudy,15,15,14
22:02:10,Partly Cloudy,15,15,14
22:04:09,Partly Cloudy,15,15,14
22:06:09,Partly Cloudy,15,15,14
22:08:08,Partly Cloudy,15,15,14
22:10:08,Partly Cloudy,15,15,14
22:12:09,Partly Cloudy,15,15,28
22:14:09,Partly Cloudy,15,15,28
22:16:09,Partly Cloudy,15,15,28
22:18:09,Partly Cloudy,15,15,28
22:20:09,Partly Cloudy,15,15,28
22:22:08,Partly Cloudy,15,15,28
22:24:09,Partly Cloudy,15,15,28
22:26:09,Partly Cloudy,15,15,28
22:28:08,Partly Cloudy,15,15,28
22:30:09,Partly Cloudy,15,15,28
22:32:09,Partly Cloudy,15,15,28
22:34:09,Partly Cloudy,15,15,28
22:36:08,Partly Cloudy,15,15,28
22:38:09,Partly Cloudy,15,15,28
22:40:09,Partly Cloudy,15,15,28
22:42:08,Partly Cloudy,15,15,28
22:44:09,Partly Cloudy,15,15,28
22:46:09,Partly Cloudy,15,15,28
22:48:09,Partly Cloudy,15,15,28
22:50:08,Partly Cloudy,15,15,28
22:52:09,Partly Cloudy,15,15,28
22:54:09,Partly Cloudy,15,15,28
22:56:08,Partly Cloudy,15,15,28
22:58:09,Partly Cloudy,15,15,28
23:00:09,Partly Cloudy,15,15,28
23:02:09,Partly Cloudy,15,15,28
23:04:09,Partly Cloudy,15,15,28
23:06:09,Partly Cloudy,15,15,28
23:08:08,Partly Cloudy,15,15,28
23:10:09,Partly Cloudy,15,15,28
23:12:09,Mostly Cloudy,15,15,24
23:14:08,Mostly Cloudy,15,15,24
23:16:09,Mostly Cloudy,15,15,24
23:18:09,Mostly Cloudy,15,15,24
23:20:09,Mostly Cloudy,15,15,24
23:22:09,Mostly Cloudy,15,15,24
23:24:08,Mostly Cloudy,15,15,24
23:26:08,Mostly Cloudy,15,15,24
23:28:09,Mostly Cloudy,15,15,24
23:30:09,Mostly Cloudy,15,15,24
23:32:08,Mostly Cloudy,15,15,24
23:34:09,Mostly Cloudy,15,15,24
23:36:09,Mostly Cloudy,15,15,24
23:38:09,Mostly Cloudy,15,15,24
23:40:09,Mostly Cloudy,15,15,24
23:42:09,Mostly Cloudy,15,15,24
23:44:08,Mostly Cloudy,15,15,24
23:46:08,Mostly Cloudy,15,15,24
23:48:09,Mostly Cloudy,15,15,24
23:50:09,Mostly Cloudy,15,15,24
23:52:09,Mostly Cloudy,15,15,24
23:54:08,Mostly Cloudy,15,15,24
23:56:09,Mostly Cloudy,15,15,24
23:58:09,Mostly Cloudy,15,15,24
