Time,Weather,Temperature,Feels_Like,Wind_Speed
00:00:09,Mostly Cloudy,12,12,9
00:02:09,Mostly Cloudy,12,12,9
00:04:08,Mostly Cloudy,12,12,9
00:06:09,Mostly Cloudy,12,12,9
00:08:09,Mostly Cloudy,12,12,9
00:10:09,Mostly Cloudy,12,12,9
00:12:08,Partly Cloudy,11,11,8
00:14:09,Partly Cloudy,11,11,8
00:16:09,Partly Cloudy,11,11,8
00:18:08,Partly Cloudy,11,11,8
00:20:09,Partly Cloudy,11,11,8
00:22:09,Partly Cloudy,11,11,8
00:24:08,Partly Cloudy,11,11,8
00:26:09,Partly Cloudy,11,11,8
00:28:09,Partly Cloudy,11,11,8
00:30:09,Partly Cloudy,11,11,8
00:32:08,Partly Cloudy,11,11,8
00:34:09,Partly Cloudy,11,11,8
00:36:09,Partly Cloudy,11,11,8
00:38:08,Partly Cloudy,11,11,8
00:40:08,Partly Cloudy,11,11,8
00:42:09,Partly Cloudy,11,11,8
00:44:09,Partly Cloudy,11,11,8
00:46:09,Partly Cloudy,11,11,8
00:48:08,Partly Cloudy,11,11,8
00:50:09,Partly Cloudy,11,11,8
00:52:09,Partly Cloudy,11,11,8
00:54:09,Partly Cloudy,11,11,8
00:56:08,Partly Cloudy,11,11,8
00:58:09,Partly Cloudy,11,11,8
01:00:17,Partly Cloudy,11,11,8
01:02:09,Partly Cloudy,11,11,8
01:04:09,Partly Cloudy,11,11,8
01:06:08,Partly Cloudy,11,11,8
01:08:09,Partly Cloudy,11,11,8
01:10:09,Partly Cloudy,11,11,8
01:12:08,Mostly Cloudy,11,11,3
01:14:09,Mostly Cloudy,11,11,3
01:16:09,Mostly Cloudy,11,11,3
01:18:08,Mostly Cloudy,11,11,3
01:20:09,Mostly Cloudy,11,11,3
01:22:09,Mostly Cloudy,11,11,3
01:24:08,Mostly Cloudy,11,11,3
01:26:08,Mostly Cloudy,11,11,3
01:28:09,Mostly Cloudy,11,11,3
01:30:09,Mostly Cloudy,11,11,3
01:32:09,Mostly Cloudy,11,11,3
01:34:08,Mostly Cloudy,11,11,3
01:36:08,Mostly Cloudy,11,11,3
01:38:09,Mostly Cloudy,11,11,3
01:40:09,Mostly Cloudy,11,11,3
01:42:09,Mostly Cloudy,11,11,3
01:44:08,Mostly Cloudy,11,11,3
01:46:08,Mostly Cloudy,11,11,3
01:48:09,Mostly Cloudy,11,11,3
01:50:09,Mostly Cloudy,11,11,3
01:52:08,Mostly Cloudy,11,11,3
01:54:08,Mostly Cloudy,11,11,3
01:56:09,Mostly Cloudy,11,11,3
01:58:09,Mostly Cloudy,11,11,3
02:00:09,Mostly Cloudy,11,11,3
02:02:08,Mostly Cloudy,11,11,3
02:04:08,Mostly Cloudy,11,11,3
02:06:08,Mostly Cloudy,11,11,3
02:08:09,Mostly Cloudy,11,11,3
02:10:09,Mostly Cloudy,11,11,3
02:12:09,Mostly Cloudy,11,11,4
02:14:09,Mostly Cloudy,11,11,4
02:16:09,Mostly Cloudy,11,11,4
02:18:08,Mostly Cloudy,11,11,4
02:20:09,Mostly Cloudy,11,11,4
02:22:09,Mostly Cloudy,11,11,4
02:24:09,Mostly Cloudy,11,11,4
02:26:09,Mostly Cloudy,11,11,4
02:28:08,Mostly Cloudy,11,11,4
02:30:09,Mostly Cloudy,11,11,4
02:32:09,Mostly Cloudy,11,11,4
02:34:09,Mostly Cloudy,11,11,4
02:36:09,Mostly Cloudy,11,11,4
02:38:08,Mostly Cloudy,11,11,4
02:40:09,Mostly Cloudy,11,11,4
02:42:09,Mostly Cloudy,11,11,4
02:44:08,Mostly Cloudy,11,11,4
02:46:09,Mostly Cloudy,11,11,4
02:48:09,Mostly Cloudy,11,11,4
02:50:09,Mostly Cloudy,11,11,4
02:52:09,Mostly Cloudy,11,11,4
02:54:08,Mostly Cloudy,11,11,4
02:56:09,Mostly Cloudy,11,11,4
02:58:09,Mostly Cloudy,11,11,4
03:00:09,Mostly Cloudy,11,11,4
03:02:08,Mostly Cloudy,11,11,4
03:04:09,Mostly Cloudy,11,11,4
03:06:09,Mostly Cloudy,11,11,4
03:08:09,Mostly Cloudy,11,11,4
03:10:08,Mostly Cloudy,11,11,4
03:12:08,Mostly Cloudy,12,12,4
03:14:09,Mostly Cloudy,12,12,4
03:16:09,Mostly Cloudy,12,12,4
03:18:08,Mostly Cloudy,12,12,4
03:20:09,Mostly Cloudy,12,12,4
03:22:09,Mostly Cloudy,12,12,4
03:24:09,Mostly Cloudy,12,12,4
03:26:09,Mostly Cloudy,12,12,4
03:28:09,Mostly Cloudy,12,12,4
03:30:09,Mostly Cloudy,12,12,4
03:32:08,Mostly Cloudy,12,12,4
03:34:08,Mostly Cloudy,12,12,4
03:36:09,Mostly Cloudy,12,12,4
03:38:09,Mostly Cloudy,12,12,4
03:40:08,Mostly Cloudy,12,12,4
03:42:08,Mostly Cloudy,12,12,4
03:44:09,Mostly Cloudy,12,12,4
03:46:09,Mostly Cloudy,12,12,4
03:48:08,Mostly Cloudy,12,12,4
03:50:09,Mostly Cloudy,12,12,4
03:52:09,Mostly Cloudy,12,12,4
03:54:08,Mostly Cloudy,12,12,4
03:56:09,Mostly Cloudy,12,12,4
03:58:09,Mostly Cloudy,12,12,4
04:00:09,Mostly Cloudy,12,12,4
04:02:08,Mostly Cloudy,12,12,4
04:04:09,Mostly Cloudy,12,12,4
04:06:09,Mostly Cloudy,12,12,4
04:08:09,Mostly Cloudy,12,12,4
04:10:08,Mostly Cloudy,12,12,4
04:12:08,Mostly Cloudy,12,12,4
04:14:09,Mostly Cloudy,12,12,4
04:16:09,Mostly Cloudy,12,12,4
04:18:09,Mostly Cloudy,12,12,4
04:20:09,Mostly Cloudy,12,12,4
04:22:08,Mostly Cloudy,12,12,4
04:24:09,Mostly Cloudy,12,12,11
04:26:09,Mostly Cloudy,12,12,11
04:28:09,Mostly Cloudy,12,12,11
04:30:08,Mostly Cloudy,12,12,11
04:32:09,Mostly Cloudy,12,12,11
04:34:09,Mostly Cloudy,12,12,11
04:36:09,Mostly Cloudy,12,12,11
04:38:09,Mostly Cloudy,12,12,11
04:40:09,Mostly Cloudy,12,12,11
04:42:08,Mostly Cloudy,12,12,11
04:44:09,Mostly Cloudy,12,12,11
04:46:09,Mostly Cloudy,12,12,11
04:48:09,Mostly Cloudy,12,12,11
04:50:09,Mostly Cloudy,12,12,11
04:52:08,Mostly Cloudy,12,12,11
04:54:09,Mostly Cloudy,12,12,11
04:56:09,Mostly Cloudy,12,12,11
04:58:09,Mostly Cloudy,12,12,11
05:00:08,Mostly Cloudy,12,12,11
05:02:09,Mostly Cloudy,12,12,11
05:04:09,Mostly Cloudy,12,12,11
05:06:09,Mostly Cloudy,12,12,11
05:08:08,Mostly Cloudy,12,12,11
05:10:09,Mostly Cloudy,12,12,11
05:12:09,Mostly Cloudy,12,12,8
05:14:09,Mostly Cloudy,12,12,8
05:16:08,Mostly Cloudy,12,12,8
05:18:08,Mostly Cloudy,12,12,8
05:20:09,Mostly Cloudy,12,12,8
05:22:09,Mostly Cloudy,12,12,8
05:24:08,Mostly Cloudy,12,12,8
05:26:09,Mostly Cloudy,12,12,8
05:28:09,Mostly Cloudy,12,12,8
05:30:09,Mostly Cloudy,12,12,8
05:32:08,Mostly Cloudy,12,12,8
05:34:09,Mostly Cloudy,12,12,8
05:36:09,Mostly Cloudy,12,12,8
05:38:09,Mostly Cloudy,12,12,8
05:40:08,Mostly Cloudy,12,12,8
05:42:08,Mostly Cloudy,12,12,8
05:44:09,Mostly Cloudy,12,12,8
05:46:09,Mostly Cloudy,12,12,8
05:48:09,Mostly Cloudy,12,12,8
05:50:09,Mostly Cloudy,12,12,8
05:52:09,Mostly Cloudy,12,12,8
05:54:09,Mostly Cloudy,12,12,8
05:56:09,Mostly Cloudy,12,12,8
05:58:08,Mostly Cloudy,12,12,8
06:00:09,Mostly Cloudy,12,12,8
06:02:09,Mostly Cloudy,12,12,8
06:04:09,Mostly Cloudy,12,12,8
06:06:09,Mostly Cloudy,12,12,8
06:08:09,Mostly Cloudy,12,12,8
06:10:08,Mostly Cloudy,12,12,8
06:12:08,Mostly Cloudy,12,12,9
06:14:09,Mostly Cloudy,12,12,9
06:16:09,Mostly Cloudy,12,12,9
06:18:08,Mostly Cloudy,12,12,9
06:20:09,Mostly Cloudy,12,12,9
06:22:09,Mostly Cloudy,12,12,9
06:24:08,Mostly Cloudy,12,12,9
06:26:08,Mostly Cloudy,12,12,9
06:28:08,Mostly Cloudy,12,12,9
06:30:09,Mostly Cloudy,12,12,9
06:32:09,Mostly Cloudy,12,12,9
06:34:09,Mostly Cloudy,12,12,9
06:36:09,Mostly Cloudy,12,12,9
06:38:09,Mostly Cloudy,12,12,9
06:40:09,Mostly Cloudy,12,12,9
06:42:09,Mostly Cloudy,12,12,9
06:44:09,Mostly Cloudy,12,12,9
06:46:09,Mostly Cloudy,12,12,9
06:48:08,Mostly Cloudy,12,12,9
06:50:09,Mostly Cloudy,12,12,9
06:52:09,Mostly Cloudy,12,12,9
06:54:09,Mostly Cloudy,12,12,9
06:56:08,Mostly Cloudy,12,12,9
06:58:08,Mostly Cloudy,12,12,9
07:00:09,Mostly Cloudy,12,12,9
07:02:09,Mostly Cloudy,12,12,9
07:04:08,Mostly Cloudy,12,12,9
07:06:09,Mostly Cloudy,12,12,9
07:08:09,Mostly Cloudy,12,12,9
07:10:09,Mostly Cloudy,12,12,9
07:12:08,Mostly Cloudy,12,12,12
07:14:09,Mostly Cloudy,12,12,12
07:16:09,Mostly Cloudy,12,12,12
07:18:08,Mostly Cloudy,12,12,12
07:20:09,Mostly Cloudy,12,12,12
07:22:09,Mostly Cloudy,12,12,12
07:24:09,Mostly Cloudy,12,12,12
07:26:08,Mostly Cloudy,12,12,12
07:28:09,Mostly Cloudy,12,12,12
07:30:09,Mostly Cloudy,12,12,12
07:32:09,Mostly Cloudy,12,12,12
07:34:08,Mostly Cloudy,12,12,12
07:36:09,Mostly Cloudy,12,12,12
07:38:09,Mostly Cloudy,12,12,12
07:40:09,Mostly Cloudy,12,12,12
07:42:08,Mostly Cloudy,12,12,12
07:44:09,Mostly Cloudy,12,12,12
07:46:09,Partly Cloudy,13,13,12
07:48:08,Partly Cloudy,13,13,12
07:50:08,Partly Cloudy,13,13,12
07:52:09,Partly Cloudy,13,13,12
07:54:08,Partly Cloudy,13,13,12
07:56:09,Partly Cloudy,13,13,12
07:58:09,Partly Cloudy,13,13,12
08:00:09,Partly Cloudy,13,13,12
08:02:08,Partly Cloudy,13,13,12
08:04:09,Partly Cloudy,13,13,12
08:06:09,Partly Cloudy,13,13,12
08:08:09,Partly Cloudy,13,13,12
08:10:08,Partly Cloudy,13,13,12
08:12:09,Partly Cloudy,13,13,12
08:14:09,Partly Cloudy,13,13,12
08:16:08,Partly Cloudy,15,15,16
08:18:09,Partly Cloudy,15,15,16
08:20:09,Partly Cloudy,15,15,16
08:22:08,Partly Cloudy,15,15,16
08:24:08,Partly Cloudy,15,15,16
08:26:08,Partly Cloudy,15,15,16
08:28:09,Partly Cloudy,15,15,16
08:30:08,Partly Cloudy,15,15,16
08:32:08,Partly Cloudy,15,15,16
08:34:08,Partly Cloudy,15,15,16
08:36:09,Partly Cloudy,15,15,16
08:38:09,Partly Cloudy,15,15,16
08:40:09,Mostly Cloudy,15,15,16
08:42:08,Mostly Cloudy,15,15,16
08:44:09,Mostly Cloudy,15,15,16
08:46:09,Mostly Cloudy,15,15,16
08:48:08,Mostly Cloudy,15,15,16
08:50:09,Mostly Cloudy,15,15,16
08:52:09,Mostly Cloudy,15,15,16
08:54:08,Mostly Cloudy,15,15,16
08:56:09,Mostly Cloudy,15,15,16
08:58:09,Mostly Cloudy,15,15,16
09:00:08,Mostly Cloudy,15,15,16
09:02:08,Mostly Cloudy,15,15,16
09:04:09,Mostly Cloudy,15,15,16
09:06:09,Mostly Cloudy,15,15,16
09:08:08,Mostly Cloudy,15,15,16
09:10:08,Mostly Cloudy,15,15,16
09:12:09,Mostly Cloudy,15,15,16
09:14:09,Mostly Cloudy,15,15,16
09:16:09,Mostly Cloudy,16,16,20
09:18:08,Mostly Cloudy,16,16,20
09:20:09,Mostly Cloudy,16,16,20
09:22:09,Mostly Cloudy,16,16,20
09:24:08,Mostly Cloudy,16,16,20
09:26:08,Mostly Cloudy,16,16,20
09:28:09,Mostly Cloudy,16,16,20
09:30:09,Mostly Cloudy,16,16,20
09:32:08,Mostly Cloudy,16,16,20
09:34:09,Mostly Cloudy,16,16,20
09:36:09,Mostly Cloudy,16,16,20
09:38:08,Mostly Cloudy,16,16,20
09:40:08,Mostly Cloudy,16,16,19
09:42:09,Mostly Cloudy,16,16,19
09:44:09,Mostly Cloudy,16,16,19
09:46:09,Mostly Cloudy,16,16,19
09:48:09,Mostly Cloudy,16,16,19
09:50:09,Mostly Cloudy,16,16,19
09:52:09,Mostly Cloudy,16,16,19
09:54:08,Mostly Cloudy,16,16,19
09:56:09,Mostly Cloudy,16,16,19
09:58:09,Mostly Cloudy,16,16,19
10:00:08,Mostly Cloudy,16,16,19
10:02:09,Mostly Cloudy,16,16,19
10:04:09,Mostly Cloudy,16,16,19
10:06:09,Mostly Cloudy,16,16,19
10:08:09,Mostly Cloudy,16,16,19
10:10:09,Mostly Cloudy,16,16,19
10:12:09,Partly Cloudy,17,17,22
10:14:08,Partly Cloudy,17,17,22
10:16:09,Partly Cloudy,17,17,22
10:18:09,Partly Cloudy,17,17,22
10:20:08,Partly Cloudy,17,17,22
10:22:09,Partly Cloudy,17,17,22
10:24:09,Partly Cloudy,17,17,22
10:26:08,Partly Cloudy,17,17,22
10:28:08,Partly Cloudy,17,17,22
10:30:09,Partly Cloudy,17,17,22
10:32:09,Partly Cloudy,17,17,22
10:34:09,Partly Cloudy,17,17,22
10:36:09,Partly Cloudy,17,17,22
10:38:09,Partly Cloudy,17,17,22
10:40:09,Partly Cloudy,17,17,22
10:42:08,Partly Cloudy,17,17,22
10:44:09,Partly Cloudy,17,17,22
10:46:09,Partly Cloudy,17,17,22
10:48:08,Mostly Cloudy,17,17,22
10:50:09,Mostly Cloudy,17,17,22
10:52:08,Mostly Cloudy,17,17,22
10:54:08,Mostly Cloudy,17,17,22
10:56:09,Mostly Cloudy,17,17,22
10:58:09,Mostly Cloudy,17,17,22
11:00:09,Mostly Cloudy,17,17,22
11:02:08,Mostly Cloudy,17,17,22
11:04:09,Mostly Cloudy,17,17,22
11:06:09,Mostly Cloudy,17,17,22
11:08:08,Mostly Cloudy,17,17,22
11:10:08,Mostly Cloudy,17,17,22
11:12:08,Partly Cloudy,18,18,24
11:14:09,Partly Cloudy,18,18,24
11:16:09,Partly Cloudy,18,18,24
11:18:08,Partly Cloudy,18,18,24
11:20:09,Partly Cloudy,18,18,24
11:22:09,Partly Cloudy,18,18,24
11:24:08,Partly Cloudy,18,18,24
11:26:09,Partly Cloudy,18,18,24
11:28:09,Partly Cloudy,18,18,24
11:30:09,Partly Cloudy,18,18,24
11:32:08,Partly Cloudy,18,18,24
11:34:08,Partly Cloudy,18,18,24
11:36:09,Partly Cloudy,18,18,24
11:38:09,Partly Cloudy,18,18,24
11:40:09,Partly Cloudy,18,18,24
11:42:08,Partly Cloudy,18,18,22
11:44:08,Partly Cloudy,18,18,22
11:46:09,Partly Cloudy,18,18,22
11:48:09,Partly Cloudy,18,18,22
11:50:08,Partly Cloudy,18,18,22
11:52:08,Partly Cloudy,18,18,22
11:54:09,Partly Cloudy,18,18,22
11:56:09,Partly Cloudy,18,18,22
11:58:08,Partly Cloudy,18,18,22
12:00:09,Partly Cloudy,18,18,22
12:02:09,Partly Cloudy,18,18,22
12:04:09,Partly Cloudy,18,18,22
12:06:08,Partly Cloudy,18,18,22
12:08:09,Partly Cloudy,18,18,22
12:10:09,Partly Cloudy,18,18,22
12:12:08,Mostly Cloudy,18,18,20
12:14:09,Mostly Cloudy,18,18,20
12:16:09,Mostly Cloudy,18,18,20
12:18:09,Mostly Cloudy,18,18,20
12:20:08,Mostly Cloudy,18,18,20
12:22:09,Mostly Cloudy,18,18,20
12:24:08,Mostly Cloudy,18,18,20
12:26:09,Mostly Cloudy,18,18,20
12:28:09,Mostly Cloudy,18,18,20
12:30:09,Mostly Cloudy,18,18,20
12:32:08,Mostly Cloudy,18,18,20
12:34:09,Mostly Cloudy,18,18,20
12:36:09,Mostly Cloudy,18,18,20
12:38:09,Mostly Cloudy,18,18,20
12:40:08,Mostly Cloudy,18,18,20
12:42:09,Mostly Cloudy,18,18,20
12:44:09,Mostly Cloudy,18,18,20
12:46:08,Mostly Cloudy,18,18,20
12:48:08,Mostly Cloudy,17,17,19
12:50:08,Mostly Cloudy,17,17,19
12:52:08,Mostly Cloudy,17,17,19
12:54:09,Mostly Cloudy,17,17,19
12:56:08,Mostly Cloudy,17,17,19
12:58:08,Mostly Cloudy,17,17,19
13:00:09,Mostly Cloudy,17,17,19
13:02:09,Mostly Cloudy,17,17,19
13:04:08,Mostly Cloudy,17,17,19
13:06:08,Mostly Cloudy,17,17,19
13:08:09,Mostly Cloudy,17,17,19
13:10:08,Mostly Cloudy,17,17,19
13:12:08,Mostly Cloudy,17,17,22
13:14:09,Mostly Cloudy,17,17,22
13:16:09,Mostly Cloudy,17,17,22
13:18:08,Mostly Cloudy,17,17,22
13:20:09,Mostly Cloudy,17,17,22
13:22:09,Mostly Cloudy,17,17,22
13:24:08,Mostly Cloudy,17,17,22
13:26:09,Mostly Cloudy,17,17,22
13:28:09,Mostly Cloudy,17,17,22
13:30:09,Mostly Cloudy,17,17,22
13:32:08,Mostly Cloudy,17,17,22
13:34:08,Mostly Cloudy,17,17,22
13:36:09,Mostly Cloudy,17,17,22
13:38:08,Mostly Cloudy,17,17,22
13:40:08,Mostly Cloudy,17,17,24
13:42:09,Mostly Cloudy,17,17,24
13:44:09,Mostly Cloudy,17,17,24
13:46:09,Mostly Cloudy,17,17,24
13:48:08,Mostly Cloudy,17,17,24
13:50:08,Mostly Cloudy,17,17,24
13:52:09,Mostly Cloudy,17,17,24
13:54:09,Mostly Cloudy,17,17,24
13:56:09,Mostly Cloudy,17,17,24
13:58:08,Mostly Cloudy,17,17,24
14:00:09,Mostly Cloudy,17,17,24
14:02:09,Mostly Cloudy,17,17,24
14:04:09,Mostly Cloudy,17,17,24
14:06:08,Mostly Cloudy,17,17,24
14:08:09,Mostly Cloudy,17,17,24
14:10:09,Mostly Cloudy,17,17,19
14:12:08,Mostly Cloudy,17,17,19
14:14:09,Mostly Cloudy,17,17,19
14:16:09,Mostly Cloudy,17,17,19
14:18:09,Mostly Cloudy,17,17,19
14:20:09,Mostly Cloudy,17,17,19
14:22:09,Mostly Cloudy,17,17,19
14:24:08,Mostly Cloudy,17,17,19
14:26:08,Mostly Cloudy,17,17,19
14:28:09,Mostly Cloudy,17,17,19
14:30:09,Mostly Cloudy,17,17,19
14:32:09,Mostly Cloudy,17,17,19
14:34:09,Mostly Cloudy,17,17,19
14:36:09,Mostly Cloudy,17,17,19
14:38:09,Mostly Cloudy,17,17,19
14:40:09,Mostly Cloudy,17,17,19
14:42:08,Mostly Cloudy,17,17,19
14:44:08,Mostly Cloudy,17,17,19
14:46:09,Mostly Cloudy,17,17,19
14:48:08,Mostly Cloudy,17,17,19
14:50:09,Mostly Cloudy,17,17,19
14:52:09,Mostly Cloudy,17,17,19
14:54:09,Mostly Cloudy,17,17,19
14:56:08,Mostly Cloudy,17,17,19
14:58:08,Mostly Cloudy,17,17,19
15:00:09,Mostly Cloudy,17,17,19
15:02:09,Mostly Cloudy,17,17,19
15:04:09,Mostly Cloudy,17,17,19
15:06:09,Mostly Cloudy,17,17,19
15:08:08,Mostly Cloudy,17,17,19
15:10:09,Mostly Cloudy,17,17,19
15:12:09,Mostly Cloudy,17,17,19
15:14:08,Mostly Cloudy,17,17,19
15:16:08,Mostly Cloudy,18,18,20
15:18:09,Mostly Cloudy,18,18,20
15:20:08,Mostly Cloudy,18,18,20
15:22:08,Mostly Cloudy,18,18,20
15:24:09,Mostly Cloudy,18,18,20
15:26:09,Mostly Cloudy,18,18,20
15:28:08,Mostly Cloudy,18,18,20
15:30:08,Mostly Cloudy,18,18,20
15:32:09,Mostly Cloudy,18,18,20
15:34:09,Mostly Cloudy,18,18,20
15:36:08,Mostly Cloudy,18,18,20
15:38:08,Mostly Cloudy,18,18,20
15:40:09,Mostly Cloudy,20,20,24
15:42:09,Mostly Cloudy,20,20,24
15:44:09,Mostly Cloudy,20,20,24
15:46:09,Mostly Cloudy,20,20,24
15:48:09,Mostly Cloudy,20,20,24
15:50:09,Mostly Cloudy,20,20,24
15:52:09,Mostly Cloudy,20,20,24
15:54:09,Mostly Cloudy,20,20,24
15:56:08,Mostly Cloudy,20,20,24
15:58:09,Mostly Cloudy,20,20,24
16:00:09,Mostly Cloudy,20,20,24
16:02:08,Mostly Cloudy,20,20,24
16:04:09,Mostly Cloudy,20,20,24
16:06:09,Mostly Cloudy,20,20,24
16:08:09,Mostly Cloudy,20,20,24
16:10:09,Mostly Cloudy,20,20,24
16:12:09,Mostly Cloudy,20,20,24
16:14:09,Mostly Cloudy,20,20,24
16:16:08,Partly Cloudy,20,20,22
16:18:09,Partly Cloudy,20,20,22
16:20:09,Partly Cloudy,20,20,22
16:22:08,Partly Cloudy,20,20,22
16:24:09,Partly Cloudy,20,20,22
16:26:09,Partly Cloudy,20,20,22
16:28:08,Partly Cloudy,20,20,22
16:30:09,Partly Cloudy,20,20,22
16:32:09,Partly Cloudy,20,20,22
16:34:08,Partly Cloudy,20,20,22
16:36:09,Partly Cloudy,20,20,22
16:38:09,Partly Cloudy,20,20,22
16:40:09,Partly Cloudy,20,20,22
16:42:09,Partly Cloudy,20,20,22
16:44:08,Partly Cloudy,20,20,22
16:46:09,Mostly Cloudy,20,20,22
16:48:09,Mostly Cloudy,20,20,22
16:50:09,Mostly Cloudy,20,20,22
16:52:08,Mostly Cloudy,20,20,22
16:54:09,Mostly Cloudy,20,20,22
16:56:09,Mostly Cloudy,20,20,22
16:58:08,Mostly Cloudy,20,20,22
17:00:08,Mostly Cloudy,20,20,22
17:02:09,Mostly Cloudy,20,20,22
17:04:09,Mostly Cloudy,20,20,22
17:06:08,Mostly Cloudy,20,20,22
17:08:08,Mostly Cloudy,20,20,22
17:10:09,Mostly Cloudy,20,20,22
17:12:09,Mostly Cloudy,20,20,24
17:14:08,Mostly Cloudy,20,20,24
17:16:09,Mostly Cloudy,20,20,24
17:18:09,Mostly Cloudy,20,20,24
17:20:08,Mostly Cloudy,20,20,24
17:22:08,Mostly Cloudy,20,20,24
17:24:09,Mostly Cloudy,20,20,24
17:26:09,Mostly Cloudy,20,20,24
17:28:09,Mostly Cloudy,20,20,24
17:30:08,Mostly Cloudy,20,20,24
17:32:09,Mostly Cloudy,20,20,24
17:34:09,Mostly Cloudy,20,20,24
17:36:09,Mostly Cloudy,20,20,24
17:38:08,Mostly Cloudy,20,20,24
17:40:09,Mostly Cloudy,20,20,24
17:42:09,Mostly Cloudy,20,20,24
17:44:09,Mostly Cloudy,20,20,24
17:46:08,Mostly Cloudy,20,20,24
17:48:08,Mostly Cloudy,20,20,24
17:50:09,Mostly Cloudy,20,20,24
17:52:09,Mostly Cloudy,20,20,24
17:54:08,Mostly Cloudy,20,20,24
17:56:08,Mostly Cloudy,20,20,24
17:58:09,Mostly Cloudy,20,20,24
18:00:09,Mostly Cloudy,20,20,24
18:02:08,Mostly Cloudy,20,20,24
18:04:09,Mostly Cloudy,20,20,24
18:06:09,Mostly Cloudy,20,20,24
18:08:09,Mostly Cloudy,20,20,24
18:10:09,Mostly Cloudy,20,20,24
18:12:08,Mostly Cloudy,18,18,24
18:14:09,Mostly Cloudy,18,18,24
18:16:09,Mostly Cloudy,18,18,24
18:18:08,Mostly Cloudy,18,18,24
18:20:09,Mostly Cloudy,18,18,24
18:22:09,Mostly Cloudy,18,18,24
18:24:09,Mostly Cloudy,18,18,24
18:26:09,Mostly Cloudy,18,18,24
18:28:08,Mostly Cloudy,18,18,24
18:30:08,Mostly Cloudy,18,18,24
18:32:09,Mostly Cloudy,18,18,24
18:34:09,Mostly Cloudy,18,18,24
18:36:09,Mostly Cloudy,18,18,24
18:38:09,Mostly Cloudy,18,18,24
18:40:08,Mostly Cloudy,18,18,24
18:42:09,Mostly Cloudy,18,18,24
18:44:09,Mostly Cloudy,18,18,24
18:46:09,Mostly Cloudy,18,18,24
18:48:08,Mostly Cloudy,18,18,24
18:50:09,Mostly Cloudy,18,18,24
18:52:09,Mostly Cloudy,18,18,24
18:54:09,Mostly Cloudy,18,18,24
18:56:08,Mostly Cloudy,18,18,24
18:58:08,Mostly Cloudy,18,18,24
19:00:09,Mostly Cloudy,18,18,24
19:02:09,Mostly Cloudy,18,18,24
19:04:08,Mostly Cloudy,18,18,24
19:06:09,Mostly Cloudy,18,18,24
19:08:09,Mostly Cloudy,18,18,24
19:10:08,Mostly Cloudy,18,18,24
19:12:09,Mostly Cloudy,17,17,19
19:14:09,Mostly Cloudy,17,17,19
19:16:08,Mostly Cloudy,17,17,19
19:18:09,Mostly Cloudy,17,17,19
19:20:09,Mostly Cloudy,17,17,19
19:22:09,Mostly Cloudy,17,17,19
19:24:08,Mostly Cloudy,17,17,19
19:26:09,Mostly Cloudy,17,17,19
19:28:09,Mostly Cloudy,17,17,19
19:30:09,Mostly Cloudy,17,17,19
19:32:08,Mostly Cloudy,17,17,19
19:34:09,Mostly Cloudy,17,17,19
19:36:09,Mostly Cloudy,17,17,19
19:38:08,Mostly Cloudy,17,17,19
19:40:09,Mostly Cloudy,17,17,19
19:42:09,Mostly Cloudy,17,17,19
19:44:08,Mostly Cloudy,17,17,19
19:46:08,Mostly Cloudy,17,17,19
19:48:09,Mostly Cloudy,17,17,19
19:50:09,Mostly Cloudy,17,17,19
19:52:08,Mostly Cloudy,17,17,19
19:54:08,Mostly Cloudy,17,17,19
19:56:09,Mostly Cloudy,17,17,19
19:58:08,Mostly Cloudy,17,17,19
20:00:09,Mostly Cloudy,17,17,19
20:02:09,Mostly Cloudy,17,17,19
20:04:08,Mostly Cloudy,17,17,19
20:06:09,Mostly Cloudy,17,17,19
20:08:09,Mostly Cloudy,17,17,19
20:10:09,Mostly Cloudy,17,17,19
20:12:09,Mostly Cloudy,17,17,19
20:14:09,Mostly Cloudy,17,17,19
20:16:09,Mostly Cloudy,17,17,19
20:18:08,Mostly Cloudy,17,17,19
20:20:09,Mostly Cloudy,17,17,19
20:22:08,Mostly Cloudy,17,17,19
20:24:09,Mostly Cloudy,17,17,19
20:26:08,Mostly Cloudy,17,17,19
20:28:08,Mostly Cloudy,17,17,19
20:30:09,Mostly Cloudy,17,17,19
20:32:09,Mostly Cloudy,17,17,19
20:34:08,Mostly Cloudy,17,17,19
20:36:09,Mostly Cloudy,17,17,19
20:38:09,Mostly Cloudy,17,17,19
20:40:09,Mostly Cloudy,17,17,19
20:42:09,Mostly Cloudy,17,17,19
20:44:08,Mostly Cloudy,17,17,19
20:46:09,Mostly Cloudy,17,17,19
20:48:09,Mostly Cloudy,17,17,19
20:50:09,Mostly Cloudy,17,17,19
20:52:08,Mostly Cloudy,17,17,19
20:54:08,Mostly Cloudy,17,17,19
20:56:09,Mostly Cloudy,17,17,19
20:58:09,Mostly Cloudy,17,17,19
21:00:09,Mostly Cloudy,17,17,19
21:02:09,Mostly Cloudy,17,17,19
21:04:09,Mostly Cloudy,17,17,19
21:06:09,Mostly Cloudy,17,17,19
21:08:08,Mostly Cloudy,17,17,19
21:10:09,Mostly Cloudy,17,17,19
21:12:09,Partly Cloudy,16,16,9
21:14:09,Partly Cloudy,16,16,9
21:16:09,Partly Cloudy,16,16,9
21:18:08,Partly Cloudy,16,16,9
21:20:09,Partly Cloudy,16,16,9
21:22:09,Partly Cloudy,16,16,9
21:24:09,Partly Cloudy,16,16,9
21:26:08,Partly Cloudy,16,16,9
21:28:09,Partly Cloudy,16,16,9
21:30:09,Partly Cloudy,16,16,9
21:32:08,Partly Cloudy,16,16,9
21:34:09,Partly Cloudy,16,16,9
21:36:09,Partly Cloudy,16,16,9
21:38:09,Partly Cloudy,16,16,9
21:40:08,Partly Cloudy,16,16,9
21:42:08,Partly Cloudy,16,16,9
21:44:09,Partly Cloudy,16,16,9
21:46:09,Partly Cloudy,16,16,9
21:48:08,Partly Cloudy,16,16,9
21:50:09,Partly Cloudy,16,16,9
21:52:09,Partly Cloudy,16,16,9
21:54:08,Partly Cloudy,16,16,9
21:56:09,Partly Cloudy,16,16,9
21:58:08,Partly Cloudy,16,16,9
22:00:09,Partly Cloudy,16,16,9
22:02:09,Partly Cloudy,16,16,9
22:04:09,Partly Cloudy,16,16,9
22:06:09,Partly Cloudy,16,16,9
22:08:09,Partly Cloudy,16,16,9
22:10:09,Partly Cloudy,16,16,9
22:12:09,Partly Cloudy,15,15,9
22:14:09,Partly Cloudy,15,15,9
22:16:08,Partly Cloudy,15,15,9
22:18:09,Partly Cloudy,15,15,9
22:20:08,Partly Cloudy,15,15,9
22:22:08,Partly Cloudy,15,15,9
22:24:09,Partly Cloudy,15,15,9
22:26:08,Partly Cloudy,15,15,9
22:28:08,Partly Cloudy,15,15,9
22:30:09,Partly Cloudy,15,15,9
22:32:09,Partly Cloudy,15,15,9
22:34:09,Partly Cloudy,15,15,9
22:36:08,Partly Cloudy,15,15,9
22:38:09,Partly Cloudy,15,15,9
22:40:09,Partly Cloudy,15,15,9
22:42:08,Partly Cloudy,15,15,9
22:44:09,Partly Cloudy,15,15,9
22:46:08,Partly Cloudy,15,15,9
22:48:09,Partly Cloudy,15,15,9
22:50:08,Partly Cloudy,15,15,9
22:52:08,Partly Cloudy,15,15,9
22:54:09,Partly Cloudy,15,15,9
22:56:09,Partly Cloudy,15,15,9
22:58:09,Partly Cloudy,15,15,9
23:00:08,Partly Cloudy,15,15,9
23:02:09,Partly Cloudy,15,15,9
23:04:08,Partly Cloudy,15,15,9
23:06:08,Partly Cloudy,15,15,9
23:08:09,Partly Cloudy,15,15,9
23:10:09,Partly Cloudy,15,15,9
23:12:08,Partly Cloudy,15,15,9
23:14:08,Partly Cloudy,15,15,9
23:16:09,Mostly Cloudy,15,15,9
23:18:09,Mostly Cloudy,15,15,9
23:20:08,Mostly Cloudy,15,15,9
23:22:08,Mostly Cloudy,15,15,9
23:24:09,Mostly Cloudy,15,15,9
23:26:09,Mostly Cloudy,15,15,9
23:28:08,Mostly Cloudy,15,15,9
23:30:09,Mostly Cloudy,15,15,9
23:32:09,Mostly Cloudy,15,15,9
23:34:09,Mostly Cloudy,15,15,9
23:36:09,Mostly Cloudy,15,15,9
23:38:09,Mostly Cloudy,15,15,9
23:40:08,Mostly Cloudy,15,15,9
23:42:09,Mostly Cloudy,15,15,9
23:44:09,Mostly Cloudy,15,15,9
23:46:08,Mostly Cloudy,15,15,9
23:48:09,Mostly Cloudy,15,15,9
23:50:09,Mostly Cloudy,15,15,9
23:52:08,Mostly Cloudy,15,15,9
23:54:09,Mostly Cloudy,15,15,9
23:56:09,Mostly Cloudy,15,15,9
23:58:09,Mostly Cloudy,15,15,9
