Time,Weather,Temperature,Feels_Like,Wind_Speed
00:00:08,Mostly Cloudy,12,12,16
00:02:09,Mostly Cloudy,12,12,16
00:04:09,Mostly Cloudy,12,12,16
00:06:09,Mostly Cloudy,12,12,16
00:08:08,Mostly Cloudy,12,12,16
00:10:09,Mostly Cloudy,12,12,16
00:12:09,Mostly Cloudy,12,12,16
00:14:09,Mostly Cloudy,11,11,11
00:16:08,Mostly Cloudy,11,11,11
00:18:09,Mostly Cloudy,11,11,11
00:20:09,Mostly Cloudy,11,11,11
00:22:08,Mostly Cloudy,11,11,11
00:24:09,Mostly Cloudy,11,11,11
00:26:09,Mostly Cloudy,11,11,11
00:28:09,Mostly Cloudy,11,11,11
00:30:09,Mostly Cloudy,11,11,11
00:32:09,Mostly Cloudy,11,11,11
00:34:09,Mostly Cloudy,11,11,11
00:36:08,Mostly Cloudy,11,11,11
00:38:09,Mostly Cloudy,11,11,11
00:40:09,Mostly Cloudy,11,11,11
00:42:09,Mostly Cloudy,11,11,11
00:44:08,Mostly Cloudy,11,11,11
00:46:09,Mostly Cloudy,11,11,11
00:48:09,Mostly Cloudy,11,11,11
00:50:09,Mostly Cloudy,11,11,11
00:52:08,Mostly Cloudy,11,11,11
00:54:09,Mostly Cloudy,11,11,11
00:56:09,Mostly Cloudy,11,11,11
00:58:08,Mostly Cloudy,11,11,11
01:00:16,Mostly Cloudy,11,11,11
01:02:08,Mostly Cloudy,11,11,11
01:04:09,Mostly Cloudy,11,11,11
01:06:09,Mostly Cloudy,11,11,11
01:08:09,Mostly Cloudy,12,12,14
01:10:09,Mostly Cloudy,12,12,14
01:12:09,Mostly Cloudy,12,12,14
01:14:09,Mostly Cloudy,12,12,14
01:16:09,Mostly Cloudy,12,12,14
01:18:09,Mostly Cloudy,12,12,14
01:20:09,Mostly Cloudy,12,12,14
01:22:08,Mostly Cloudy,12,12,14
01:24:09,Mostly Cloudy,12,12,14
01:26:09,Mostly Cloudy,12,12,14
01:28:08,Mostly Cloudy,12,12,14
01:30:09,Mostly Cloudy,12,12,14
01:32:09,Mostly Cloudy,12,12,14
01:34:09,Mostly Cloudy,12,12,14
01:36:09,Mostly Cloudy,12,12,14
01:38:09,Mostly Cloudy,12,12,14
01:40:09,Mostly Cloudy,12,12,14
01:42:08,Mostly Cloudy,12,12,14
01:44:09,Mostly Cloudy,12,12,14
01:46:09,Mostly Cloudy,12,12,14
01:48:09,Mostly Cloudy,12,12,14
01:50:08,Mostly Cloudy,12,12,14
01:52:09,Mostly Cloudy,12,12,14
01:54:09,Mostly Cloudy,12,12,14
01:56:08,Mostly Cloudy,12,12,14
01:58:09,Mostly Cloudy,12,12,14
02:00:09,Mostly Cloudy,12,12,14
02:02:08,Mostly Cloudy,12,12,14
02:04:09,Mostly Cloudy,12,12,14
02:06:09,Mostly Cloudy,12,12,14
02:08:09,Mostly Cloudy,12,12,14
02:10:08,Mostly Cloudy,12,12,14
02:12:08,Mostly Cloudy,12,12,14
02:14:08,Mostly Cloudy,12,12,12
02:16:09,Mostly Cloudy,12,12,12
02:18:09,Mostly Cloudy,12,12,12
02:20:09,Mostly Cloudy,12,12,12
02:22:09,Mostly Cloudy,12,12,12
02:24:08,Mostly Cloudy,12,12,12
02:26:09,Mostly Cloudy,12,12,12
02:28:09,Mostly Cloudy,12,12,12
02:30:09,Mostly Cloudy,12,12,12
02:32:08,Mostly Cloudy,12,12,12
02:34:08,Mostly Cloudy,12,12,12
02:36:09,Mostly Cloudy,12,12,12
02:38:09,Mostly Cloudy,12,12,12
02:40:09,Mostly Cloudy,12,12,12
02:42:08,Mostly Cloudy,12,12,12
02:44:08,Mostly Cloudy,12,12,12
02:46:09,Mostly Cloudy,12,12,12
02:48:09,Mostly Cloudy,12,12,12
02:50:09,Mostly Cloudy,12,12,12
02:52:08,Mostly Cloudy,12,12,12
02:54:09,Mostly Cloudy,12,12,12
02:56:09,Mostly Cloudy,12,12,12
02:58:08,Mostly Cloudy,12,12,12
03:00:08,Mostly Cloudy,12,12,12
03:02:09,Mostly Cloudy,12,12,12
03:04:09,Mostly Cloudy,12,12,12
03:06:09,Mostly Cloudy,12,12,12
03:08:08,Mostly Cloudy,12,12,12
03:10:09,Mostly Cloudy,12,12,12
03:12:09,Mostly Cloudy,12,12,12
03:14:09,Mostly Cloudy,12,12,8
03:16:08,Mostly Cloudy,12,12,8
03:18:09,Mostly Cloudy,12,12,8
03:20:09,Mostly Cloudy,12,12,8
03:22:08,Mostly Cloudy,12,12,8
03:24:08,Mostly Cloudy,12,12,8
03:26:09,Mostly Cloudy,12,12,8
03:28:09,Mostly Cloudy,12,12,8
03:30:09,Mostly Cloudy,12,12,8
03:32:08,Mostly Cloudy,12,12,8
03:34:09,Mostly Cloudy,12,12,8
03:36:09,Mostly Cloudy,12,12,8
03:38:08,Mostly Cloudy,12,12,8
03:40:08,Mostly Cloudy,12,12,8
03:42:09,Mostly Cloudy,12,12,8
03:44:09,Mostly Cloudy,12,12,8
03:46:08,Mostly Cloudy,12,12,8
03:48:08,Mostly Cloudy,12,12,8
03:50:09,Mostly Cloudy,12,12,8
03:52:09,Mostly Cloudy,12,12,8
03:54:08,Mostly Cloudy,12,12,8
03:56:08,Mostly Cloudy,12,12,8
03:58:09,Mostly Cloudy,12,12,8
04:00:08,Mostly Cloudy,12,12,8
04:02:08,Mostly Cloudy,12,12,8
04:04:09,Mostly Cloudy,12,12,8
04:06:09,Mostly Cloudy,12,12,8
04:08:09,Mostly Cloudy,12,12,8
04:10:08,Mostly Cloudy,12,12,8
04:12:08,Mostly Cloudy,12,12,8
04:14:09,Mostly Cloudy,12,12,11
04:16:09,Mostly Cloudy,12,12,11
04:18:08,Mostly Cloudy,12,12,11
04:20:09,Mostly Cloudy,12,12,11
04:22:09,Mostly Cloudy,12,12,11
04:24:09,Mostly Cloudy,12,12,11
04:26:09,Mostly Cloudy,12,12,11
04:28:09,Mostly Cloudy,12,12,11
04:30:08,Mostly Cloudy,12,12,11
04:32:09,Mostly Cloudy,12,12,11
04:34:09,Mostly Cloudy,12,12,11
04:36:09,Mostly Cloudy,12,12,11
04:38:08,Mostly Cloudy,12,12,11
04:40:09,Mostly Cloudy,12,12,11
04:42:09,Mostly Cloudy,12,12,11
04:44:09,Mostly Cloudy,12,12,11
04:46:09,Mostly Cloudy,12,12,11
04:48:09,Mostly Cloudy,12,12,11
04:50:09,Mostly Cloudy,12,12,11
04:52:09,Mostly Cloudy,12,12,11
04:54:08,Mostly Cloudy,12,12,11
04:56:08,Mostly Cloudy,12,12,11
04:58:09,Mostly Cloudy,12,12,11
05:00:08,Mostly Cloudy,12,12,11
05:02:08,Mostly Cloudy,12,12,11
05:04:09,Mostly Cloudy,12,12,11
05:06:09,Mostly Cloudy,12,12,11
05:08:08,Mostly Cloudy,12,12,8
05:10:09,Mostly Cloudy,12,12,8
05:12:09,Mostly Cloudy,12,12,8
05:14:09,Mostly Cloudy,12,12,8
05:16:08,Mostly Cloudy,12,12,8
05:18:09,Mostly Cloudy,12,12,8
05:20:09,Mostly Cloudy,12,12,8
05:22:09,Mostly Cloudy,12,12,8
05:24:08,Mostly Cloudy,12,12,8
05:26:08,Mostly Cloudy,12,12,8
05:28:09,Mostly Cloudy,12,12,8
05:30:09,Mostly Cloudy,12,12,8
05:32:08,Mostly Cloudy,12,12,8
05:34:09,Mostly Cloudy,12,12,8
05:36:09,Mostly Cloudy,12,12,8
05:38:09,Mostly Cloudy,12,12,8
05:40:08,Mostly Cloudy,12,12,8
05:42:08,Mostly Cloudy,12,12,8
05:44:08,Mostly Cloudy,12,12,8
05:46:09,Mostly Cloudy,12,12,8
05:48:09,Mostly Cloudy,12,12,8
05:50:09,Mostly Cloudy,12,12,8
05:52:09,Mostly Cloudy,12,12,8
05:54:09,Mostly Cloudy,12,12,8
05:56:08,Mostly Cloudy,12,12,8
05:58:09,Mostly Cloudy,12,12,8
06:00:09,Mostly Cloudy,12,12,8
06:02:09,Mostly Cloudy,12,12,8
06:04:09,Mostly Cloudy,12,12,8
06:06:09,Mostly Cloudy,12,12,8
06:08:09,Mostly Cloudy,12,12,8
06:10:08,Mostly Cloudy,12,12,8
06:12:09,Mostly Cloudy,12,12,8
06:14:09,Mostly Cloudy,12,12,11
06:16:08,Mostly Cloudy,12,12,11
06:18:09,Mostly Cloudy,12,12,11
06:20:09,Mostly Cloudy,12,12,11
06:22:08,Mostly Cloudy,12,12,11
06:24:09,Mostly Cloudy,12,12,11
06:26:08,Mostly Cloudy,12,12,11
06:28:09,Mostly Cloudy,12,12,11
06:30:08,Mostly Cloudy,12,12,11
06:32:08,Mostly Cloudy,12,12,11
06:34:09,Mostly Cloudy,12,12,11
06:36:09,Mostly Cloudy,12,12,11
06:38:09,Mostly Cloudy,12,12,11
06:40:09,Mostly Cloudy,12,12,11
06:42:08,Mostly Cloudy,12,12,11
06:44:09,Mostly Cloudy,12,12,11
06:46:08,Mostly Cloudy,12,12,11
06:48:08,Mostly Cloudy,12,12,11
06:50:09,Mostly Cloudy,12,12,11
06:52:09,Mostly Cloudy,12,12,11
06:54:09,Mostly Cloudy,12,12,11
06:56:09,Mostly Cloudy,12,12,11
06:58:08,Mostly Cloudy,12,12,11
07:00:09,Mostly Cloudy,12,12,11
07:02:09,Mostly Cloudy,12,12,11
07:04:08,Mostly Cloudy,12,12,11
07:06:09,Mostly Cloudy,12,12,11
07:08:09,Mostly Cloudy,12,12,11
07:10:08,Mostly Cloudy,12,12,11
07:12:08,Mostly Cloudy,12,12,11
07:14:09,Mostly Cloudy,12,12,11
07:16:09,Mostly Cloudy,12,12,11
07:18:08,Mostly Cloudy,12,12,11
07:20:09,Mostly Cloudy,12,12,9
07:22:08,Mostly Cloudy,12,12,9
07:24:08,Mostly Cloudy,12,12,9
07:26:08,Mostly Cloudy,12,12,9
07:28:09,Mostly Cloudy,12,12,9
07:30:09,Mostly Cloudy,12,12,9
07:32:08,Mostly Cloudy,12,12,9
07:34:08,Mostly Cloudy,12,12,9
07:36:09,Mostly Cloudy,12,12,9
07:38:09,Mostly Cloudy,12,12,9
07:40:09,Mostly Cloudy,12,12,9
07:42:08,Mostly Cloudy,12,12,9
07:44:09,Mostly Cloudy,13,13,1
07:46:09,Mostly Cloudy,13,13,1
07:48:08,Mostly Cloudy,13,13,1
07:50:08,Mostly Cloudy,13,13,1
07:52:09,Mostly Cloudy,13,13,1
07:54:09,Mostly Cloudy,13,13,1
07:56:09,Mostly Cloudy,13,13,1
07:58:08,Mostly Cloudy,13,13,1
08:00:08,Mostly Cloudy,13,13,1
08:02:09,Mostly Cloudy,13,13,1
08:04:09,Mostly Cloudy,13,13,1
08:06:09,Mostly Cloudy,13,13,1
08:08:09,Mostly Cloudy,13,13,1
08:10:09,Mostly Cloudy,13,13,1
08:12:09,Mostly Cloudy,13,13,1
08:14:09,Mostly Cloudy,13,13,1
08:16:09,Mostly Cloudy,13,13,1
08:18:09,Mostly Cloudy,13,13,8
08:20:08,Mostly Cloudy,13,13,8
08:22:08,Mostly Cloudy,13,13,8
08:24:09,Mostly Cloudy,13,13,8
08:26:09,Mostly Cloudy,13,13,8
08:28:09,Mostly Cloudy,13,13,8
08:30:08,Mostly Cloudy,13,13,8
08:32:09,Mostly Cloudy,13,13,8
08:34:09,Mostly Cloudy,13,13,8
08:36:09,Mostly Cloudy,13,13,8
08:38:08,Mostly Cloudy,13,13,8
08:40:08,Mostly Cloudy,13,13,8
08:42:09,Mostly Cloudy,13,13,8
08:44:09,Mostly Cloudy,13,13,8
08:46:09,Mostly Cloudy,13,13,8
08:48:09,Mostly Cloudy,15,15,16
08:50:09,Mostly Cloudy,15,15,16
08:52:08,Mostly Cloudy,15,15,16
08:54:08,Mostly Cloudy,15,15,16
08:56:09,Mostly Cloudy,15,15,16
08:58:09,Mostly Cloudy,15,15,16
09:00:09,Mostly Cloudy,15,15,16
09:02:08,Mostly Cloudy,15,15,16
09:04:08,Mostly Cloudy,15,15,16
09:06:09,Mostly Cloudy,15,15,16
09:08:09,Mostly Cloudy,15,15,16
09:10:09,Mostly Cloudy,15,15,16
09:12:08,Mostly Cloudy,15,15,16
09:14:09,Mostly Cloudy,15,15,16
09:16:09,Mostly Cloudy,15,15,16
09:18:08,Partly Cloudy,15,15,20
09:20:08,Partly Cloudy,15,15,20
09:22:09,Partly Cloudy,15,15,20
09:24:09,Partly Cloudy,15,15,20
09:26:08,Partly Cloudy,15,15,20
09:28:09,Partly Cloudy,15,15,20
09:30:09,Partly Cloudy,15,15,20
09:32:09,Partly Cloudy,15,15,20
09:34:09,Partly Cloudy,15,15,20
09:36:09,Partly Cloudy,15,15,20
09:38:09,Partly Cloudy,15,15,20
09:40:08,Partly Cloudy,15,15,20
09:42:09,Mostly Cloudy,15,15,24
09:44:09,Mostly Cloudy,15,15,24
09:46:08,Mostly Cloudy,15,15,24
09:48:09,Mostly Cloudy,15,15,24
09:50:09,Mostly Cloudy,15,15,24
09:52:09,Mostly Cloudy,15,15,24
09:54:08,Mostly Cloudy,15,15,24
09:56:08,Mostly Cloudy,15,15,24
09:58:09,Mostly Cloudy,15,15,24
10:00:08,Mostly Cloudy,15,15,24
10:02:09,Mostly Cloudy,15,15,24
10:04:09,Mostly Cloudy,15,15,24
10:06:08,Mostly Cloudy,15,15,24
10:08:08,Mostly Cloudy,15,15,24
10:10:09,Mostly Cloudy,15,15,24
10:12:09,Mostly Cloudy,16,16,24
10:14:08,Mostly Cloudy,16,16,24
10:16:08,Mostly Cloudy,16,16,24
10:18:09,Mostly Cloudy,16,16,24
10:20:09,Mostly Cloudy,16,16,24
10:22:08,Mostly Cloudy,16,16,24
10:24:09,Mostly Cloudy,16,16,24
10:26:09,Mostly Cloudy,16,16,24
10:28:08,Mostly Cloudy,16,16,24
10:30:08,Mostly Cloudy,16,16,24
10:32:09,Mostly Cloudy,16,16,24
10:34:09,Mostly Cloudy,16,16,24
10:36:09,Mostly Cloudy,16,16,24
10:38:09,Mostly Cloudy,16,16,24
10:40:09,Mostly Cloudy,16,16,24
10:42:08,Mostly Cloudy,16,16,25
10:44:09,Mostly Cloudy,16,16,25
10:46:09,Mostly Cloudy,16,16,25
10:48:08,Mostly Cloudy,16,16,25
10:50:08,Mostly Cloudy,16,16,25
10:52:09,Mostly Cloudy,16,16,25
10:54:09,Mostly Cloudy,16,16,25
10:56:09,Mostly Cloudy,16,16,25
10:58:08,Mostly Cloudy,16,16,25
11:00:09,Mostly Cloudy,16,16,25
11:02:09,Mostly Cloudy,16,16,25
11:04:09,Mostly Cloudy,16,16,25
11:06:08,Mostly Cloudy,16,16,25
11:08:09,Mostly Cloudy,16,16,25
11:10:09,Mostly Cloudy,16,16,25
11:12:08,Mostly Cloudy,16,16,25
11:14:08,Mostly Cloudy,16,16,25
11:16:09,Mostly Cloudy,16,16,24
11:18:08,Mostly Cloudy,16,16,24
11:20:08,Mostly Cloudy,16,16,24
11:22:09,Mostly Cloudy,16,16,24
11:24:09,Mostly Cloudy,16,16,24
11:26:09,Mostly Cloudy,16,16,24
11:28:08,Mostly Cloudy,16,16,24
11:30:08,Mostly Cloudy,16,16,24
11:32:09,Mostly Cloudy,16,16,24
11:34:09,Mostly Cloudy,16,16,24
11:36:09,Mostly Cloudy,16,16,24
11:38:09,Mostly Cloudy,16,16,24
11:40:08,Mostly Cloudy,16,16,24
11:42:08,Mostly Cloudy,16,16,24
11:44:09,Mostly Cloudy,16,16,24
11:46:09,Partly Cloudy,17,17,19
11:48:09,Partly Cloudy,17,17,19
11:50:08,Partly Cloudy,17,17,19
11:52:09,Partly Cloudy,17,17,19
11:54:09,Partly Cloudy,17,17,19
11:56:08,Partly Cloudy,17,17,19
11:58:09,Partly Cloudy,17,17,19
12:00:09,Partly Cloudy,17,17,19
12:02:08,Partly Cloudy,17,17,19
12:04:08,Partly Cloudy,17,17,19
12:06:09,Partly Cloudy,17,17,19
12:08:09,Partly Cloudy,17,17,19
12:10:09,Partly Cloudy,17,17,19
12:12:09,Mostly Cloudy,17,17,24
12:14:08,Mostly Cloudy,17,17,24
12:16:09,Mostly Cloudy,17,17,24
12:18:09,Mostly Cloudy,17,17,24
12:20:08,Mostly Cloudy,17,17,24
12:22:08,Mostly Cloudy,17,17,24
12:24:09,Mostly Cloudy,17,17,24
12:26:09,Mostly Cloudy,17,17,24
12:28:08,Mostly Cloudy,17,17,24
12:30:09,Mostly Cloudy,17,17,24
12:32:09,Mostly Cloudy,17,17,24
12:34:08,Mostly Cloudy,17,17,24
12:36:08,Mostly Cloudy,17,17,24
12:38:09,Mostly Cloudy,17,17,24
12:40:09,Mostly Cloudy,17,17,24
12:42:09,Partly Cloudy,18,18,22
12:44:09,Partly Cloudy,18,18,22
12:46:09,Partly Cloudy,18,18,22
12:48:08,Partly Cloudy,18,18,22
12:50:09,Partly Cloudy,18,18,22
12:52:09,Partly Cloudy,18,18,22
12:54:08,Partly Cloudy,18,18,22
12:56:09,Partly Cloudy,18,18,22
12:58:09,Partly Cloudy,18,18,22
13:00:09,Partly Cloudy,18,18,22
13:02:09,Partly Cloudy,18,18,22
13:04:08,Partly Cloudy,18,18,22
13:06:08,Partly Cloudy,18,18,22
13:08:09,Partly Cloudy,18,18,22
13:10:09,Partly Cloudy,18,18,22
13:12:08,Mostly Cloudy,17,17,25
13:14:09,Mostly Cloudy,17,17,25
13:16:09,Mostly Cloudy,17,17,25
13:18:09,Mostly Cloudy,17,17,25
13:20:09,Mostly Cloudy,17,17,25
13:22:09,Mostly Cloudy,17,17,25
13:24:09,Mostly Cloudy,17,17,25
13:26:08,Mostly Cloudy,17,17,25
13:28:09,Mostly Cloudy,17,17,25
13:30:09,Mostly Cloudy,17,17,25
13:32:08,Mostly Cloudy,17,17,25
13:34:09,Mostly Cloudy,17,17,25
13:36:09,Mostly Cloudy,17,17,25
13:38:09,Mostly Cloudy,17,17,25
13:40:09,Mostly Cloudy,17,17,25
13:42:09,Mostly Cloudy,17,17,27
13:44:09,Mostly Cloudy,17,17,27
13:46:09,Mostly Cloudy,17,17,27
13:48:08,Mostly Cloudy,17,17,27
13:50:09,Mostly Cloudy,17,17,27
13:52:09,Mostly Cloudy,17,17,27
13:54:09,Mostly Cloudy,17,17,27
13:56:08,Mostly Cloudy,17,17,27
13:58:09,Mostly Cloudy,17,17,27
14:00:09,Mostly Cloudy,17,17,27
14:02:09,Mostly Cloudy,17,17,27
14:04:09,Mostly Cloudy,17,17,27
14:06:09,Mostly Cloudy,17,17,27
14:08:09,Mostly Cloudy,17,17,27
14:10:09,Mostly Cloudy,17,17,27
14:12:09,Mostly Cloudy,17,17,25
14:14:08,Mostly Cloudy,17,17,25
14:16:09,Mostly Cloudy,17,17,25
14:18:08,Mostly Cloudy,17,17,25
14:20:09,Mostly Cloudy,17,17,25
14:22:09,Mostly Cloudy,17,17,25
14:24:08,Mostly Cloudy,17,17,25
14:26:08,Mostly Cloudy,17,17,25
14:28:09,Mostly Cloudy,17,17,25
14:30:09,Mostly Cloudy,17,17,25
14:32:09,Mostly Cloudy,17,17,25
14:34:08,Mostly Cloudy,17,17,25
14:36:09,Mostly Cloudy,17,17,25
14:38:08,Mostly Cloudy,17,17,25
14:40:09,Mostly Cloudy,17,17,25
14:42:09,Mostly Cloudy,17,17,27
14:44:08,Mostly Cloudy,17,17,27
14:46:09,Mostly Cloudy,17,17,27
14:48:09,Mostly Cloudy,17,17,27
14:50:09,Mostly Cloudy,17,17,27
14:52:08,Mostly Cloudy,17,17,27
14:54:09,Mostly Cloudy,17,17,27
14:56:09,Mostly Cloudy,17,17,27
14:58:09,Mostly Cloudy,17,17,27
15:00:09,Mostly Cloudy,17,17,27
15:02:08,Mostly Cloudy,17,17,27
15:04:09,Mostly Cloudy,17,17,27
15:06:09,Mostly Cloudy,17,17,27
15:08:08,Mostly Cloudy,17,17,27
15:10:09,Mostly Cloudy,17,17,27
15:12:09,Partly Cloudy,17,17,22
15:14:09,Partly Cloudy,17,17,22
15:16:08,Partly Cloudy,17,17,22
15:18:09,Partly Cloudy,17,17,22
15:20:09,Partly Cloudy,17,17,22
15:22:08,Partly Cloudy,17,17,22
15:24:09,Partly Cloudy,17,17,22
15:26:09,Partly Cloudy,17,17,22
15:28:08,Partly Cloudy,17,17,22
15:30:08,Partly Cloudy,17,17,22
15:32:09,Partly Cloudy,17,17,22
15:34:09,Partly Cloudy,17,17,22
15:36:08,Partly Cloudy,17,17,22
15:38:08,Partly Cloudy,17,17,22
15:40:09,Partly Cloudy,17,17,22
15:42:09,Mostly Cloudy,18,18,25
15:44:08,Mostly Cloudy,18,18,25
15:46:09,Mostly Cloudy,18,18,25
15:48:09,Mostly Cloudy,18,18,25
15:50:08,Mostly Cloudy,18,18,25
15:52:08,Mostly Cloudy,18,18,25
15:54:09,Mostly Cloudy,18,18,25
15:56:09,Mostly Cloudy,18,18,25
15:58:08,Mostly Cloudy,18,18,25
16:00:08,Mostly Cloudy,18,18,25
16:02:09,Mostly Cloudy,18,18,25
16:04:09,Mostly Cloudy,18,18,25
16:06:08,Mostly Cloudy,18,18,25
16:08:09,Mostly Cloudy,18,18,25
16:10:09,Mostly Cloudy,18,18,25
16:12:08,Partly Cloudy,20,20,28
16:14:09,Partly Cloudy,20,20,28
16:16:09,Partly Cloudy,20,20,28
16:18:08,Partly Cloudy,20,20,28
16:20:09,Partly Cloudy,20,20,28
16:22:09,Partly Cloudy,20,20,28
16:24:08,Partly Cloudy,20,20,28
16:26:09,Partly Cloudy,20,20,28
16:28:09,Partly Cloudy,20,20,28
16:30:09,Partly Cloudy,20,20,28
16:32:08,Partly Cloudy,20,20,28
16:34:09,Partly Cloudy,20,20,28
16:36:09,Partly Cloudy,20,20,28
16:38:09,Partly Cloudy,20,20,28
16:40:08,Partly Cloudy,20,20,28
16:42:08,Partly Cloudy,17,17,27
16:44:09,Partly Cloudy,17,17,27
16:46:08,Partly Cloudy,17,17,27
16:48:08,Partly Cloudy,17,17,27
16:50:09,Partly Cloudy,17,17,27
16:52:09,Partly Cloudy,17,17,27
16:54:08,Partly Cloudy,17,17,27
16:56:08,Partly Cloudy,17,17,27
16:58:09,Partly Cloudy,17,17,27
17:00:08,Partly Cloudy,17,17,27
17:02:08,Partly Cloudy,17,17,27
17:04:09,Partly Cloudy,17,17,27
17:06:08,Partly Cloudy,17,17,27
17:08:08,Partly Cloudy,17,17,27
17:10:09,Partly Cloudy,17,17,27
17:12:09,Partly Cloudy,17,17,27
17:14:08,Partly Cloudy,17,17,27
17:16:09,Mostly Cloudy,17,17,32
17:18:09,Mostly Cloudy,17,17,32
17:20:08,Mostly Cloudy,17,17,32
17:22:09,Mostly Cloudy,17,17,32
17:24:08,Mostly Cloudy,17,17,32
17:26:09,Mostly Cloudy,17,17,32
17:28:09,Mostly Cloudy,17,17,32
17:30:08,Mostly Cloudy,17,17,32
17:32:08,Mostly Cloudy,17,17,32
17:34:08,Mostly Cloudy,17,17,32
17:36:09,Mostly Cloudy,17,17,32
17:38:08,Mostly Cloudy,17,17,32
17:40:08,Mostly Cloudy,17,17,32
17:42:09,Mostly Cloudy,17,17,32
17:44:09,Mostly Cloudy,17,17,32
17:46:08,Mostly Cloudy,17,17,32
17:48:09,Mostly Cloudy,17,17,32
17:50:09,Mostly Cloudy,17,17,32
17:52:09,Mostly Cloudy,17,17,32
17:54:08,Mostly Cloudy,17,17,32
17:56:09,Mostly Cloudy,17,17,32
17:58:09,Mostly Cloudy,17,17,32
18:00:08,Mostly Cloudy,17,17,32
18:02:08,Mostly Cloudy,17,17,32
18:04:09,Mostly Cloudy,17,17,32
18:06:09,Mostly Cloudy,17,17,32
18:08:09,Mostly Cloudy,17,17,32
18:10:08,Mostly Cloudy,17,17,32
18:12:08,Mostly Cloudy,17,17,32
18:14:09,Mostly Cloudy,17,17,32
18:16:09,Mostly Cloudy,17,17,28
18:18:08,Mostly Cloudy,17,17,28
18:20:09,Mostly Cloudy,17,17,28
18:22:09,Mostly Cloudy,17,17,28
18:24:09,Mostly Cloudy,17,17,28
18:26:08,Mostly Cloudy,17,17,28
18:28:08,Mostly Cloudy,17,17,28
18:30:09,Mostly Cloudy,17,17,28
18:32:09,Mostly Cloudy,17,17,28
18:34:09,Mostly Cloudy,17,17,28
18:36:08,Mostly Cloudy,17,17,28
18:38:08,Mostly Cloudy,17,17,28
18:40:09,Mostly Cloudy,17,17,28
18:42:09,Mostly Cloudy,17,17,28
18:44:08,Mostly Cloudy,17,17,28
18:46:08,Mostly Cloudy,17,17,28
18:48:09,Mostly Cloudy,17,17,28
18:50:08,Mostly Cloudy,17,17,28
18:52:08,Mostly Cloudy,17,17,28
18:54:09,Mostly Cloudy,17,17,28
18:56:09,Mostly Cloudy,17,17,28
18:58:09,Mostly Cloudy,17,17,28
19:00:08,Mostly Cloudy,17,17,28
19:02:09,Mostly Cloudy,17,17,28
19:04:09,Mostly Cloudy,17,17,28
19:06:09,Mostly Cloudy,17,17,28
19:08:09,Mostly Cloudy,17,17,28
19:10:09,Mostly Cloudy,17,17,28
19:12:09,Mostly Cloudy,17,17,28
19:14:09,Mostly Cloudy,17,17,28
19:16:08,Partly Cloudy,15,15,19
19:18:09,Partly Cloudy,15,15,19
19:20:09,Partly Cloudy,15,15,19
19:22:09,Partly Cloudy,15,15,19
19:24:08,Partly Cloudy,15,15,19
19:26:09,Partly Cloudy,15,15,19
19:28:09,Partly Cloudy,15,15,19
19:30:09,Partly Cloudy,15,15,19
19:32:09,Partly Cloudy,15,15,19
19:34:08,Partly Cloudy,15,15,19
19:36:09,Partly Cloudy,15,15,19
19:38:09,Partly Cloudy,15,15,19
19:40:08,Partly Cloudy,15,15,19
19:42:09,Partly Cloudy,15,15,19
19:44:09,Partly Cloudy,15,15,19
19:46:09,Partly Cloudy,15,15,19
19:48:09,Partly Cloudy,15,15,19
19:50:08,Partly Cloudy,15,15,19
19:52:08,Partly Cloudy,15,15,19
19:54:09,Partly Cloudy,15,15,19
19:56:08,Partly Cloudy,15,15,19
19:58:09,Partly Cloudy,15,15,19
20:00:09,Partly Cloudy,15,15,19
20:02:08,Partly Cloudy,15,15,19
20:04:08,Partly Cloudy,15,15,19
20:06:09,Partly Cloudy,15,15,19
20:08:09,Partly Cloudy,15,15,19
20:10:09,Fair,13,13,16
20:12:08,Fair,13,13,16
20:14:08,Fair,13,13,16
20:16:09,Fair,13,13,16
20:18:09,Fair,13,13,16
20:20:08,Fair,13,13,16
20:22:09,Fair,13,13,16
20:24:09,Fair,13,13,16
20:26:09,Fair,13,13,16
20:28:09,Fair,13,13,16
20:30:09,Fair,13,13,16
20:32:08,Fair,13,13,16
20:34:09,Fair,13,13,16
20:36:09,Fair,13,13,16
20:38:08,Fair,13,13,16
20:40:09,Fair,13,13,16
20:42:09,Fair,13,13,16
20:44:08,Fair,13,13,16
20:46:09,Fair,13,13,16
20:48:09,Fair,13,13,16
20:50:09,Fair,13,13,16
20:52:08,Fair,13,13,16
20:54:09,Fair,13,13,16
20:56:09,Fair,13,13,16
20:58:09,Fair,13,13,16
21:00:09,Fair,13,13,16
21:02:08,Fair,13,13,16
21:04:09,Fair,13,13,16
21:06:09,Fair,13,13,16
21:08:08,Fair,13,13,16
21:10:09,Fair,13,13,16
21:18:09,Mostly Cloudy,12,12,12
21:20:08,Mostly Cloudy,12,12,12
21:22:09,Mostly Cloudy,12,12,12
21:24:09,Mostly Cloudy,12,12,12
21:26:08,Mostly Cloudy,12,12,12
21:28:08,Mostly Cloudy,12,12,12
21:30:08,Mostly Cloudy,12,12,12
21:32:09,Mostly Cloudy,12,12,12
21:34:09,Mostly Cloudy,12,12,12
21:36:08,Mostly Cloudy,12,12,12
21:38:09,Mostly Cloudy,12,12,12
21:40:09,Mostly Cloudy,12,12,12
21:42:09,Mostly Cloudy,12,12,12
21:44:08,Mostly Cloudy,12,12,12
21:46:09,Mostly Cloudy,12,12,12
21:48:09,Mostly Cloudy,12,12,12
21:50:09,Mostly Cloudy,12,12,12
21:52:08,Mostly Cloudy,12,12,12
21:54:09,Mostly Cloudy,12,12,12
21:56:09,Mostly Cloudy,12,12,12
21:58:09,Mostly Cloudy,12,12,12
22:00:08,Mostly Cloudy,12,12,12
22:02:09,Mostly Cloudy,12,12,12
22:04:09,Mostly Cloudy,12,12,12
22:06:09,Mostly Cloudy,12,12,12
22:08:08,Mostly Cloudy,12,12,12
22:10:08,Mostly Cloudy,12,12,12
22:12:09,Mostly Cloudy,12,12,9
22:14:08,Mostly Cloudy,12,12,9
22:16:08,Mostly Cloudy,12,12,9
22:18:09,Mostly Cloudy,12,12,9
22:20:08,Mostly Cloudy,12,12,9
22:22:09,Mostly Cloudy,12,12,9
22:24:09,Mostly Cloudy,12,12,9
22:26:09,Mostly Cloudy,12,12,9
22:28:08,Mostly Cloudy,12,12,9
22:30:09,Mostly Cloudy,12,12,9
22:32:09,Mostly Cloudy,12,12,9
22:34:08,Mostly Cloudy,12,12,9
22:36:09,Mostly Cloudy,12,12,9
22:38:08,Mostly Cloudy,12,12,9
22:40:08,Mostly Cloudy,12,12,9
22:42:08,Mostly Cloudy,12,12,9
22:44:09,Mostly Cloudy,12,12,9
22:46:09,Mostly Cloudy,12,12,9
22:48:09,Mostly Cloudy,12,12,9
22:50:09,Mostly Cloudy,12,12,9
22:52:09,Mostly Cloudy,12,12,9
22:54:09,Mostly Cloudy,12,12,9
22:56:09,Mostly Cloudy,12,12,9
22:58:09,Mostly Cloudy,12,12,9
23:00:08,Mostly Cloudy,12,12,9
23:02:09,Mostly Cloudy,12,12,9
23:04:08,Mostly Cloudy,12,12,9
23:06:08,Mostly Cloudy,12,12,9
23:08:09,Mostly Cloudy,12,12,9
23:10:09,Mostly Cloudy,12,12,9
23:12:09,Mostly Cloudy,12,12,9
23:14:08,Mostly Cloudy,12,12,9
23:16:09,Mostly Cloudy,12,12,9
23:18:09,Mostly Cloudy,12,12,9
23:20:08,Mostly Cloudy,12,12,9
23:22:09,Mostly Cloudy,12,12,9
23:24:09,Mostly Cloudy,12,12,9
23:26:08,Mostly Cloudy,12,12,9
23:28:08,Mostly Cloudy,12,12,9
23:30:09,Mostly Cloudy,12,12,9
23:32:09,Mostly Cloudy,12,12,9
23:34:08,Mostly Cloudy,12,12,9
23:36:08,Mostly Cloudy,12,12,9
23:38:09,Mostly Cloudy,12,12,9
23:40:09,Mostly Cloudy,12,12,9
23:42:08,Mostly Cloudy,12,12,9
23:44:09,Mostly Cloudy,12,12,9
23:46:09,Mostly Cloudy,12,12,9
23:48:09,Mostly Cloudy,12,12,9
23:50:08,Mostly Cloudy,12,12,9
23:52:09,Mostly Cloudy,12,12,9
23:54:09,Mostly Cloudy,12,12,9
23:56:09,Mostly Cloudy,12,12,9
23:58:08,Mostly Cloudy,12,12,9
