Time,Weather,Temperature,Feels_Like,Wind_Speed
00:00:09,Mostly Cloudy,12,12,12
00:02:09,Mostly Cloudy,12,12,12
00:04:09,Mostly Cloudy,12,12,12
00:06:08,Mostly Cloudy,12,12,12
00:08:09,Mostly Cloudy,12,12,12
00:10:09,Mostly Cloudy,12,12,12
00:12:08,Mostly Cloudy,12,12,12
00:14:09,Light Rain Shower,12,12,11
00:16:09,Light Rain Shower,12,12,11
00:18:09,Light Rain Shower,12,12,11
00:20:09,Light Rain Shower,12,12,11
00:22:08,Light Rain Shower,12,12,11
00:24:09,Light Rain Shower,12,12,11
00:26:09,Light Rain Shower,12,12,11
00:28:09,Light Rain Shower,12,12,11
00:30:08,Light Rain Shower,12,12,11
00:32:08,Light Rain Shower,12,12,11
00:34:09,Light Rain Shower,12,12,11
00:36:09,Light Rain Shower,12,12,11
00:38:09,Light Rain Shower,12,12,11
00:40:09,Light Rain Shower,12,12,11
00:42:09,Light Rain Shower,12,12,11
00:44:09,Light Rain Shower,12,12,11
00:46:08,Light Rain Shower,12,12,11
00:48:09,Light Rain Shower,12,12,11
00:50:09,Light Rain Shower,12,12,11
00:52:09,Light Rain Shower,12,12,11
00:54:08,Light Rain Shower,12,12,11
00:56:09,Light Rain Shower,12,12,11
00:58:09,Light Rain Shower,12,12,11
01:00:16,Light Rain Shower,12,12,11
01:02:09,Light Rain Shower,12,12,11
01:04:08,Light Rain Shower,12,12,11
01:06:09,Light Rain Shower,12,12,11
01:08:09,Light Rain Shower,12,12,11
01:10:09,Light Rain Shower,12,12,11
01:12:09,Light Rain Shower,12,12,11
01:14:09,Light Rain Shower,12,12,14
01:16:08,Light Rain Shower,12,12,14
01:18:09,Light Rain Shower,12,12,14
01:20:09,Light Rain Shower,12,12,14
01:22:09,Light Rain Shower,12,12,14
01:24:08,Light Rain Shower,12,12,14
01:26:09,Light Rain Shower,12,12,14
01:28:09,Light Rain Shower,12,12,14
01:30:08,Light Rain Shower,12,12,14
01:32:09,Light Rain Shower,12,12,14
01:34:08,Light Rain Shower,12,12,14
01:36:09,Light Rain Shower,12,12,14
01:38:09,Light Rain Shower,12,12,14
01:40:08,Light Rain Shower,12,12,14
01:42:09,Light Rain Shower,12,12,14
01:44:09,Light Rain Shower,12,12,14
01:46:09,Light Rain Shower,12,12,14
01:48:09,Light Rain Shower,12,12,14
01:50:09,Light Rain Shower,12,12,14
01:52:09,Light Rain Shower,12,12,14
01:54:08,Light Rain Shower,12,12,14
01:56:09,Light Rain Shower,12,12,14
01:58:09,Light Rain Shower,12,12,14
02:00:09,Light Rain Shower,12,12,14
02:02:09,Light Rain Shower,12,12,14
02:04:09,Light Rain Shower,12,12,14
02:06:09,Light Rain Shower,12,12,14
02:08:08,Light Rain Shower,12,12,14
02:10:09,Light Rain Shower,12,12,14
02:12:09,Light Rain Shower,12,12,14
02:14:08,Mostly Cloudy,11,11,12
02:16:09,Mostly Cloudy,11,11,12
02:18:09,Mostly Cloudy,11,11,12
02:20:08,Mostly Cloudy,11,11,12
02:22:09,Mostly Cloudy,11,11,12
02:24:09,Mostly Cloudy,11,11,12
02:26:08,Mostly Cloudy,11,11,12
02:28:09,Mostly Cloudy,11,11,12
02:30:09,Mostly Cloudy,11,11,12
02:32:09,Mostly Cloudy,11,11,12
02:34:09,Mostly Cloudy,11,11,12
02:36:09,Mostly Cloudy,11,11,12
02:38:09,Mostly Cloudy,11,11,12
02:40:08,Mostly Cloudy,11,11,12
02:42:09,Mostly Cloudy,11,11,12
02:44:09,Mostly Cloudy,11,11,12
02:46:08,Mostly Cloudy,11,11,12
02:48:08,Mostly Cloudy,11,11,12
02:50:09,Mostly Cloudy,11,11,12
02:52:09,Mostly Cloudy,11,11,12
02:54:09,Mostly Cloudy,11,11,12
02:56:09,Mostly Cloudy,11,11,12
02:58:08,Mostly Cloudy,11,11,12
03:00:09,Mostly Cloudy,11,11,12
03:02:09,Mostly Cloudy,11,11,12
03:04:08,Mostly Cloudy,11,11,12
03:06:09,Mostly Cloudy,11,11,12
03:08:09,Partly Cloudy,11,11,14
03:10:08,Partly Cloudy,11,11,14
03:12:09,Partly Cloudy,11,11,14
03:14:09,Partly Cloudy,11,11,14
03:16:08,Partly Cloudy,11,11,14
03:18:09,Partly Cloudy,11,11,14
03:20:09,Partly Cloudy,11,11,14
03:22:08,Partly Cloudy,11,11,14
03:24:08,Partly Cloudy,11,11,14
03:26:09,Partly Cloudy,11,11,14
03:28:09,Partly Cloudy,11,11,14
03:30:09,Partly Cloudy,11,11,14
03:32:09,Partly Cloudy,11,11,14
03:34:09,Partly Cloudy,11,11,14
03:36:08,Partly Cloudy,11,11,14
03:38:08,Partly Cloudy,11,11,14
03:40:09,Partly Cloudy,11,11,14
03:42:09,Partly Cloudy,11,11,14
03:44:09,Partly Cloudy,11,11,14
03:46:09,Partly Cloudy,11,11,14
03:48:08,Partly Cloudy,11,11,14
03:50:08,Partly Cloudy,11,11,14
03:52:09,Partly Cloudy,11,11,14
03:54:09,Partly Cloudy,11,11,14
03:56:08,Partly Cloudy,11,11,14
03:58:09,Partly Cloudy,11,11,14
04:00:09,Partly Cloudy,11,11,14
04:02:08,Partly Cloudy,11,11,14
04:04:09,Partly Cloudy,11,11,14
04:06:09,Partly Cloudy,11,11,14
04:08:09,Partly Cloudy,11,11,14
04:10:08,Partly Cloudy,11,11,14
04:12:09,Partly Cloudy,11,11,14
04:14:09,Partly Cloudy,11,11,16
04:16:08,Partly Cloudy,11,11,16
04:18:09,Partly Cloudy,11,11,16
04:20:09,Partly Cloudy,11,11,16
04:22:09,Partly Cloudy,11,11,16
04:24:09,Partly Cloudy,11,11,16
04:26:09,Partly Cloudy,11,11,16
04:28:08,Partly Cloudy,11,11,16
04:30:09,Partly Cloudy,11,11,16
04:32:09,Partly Cloudy,11,11,16
04:34:08,Partly Cloudy,11,11,16
04:36:08,Partly Cloudy,11,11,16
04:38:09,Partly Cloudy,11,11,16
04:40:08,Partly Cloudy,11,11,16
04:42:09,Partly Cloudy,11,11,16
04:44:09,Partly Cloudy,11,11,16
04:46:08,Partly Cloudy,11,11,16
04:48:09,Partly Cloudy,11,11,16
04:50:09,Partly Cloudy,11,11,16
04:52:09,Partly Cloudy,11,11,16
04:54:09,Partly Cloudy,11,11,16
04:56:08,Partly Cloudy,11,11,16
04:58:09,Partly Cloudy,11,11,16
05:00:09,Partly Cloudy,11,11,16
05:02:09,Partly Cloudy,11,11,16
05:04:09,Partly Cloudy,11,11,16
05:06:09,Partly Cloudy,11,11,16
05:08:09,Partly Cloudy,11,11,16
05:10:09,Partly Cloudy,11,11,16
05:12:09,Partly Cloudy,11,11,16
05:14:09,Partly Cloudy,11,11,16
05:16:09,Partly Cloudy,11,11,16
05:18:09,Partly Cloudy,11,11,16
05:20:09,Mostly Cloudy,11,11,19
05:22:09,Mostly Cloudy,11,11,19
05:24:08,Mostly Cloudy,11,11,19
05:26:09,Mostly Cloudy,11,11,19
05:28:09,Mostly Cloudy,11,11,19
05:30:09,Mostly Cloudy,11,11,19
05:32:08,Mostly Cloudy,11,11,19
05:34:09,Mostly Cloudy,11,11,19
05:36:08,Mostly Cloudy,11,11,19
05:38:08,Mostly Cloudy,11,11,19
05:40:09,Mostly Cloudy,11,11,19
05:42:09,Mostly Cloudy,11,11,19
05:44:09,Mostly Cloudy,11,11,19
05:46:08,Mostly Cloudy,11,11,19
05:48:09,Mostly Cloudy,11,11,19
05:50:09,Mostly Cloudy,11,11,19
05:52:09,Mostly Cloudy,11,11,19
05:54:09,Mostly Cloudy,11,11,19
05:56:09,Mostly Cloudy,11,11,19
05:58:09,Mostly Cloudy,11,11,19
06:00:08,Mostly Cloudy,11,11,19
06:02:09,Mostly Cloudy,11,11,19
06:04:09,Mostly Cloudy,11,11,19
06:06:08,Mostly Cloudy,11,11,19
06:08:09,Mostly Cloudy,11,11,19
06:10:09,Mostly Cloudy,11,11,19
06:12:08,Mostly Cloudy,11,11,19
06:14:09,Mostly Cloudy,12,12,19
06:16:09,Mostly Cloudy,12,12,19
06:18:08,Mostly Cloudy,12,12,19
06:20:09,Mostly Cloudy,12,12,19
06:22:09,Mostly Cloudy,12,12,19
06:24:08,Mostly Cloudy,12,12,19
06:26:09,Mostly Cloudy,12,12,19
06:28:09,Mostly Cloudy,12,12,19
06:30:09,Mostly Cloudy,12,12,19
06:32:09,Mostly Cloudy,12,12,19
06:34:09,Mostly Cloudy,12,12,19
06:36:09,Mostly Cloudy,12,12,19
06:38:09,Mostly Cloudy,12,12,19
06:40:09,Mostly Cloudy,12,12,19
06:42:09,Mostly Cloudy,12,12,19
06:44:08,Mostly Cloudy,12,12,19
06:46:09,Mostly Cloudy,12,12,19
06:48:09,Mostly Cloudy,12,12,19
06:50:09,Mostly Cloudy,12,12,19
06:52:08,Mostly Cloudy,12,12,19
06:54:09,Mostly Cloudy,12,12,19
06:56:09,Mostly Cloudy,12,12,19
06:58:08,Mostly Cloudy,12,12,19
07:00:09,Mostly Cloudy,12,12,19
07:02:09,Mostly Cloudy,12,12,19
07:04:09,Mostly Cloudy,12,12,19
07:06:08,Mostly Cloudy,12,12,19
07:08:09,Mostly Cloudy,12,12,19
07:10:09,Mostly Cloudy,12,12,19
07:12:09,Mostly Cloudy,12,12,19
07:14:09,Mostly Cloudy,12,12,14
07:16:08,Mostly Cloudy,12,12,14
07:18:09,Mostly Cloudy,12,12,14
07:20:08,Mostly Cloudy,12,12,14
07:22:09,Mostly Cloudy,12,12,14
07:24:09,Mostly Cloudy,12,12,14
07:26:09,Mostly Cloudy,12,12,14
07:28:08,Mostly Cloudy,12,12,14
07:30:09,Mostly Cloudy,12,12,14
07:32:09,Mostly Cloudy,12,12,14
07:34:09,Mostly Cloudy,12,12,14
07:36:08,Mostly Cloudy,12,12,14
07:38:09,Mostly Cloudy,12,12,14
07:40:09,Mostly Cloudy,12,12,14
07:42:08,Mostly Cloudy,12,12,14
07:44:08,Mostly Cloudy,12,12,14
07:46:09,Mostly Cloudy,12,12,14
07:48:09,Mostly Cloudy,12,12,14
07:50:08,Mostly Cloudy,13,13,20
07:52:09,Mostly Cloudy,13,13,20
07:54:09,Mostly Cloudy,13,13,20
07:56:08,Mostly Cloudy,13,13,20
07:58:09,Mostly Cloudy,13,13,20
08:00:09,Mostly Cloudy,13,13,20
08:02:08,Mostly Cloudy,13,13,20
08:04:09,Mostly Cloudy,13,13,20
08:06:09,Mostly Cloudy,13,13,20
08:08:09,Mostly Cloudy,13,13,20
08:10:09,Mostly Cloudy,13,13,20
08:12:09,Mostly Cloudy,13,13,20
08:14:08,Mostly Cloudy,13,13,20
08:16:09,Mostly Cloudy,13,13,20
08:18:09,Mostly Cloudy,13,13,20
08:20:09,Mostly Cloudy,13,13,24
08:22:09,Mostly Cloudy,13,13,24
08:24:09,Mostly Cloudy,13,13,24
08:26:09,Mostly Cloudy,13,13,24
08:28:08,Mostly Cloudy,13,13,24
08:30:09,Mostly Cloudy,13,13,24
08:32:09,Mostly Cloudy,13,13,24
08:34:09,Mostly Cloudy,13,13,24
08:36:09,Mostly Cloudy,13,13,24
08:38:09,Mostly Cloudy,13,13,24
08:40:08,Mostly Cloudy,13,13,24
08:42:08,Mostly Cloudy,13,13,24
08:44:09,Partly Cloudy,15,15,20
08:46:09,Partly Cloudy,15,15,20
08:48:09,Partly Cloudy,15,15,20
08:50:08,Partly Cloudy,15,15,20
08:52:09,Partly Cloudy,15,15,20
08:54:09,Partly Cloudy,15,15,20
08:56:09,Partly Cloudy,15,15,20
08:58:08,Partly Cloudy,15,15,20
09:00:09,Partly Cloudy,15,15,20
09:02:09,Partly Cloudy,15,15,20
09:04:08,Partly Cloudy,15,15,20
09:06:09,Partly Cloudy,15,15,20
09:08:09,Partly Cloudy,16,16,19
09:10:08,Partly Cloudy,16,16,19
09:12:09,Partly Cloudy,16,16,19
09:14:09,Partly Cloudy,16,16,19
09:16:09,Partly Cloudy,16,16,19
09:18:09,Partly Cloudy,16,16,19
09:20:09,Partly Cloudy,16,16,19
09:22:08,Partly Cloudy,16,16,19
09:24:08,Partly Cloudy,16,16,19
09:26:09,Partly Cloudy,16,16,19
09:28:09,Partly Cloudy,16,16,19
09:30:08,Partly Cloudy,16,16,19
09:32:09,Partly Cloudy,16,16,19
09:34:09,Partly Cloudy,16,16,19
09:36:08,Partly Cloudy,16,16,19
09:38:08,Partly Cloudy,16,16,19
09:40:09,Partly Cloudy,16,16,19
09:42:09,Partly Cloudy,16,16,19
09:44:09,Mostly Cloudy,15,15,24
09:46:09,Mostly Cloudy,15,15,24
09:48:09,Mostly Cloudy,15,15,24
09:50:08,Mostly Cloudy,15,15,24
09:52:09,Mostly Cloudy,15,15,24
09:54:09,Mostly Cloudy,15,15,24
09:56:09,Mostly Cloudy,15,15,24
09:58:08,Mostly Cloudy,15,15,24
10:00:09,Mostly Cloudy,15,15,24
10:02:09,Mostly Cloudy,15,15,24
10:04:08,Mostly Cloudy,15,15,24
10:06:09,Mostly Cloudy,15,15,24
10:08:09,Mostly Cloudy,15,15,24
10:10:09,Mostly Cloudy,15,15,24
10:12:08,Mostly Cloudy,15,15,24
10:14:09,Partly Cloudy,16,16,20
10:16:09,Partly Cloudy,16,16,20
10:18:09,Partly Cloudy,16,16,20
10:20:09,Partly Cloudy,16,16,20
10:22:09,Partly Cloudy,16,16,20
10:24:09,Partly Cloudy,16,16,20
10:26:09,Partly Cloudy,16,16,20
10:28:08,Partly Cloudy,16,16,20
10:30:08,Partly Cloudy,16,16,20
10:32:09,Partly Cloudy,16,16,20
10:34:09,Partly Cloudy,16,16,20
10:36:08,Partly Cloudy,16,16,20
10:38:09,Mostly Cloudy,16,16,20
10:40:09,Mostly Cloudy,16,16,20
10:42:08,Mostly Cloudy,16,16,20
10:44:09,Mostly Cloudy,16,16,20
10:46:09,Mostly Cloudy,16,16,20
10:48:09,Mostly Cloudy,16,16,20
10:50:08,Mostly Cloudy,16,16,20
10:52:09,Mostly Cloudy,16,16,20
10:54:09,Mostly Cloudy,16,16,20
10:56:08,Mostly Cloudy,16,16,20
10:58:09,Mostly Cloudy,16,16,20
11:00:09,Mostly Cloudy,16,16,20
11:02:08,Mostly Cloudy,16,16,20
11:04:09,Mostly Cloudy,16,16,20
11:06:09,Mostly Cloudy,16,16,20
11:08:08,Mostly Cloudy,16,16,20
11:10:09,Mostly Cloudy,16,16,20
11:12:09,Mostly Cloudy,16,16,20
11:14:09,Light Rain Shower,15,15,22
11:16:08,Light Rain Shower,15,15,22
11:18:09,Light Rain Shower,15,15,22
11:20:09,Light Rain Shower,15,15,22
11:22:08,Light Rain Shower,15,15,22
11:24:09,Light Rain Shower,15,15,22
11:26:09,Light Rain Shower,15,15,22
11:28:08,Light Rain Shower,15,15,22
11:30:09,Light Rain Shower,15,15,22
11:32:09,Light Rain Shower,15,15,22
11:34:09,Light Rain Shower,15,15,22
11:36:09,Light Rain Shower,15,15,22
11:38:09,Mostly Cloudy,16,16,22
11:40:09,Mostly Cloudy,16,16,22
11:42:09,Mostly Cloudy,16,16,22
11:44:08,Mostly Cloudy,16,16,22
11:46:09,Mostly Cloudy,16,16,22
11:48:09,Mostly Cloudy,16,16,22
11:50:08,Mostly Cloudy,16,16,22
11:52:09,Mostly Cloudy,16,16,22
11:54:09,Mostly Cloudy,16,16,22
11:56:08,Mostly Cloudy,16,16,22
11:58:09,Mostly Cloudy,16,16,22
12:00:09,Mostly Cloudy,16,16,22
12:02:09,Mostly Cloudy,16,16,22
12:04:09,Mostly Cloudy,16,16,22
12:06:09,Mostly Cloudy,16,16,22
12:08:08,Mostly Cloudy,16,16,22
12:10:09,Mostly Cloudy,16,16,22
12:12:09,Mostly Cloudy,16,16,22
12:14:09,Fair,17,17,20
12:16:09,Fair,17,17,20
12:18:08,Fair,17,17,20
12:20:08,Fair,17,17,20
12:22:09,Fair,17,17,20
12:24:09,Fair,17,17,20
12:26:08,Fair,17,17,20
12:28:09,Fair,17,17,20
12:30:09,Fair,17,17,20
12:32:08,Fair,17,17,20
12:34:09,Fair,17,17,20
12:36:08,Fair,17,17,20
12:38:09,Fair,17,17,20
12:40:09,Fair,17,17,20
12:42:08,Fair,17,17,20
12:44:09,Fair,17,17,20
12:46:09,Fair,17,17,20
12:48:08,Fair,17,17,20
12:50:08,Partly Cloudy,17,17,20
12:52:09,Partly Cloudy,17,17,20
12:54:09,Partly Cloudy,17,17,20
12:56:08,Partly Cloudy,17,17,20
12:58:09,Partly Cloudy,17,17,20
13:00:09,Partly Cloudy,17,17,20
13:02:09,Partly Cloudy,17,17,20
13:04:08,Partly Cloudy,17,17,20
13:06:09,Partly Cloudy,17,17,20
13:08:09,Partly Cloudy,17,17,20
13:10:08,Partly Cloudy,17,17,20
13:12:09,Partly Cloudy,17,17,20
13:14:09,Mostly Cloudy,17,17,24
13:16:08,Mostly Cloudy,17,17,24
13:18:09,Mostly Cloudy,17,17,24
13:20:09,Mostly Cloudy,17,17,24
13:22:08,Mostly Cloudy,17,17,24
13:24:09,Mostly Cloudy,17,17,24
13:26:09,Mostly Cloudy,17,17,24
13:28:08,Mostly Cloudy,17,17,24
13:30:09,Mostly Cloudy,17,17,24
13:32:09,Mostly Cloudy,17,17,24
13:34:09,Mostly Cloudy,17,17,24
13:36:09,Mostly Cloudy,17,17,24
13:38:09,Mostly Cloudy,17,17,24
13:40:08,Mostly Cloudy,17,17,24
13:42:09,Mostly Cloudy,17,17,24
13:44:08,Mostly Cloudy,17,17,24
13:46:09,Mostly Cloudy,17,17,24
13:48:09,Mostly Cloudy,17,17,24
13:50:09,Mostly Cloudy,17,17,24
13:52:09,Mostly Cloudy,17,17,24
13:54:09,Mostly Cloudy,17,17,24
13:56:09,Mostly Cloudy,17,17,24
13:58:08,Mostly Cloudy,17,17,24
14:00:08,Mostly Cloudy,17,17,24
14:02:09,Mostly Cloudy,17,17,24
14:04:09,Mostly Cloudy,17,17,24
14:06:08,Mostly Cloudy,17,17,24
14:08:09,Mostly Cloudy,17,17,24
14:10:08,Mostly Cloudy,17,17,24
14:12:08,Mostly Cloudy,17,17,24
14:14:09,Mostly Cloudy,18,18,24
14:16:09,Mostly Cloudy,18,18,24
14:18:08,Mostly Cloudy,18,18,24
14:20:09,Mostly Cloudy,18,18,24
14:22:09,Mostly Cloudy,18,18,24
14:24:08,Mostly Cloudy,18,18,24
14:26:09,Mostly Cloudy,18,18,24
14:28:09,Mostly Cloudy,18,18,24
14:30:09,Mostly Cloudy,18,18,24
14:32:08,Mostly Cloudy,18,18,24
14:34:09,Mostly Cloudy,18,18,24
14:36:09,Mostly Cloudy,18,18,24
14:38:08,Mostly Cloudy,18,18,24
14:40:09,Mostly Cloudy,18,18,24
14:42:09,Mostly Cloudy,18,18,24
14:44:08,Mostly Cloudy,17,17,22
14:46:09,Mostly Cloudy,17,17,22
14:48:09,Mostly Cloudy,17,17,22
14:50:08,Mostly Cloudy,17,17,22
14:52:09,Mostly Cloudy,17,17,22
14:54:09,Mostly Cloudy,17,17,22
14:56:09,Mostly Cloudy,17,17,22
14:58:08,Mostly Cloudy,17,17,22
15:00:08,Mostly Cloudy,17,17,22
15:02:09,Mostly Cloudy,17,17,22
15:04:09,Mostly Cloudy,17,17,22
15:06:09,Mostly Cloudy,17,17,22
15:08:08,Mostly Cloudy,17,17,22
15:10:08,Mostly Cloudy,17,17,22
15:12:09,Mostly Cloudy,17,17,22
15:14:09,Partly Cloudy,18,18,24
15:16:08,Partly Cloudy,18,18,24
15:18:09,Partly Cloudy,18,18,24
15:20:09,Partly Cloudy,18,18,24
15:22:08,Partly Cloudy,18,18,24
15:24:09,Partly Cloudy,18,18,24
15:26:09,Partly Cloudy,18,18,24
15:28:09,Partly Cloudy,18,18,24
15:30:08,Partly Cloudy,18,18,24
15:32:09,Partly Cloudy,18,18,24
15:34:09,Partly Cloudy,18,18,24
15:36:08,Partly Cloudy,18,18,24
15:38:09,Mostly Cloudy,18,18,27
15:40:09,Mostly Cloudy,18,18,27
15:42:08,Mostly Cloudy,18,18,27
15:44:08,Mostly Cloudy,18,18,27
15:46:09,Mostly Cloudy,18,18,27
15:48:09,Mostly Cloudy,18,18,27
15:50:08,Mostly Cloudy,18,18,27
15:52:09,Mostly Cloudy,18,18,27
15:54:09,Mostly Cloudy,18,18,27
15:56:08,Mostly Cloudy,18,18,27
15:58:09,Mostly Cloudy,18,18,27
16:00:09,Mostly Cloudy,18,18,27
16:02:09,Mostly Cloudy,18,18,27
16:04:09,Mostly Cloudy,18,18,27
16:06:09,Mostly Cloudy,18,18,27
16:08:09,Mostly Cloudy,18,18,27
16:10:09,Mostly Cloudy,18,18,27
16:12:09,Mostly Cloudy,18,18,27
16:14:08,Mostly Cloudy,18,18,27
16:16:09,Mostly Cloudy,18,18,27
16:18:09,Mostly Cloudy,18,18,27
16:20:08,Partly Cloudy,18,18,19
16:22:09,Partly Cloudy,18,18,19
16:24:09,Partly Cloudy,18,18,19
16:26:09,Partly Cloudy,18,18,19
16:28:09,Partly Cloudy,18,18,19
16:30:09,Partly Cloudy,18,18,19
16:32:09,Partly Cloudy,18,18,19
16:34:09,Partly Cloudy,18,18,19
16:36:09,Partly Cloudy,18,18,19
16:38:09,Partly Cloudy,18,18,19
16:40:09,Partly Cloudy,18,18,19
16:42:09,Partly Cloudy,18,18,19
16:44:09,Partly Cloudy,18,18,19
16:46:08,Partly Cloudy,18,18,19
16:48:09,Partly Cloudy,18,18,19
16:50:09,Partly Cloudy,18,18,19
16:52:09,Partly Cloudy,18,18,19
16:54:09,Partly Cloudy,18,18,19
16:56:08,Partly Cloudy,18,18,19
16:58:09,Partly Cloudy,18,18,19
17:00:09,Partly Cloudy,18,18,19
17:02:08,Partly Cloudy,18,18,19
17:04:08,Partly Cloudy,18,18,19
17:06:09,Partly Cloudy,18,18,19
17:08:09,Mostly Cloudy,17,17,20
17:10:08,Mostly Cloudy,17,17,20
17:12:08,Mostly Cloudy,17,17,20
17:14:09,Mostly Cloudy,17,17,20
17:16:09,Mostly Cloudy,17,17,20
17:18:08,Mostly Cloudy,17,17,20
17:20:09,Mostly Cloudy,17,17,20
17:22:09,Mostly Cloudy,17,17,20
17:24:08,Mostly Cloudy,17,17,20
17:26:09,Mostly Cloudy,17,17,20
17:28:09,Mostly Cloudy,17,17,20
17:30:08,Mostly Cloudy,17,17,20
17:32:09,Mostly Cloudy,17,17,20
17:34:09,Mostly Cloudy,17,17,20
17:36:08,Mostly Cloudy,17,17,20
17:38:08,Mostly Cloudy,17,17,20
17:40:09,Mostly Cloudy,17,17,20
17:42:09,Mostly Cloudy,17,17,20
17:44:09,Mostly Cloudy,17,17,20
17:46:09,Mostly Cloudy,17,17,20
17:48:09,Mostly Cloudy,17,17,20
17:50:09,Mostly Cloudy,17,17,20
17:52:09,Mostly Cloudy,17,17,20
17:54:09,Mostly Cloudy,17,17,20
17:56:09,Mostly Cloudy,17,17,20
17:58:08,Mostly Cloudy,17,17,20
18:00:09,Mostly Cloudy,17,17,20
18:02:09,Mostly Cloudy,17,17,20
18:04:09,Mostly Cloudy,17,17,20
18:06:09,Mostly Cloudy,17,17,20
18:08:09,Mostly Cloudy,17,17,20
18:10:09,Mostly Cloudy,17,17,20
18:12:08,Mostly Cloudy,17,17,20
18:14:09,Mostly Cloudy,17,17,20
18:16:09,Mostly Cloudy,17,17,20
18:18:09,Mostly Cloudy,17,17,20
18:20:09,Mostly Cloudy,16,16,20
18:22:08,Mostly Cloudy,16,16,20
18:24:09,Mostly Cloudy,16,16,20
18:26:09,Mostly Cloudy,16,16,20
18:28:08,Mostly Cloudy,16,16,20
18:30:09,Mostly Cloudy,16,16,20
18:32:09,Mostly Cloudy,16,16,20
18:34:08,Mostly Cloudy,16,16,20
18:36:09,Mostly Cloudy,16,16,20
18:38:09,Mostly Cloudy,16,16,20
18:40:08,Mostly Cloudy,16,16,20
18:42:09,Mostly Cloudy,16,16,20
18:44:09,Mostly Cloudy,16,16,20
18:46:08,Mostly Cloudy,16,16,20
18:48:09,Mostly Cloudy,16,16,20
18:50:09,Mostly Cloudy,16,16,20
18:52:08,Mostly Cloudy,16,16,20
18:54:08,Mostly Cloudy,16,16,20
18:56:09,Mostly Cloudy,16,16,20
18:58:09,Mostly Cloudy,16,16,20
19:00:08,Mostly Cloudy,16,16,20
19:02:09,Mostly Cloudy,16,16,20
19:04:09,Mostly Cloudy,16,16,20
19:06:08,Mostly Cloudy,16,16,20
19:08:09,Mostly Cloudy,16,16,20
19:10:09,Mostly Cloudy,16,16,20
19:12:09,Mostly Cloudy,16,16,20
19:14:08,Showers in the Vicinity,16,16,19
19:16:09,Showers in the Vicinity,16,16,19
19:18:08,Showers in the Vicinity,16,16,19
19:20:09,Showers in the Vicinity,16,16,19
19:22:09,Showers in the Vicinity,16,16,19
19:24:09,Showers in the Vicinity,16,16,19
19:26:09,Showers in the Vicinity,16,16,19
19:28:08,Showers in the Vicinity,16,16,19
19:30:09,Showers in the Vicinity,16,16,19
19:32:09,Showers in the Vicinity,16,16,19
19:34:08,Showers in the Vicinity,16,16,19
19:36:08,Showers in the Vicinity,16,16,19
19:38:09,Showers in the Vicinity,16,16,19
19:40:09,Showers in the Vicinity,16,16,19
19:42:09,Showers in the Vicinity,16,16,19
19:44:09,Showers in the Vicinity,16,16,19
19:46:09,Showers in the Vicinity,16,16,19
19:48:09,Showers in the Vicinity,16,16,19
19:50:08,Showers in the Vicinity,16,16,19
19:52:09,Showers in the Vicinity,16,16,19
19:54:09,Showers in the Vicinity,16,16,19
19:56:09,Showers in the Vicinity,16,16,19
19:58:08,Showers in the Vicinity,16,16,19
20:00:09,Showers in the Vicinity,16,16,19
20:02:09,Showers in the Vicinity,16,16,19
20:04:08,Showers in the Vicinity,16,16,19
20:06:09,Showers in the Vicinity,16,16,19
20:08:09,Showers in the Vicinity,16,16,19
20:10:09,Showers in the Vicinity,16,16,19
20:12:09,Showers in the Vicinity,16,16,19
20:14:09,Showers in the Vicinity,13,13,19
20:16:09,Showers in the Vicinity,13,13,19
20:18:08,Showers in the Vicinity,13,13,19
20:20:09,Showers in the Vicinity,13,13,19
20:22:09,Showers in the Vicinity,13,13,19
20:24:09,Showers in the Vicinity,13,13,19
20:26:09,Showers in the Vicinity,13,13,19
20:28:08,Showers in the Vicinity,13,13,19
20:30:09,Showers in the Vicinity,13,13,19
20:32:09,Showers in the Vicinity,13,13,19
20:34:08,Showers in the Vicinity,13,13,19
20:36:08,Showers in the Vicinity,13,13,19
20:38:09,Showers in the Vicinity,13,13,19
20:40:08,Showers in the Vicinity,13,13,19
20:42:09,Showers in the Vicinity,13,13,19
20:44:08,Showers in the Vicinity,13,13,19
20:46:08,Showers in the Vicinity,13,13,19
20:48:09,Showers in the Vicinity,13,13,19
20:50:09,Showers in the Vicinity,13,13,19
20:52:08,Showers in the Vicinity,13,13,19
20:54:08,Showers in the Vicinity,13,13,19
20:56:09,Showers in the Vicinity,13,13,19
20:58:09,Showers in the Vicinity,13,13,19
21:00:08,Showers in the Vicinity,13,13,19
21:02:09,Showers in the Vicinity,13,13,19
21:04:08,Showers in the Vicinity,13,13,19
21:06:09,Showers in the Vicinity,13,13,19
21:08:09,Showers in the Vicinity,13,13,19
21:10:09,Showers in the Vicinity,13,13,19
21:12:09,Showers in the Vicinity,13,13,19
21:14:09,Mostly Cloudy,13,13,16
21:16:09,Mostly Cloudy,13,13,16
21:18:09,Mostly Cloudy,13,13,16
21:20:09,Mostly Cloudy,13,13,16
21:22:09,Mostly Cloudy,13,13,16
21:24:09,Mostly Cloudy,13,13,16
21:26:08,Mostly Cloudy,13,13,16
21:28:09,Mostly Cloudy,13,13,16
21:30:09,Mostly Cloudy,13,13,16
21:32:09,Mostly Cloudy,13,13,16
21:34:08,Mostly Cloudy,13,13,16
21:36:09,Mostly Cloudy,13,13,16
21:38:09,Mostly Cloudy,13,13,16
21:40:08,Mostly Cloudy,13,13,16
21:42:09,Mostly Cloudy,13,13,16
21:44:09,Mostly Cloudy,13,13,16
21:46:09,Mostly Cloudy,13,13,16
21:48:09,Mostly Cloudy,13,13,16
21:50:09,Mostly Cloudy,13,13,16
21:52:08,Mostly Cloudy,13,13,16
21:54:09,Mostly Cloudy,13,13,16
21:56:09,Mostly Cloudy,13,13,16
21:58:09,Mostly Cloudy,13,13,16
22:00:08,Mostly Cloudy,13,13,16
22:02:09,Mostly Cloudy,13,13,16
22:04:09,Mostly Cloudy,13,13,16
22:06:09,Mostly Cloudy,13,13,16
22:08:08,Mostly Cloudy,13,13,16
22:10:09,Mostly Cloudy,13,13,16
22:12:09,Mostly Cloudy,13,13,20
22:14:08,Mostly Cloudy,13,13,20
22:16:09,Mostly Cloudy,13,13,20
22:18:08,Mostly Cloudy,13,13,20
22:20:08,Mostly Cloudy,13,13,20
22:22:09,Mostly Cloudy,13,13,20
22:24:09,Mostly Cloudy,13,13,20
22:26:08,Mostly Cloudy,13,13,20
22:28:09,Mostly Cloudy,13,13,20
22:30:09,Mostly Cloudy,13,13,20
22:32:09,Mostly Cloudy,13,13,20
22:34:09,Mostly Cloudy,13,13,20
22:36:09,Mostly Cloudy,13,13,20
22:38:08,Mostly Cloudy,13,13,20
22:40:08,Mostly Cloudy,13,13,20
22:42:09,Mostly Cloudy,13,13,20
22:44:09,Mostly Cloudy,13,13,20
22:46:08,Mostly Cloudy,13,13,20
22:48:09,Mostly Cloudy,13,13,20
22:50:09,Mostly Cloudy,13,13,20
22:52:08,Mostly Cloudy,13,13,20
22:54:09,Mostly Cloudy,13,13,20
22:56:08,Mostly Cloudy,13,13,20
22:58:09,Mostly Cloudy,13,13,20
23:00:09,Mostly Cloudy,13,13,20
23:02:08,Mostly Cloudy,13,13,20
23:04:08,Mostly Cloudy,13,13,20
23:06:09,Mostly Cloudy,13,13,20
23:08:09,Mostly Cloudy,13,13,20
23:10:09,Mostly Cloudy,12,12,11
23:12:09,Mostly Cloudy,12,12,11
23:14:08,Mostly Cloudy,12,12,11
23:16:09,Mostly Cloudy,12,12,11
23:18:09,Mostly Cloudy,12,12,11
23:20:08,Mostly Cloudy,12,12,11
23:22:09,Mostly Cloudy,12,12,11
23:24:09,Mostly Cloudy,12,12,11
23:26:09,Mostly Cloudy,12,12,11
23:28:08,Mostly Cloudy,12,12,11
23:30:09,Mostly Cloudy,12,12,11
23:32:09,Mostly Cloudy,12,12,11
23:34:08,Mostly Cloudy,12,12,11
23:36:09,Mostly Cloudy,12,12,11
23:38:09,Mostly Cloudy,12,12,11
23:40:09,Mostly Cloudy,12,12,11
23:42:08,Mostly Cloudy,12,12,11
23:44:08,Mostly Cloudy,12,12,11
23:46:09,Mostly Cloudy,12,12,11
23:48:09,Mostly Cloudy,12,12,11
23:50:09,Mostly Cloudy,12,12,11
23:52:09,Mostly Cloudy,12,12,11
23:54:08,Mostly Cloudy,12,12,11
23:56:09,Mostly Cloudy,12,12,11
23:58:09,Mostly Cloudy,12,12,11
