Time,Weather,Temperature,Feels_Like,Wind_Speed
00:00:08,Light Rain,8,6,14
00:02:09,Light Rain,8,6,14
00:04:09,Light Rain,8,6,14
00:06:09,Light Rain,8,6,14
00:08:08,Light Rain,8,6,14
00:10:09,Light Rain,8,6,14
00:12:09,Light Rain,8,7,11
00:14:08,Light Rain,8,7,11
00:16:08,Light Rain,8,7,11
00:18:09,Light Rain,8,7,11
00:20:09,Light Rain,8,7,11
00:22:08,Light Rain,8,7,11
00:24:08,Light Rain,8,7,11
00:26:09,Light Rain,8,7,11
00:28:09,Light Rain,8,7,11
00:30:09,Light Rain,8,7,11
00:32:09,Light Rain,8,7,11
00:34:09,Light Rain,8,7,11
00:36:08,Light Rain,8,7,11
00:38:08,Light Rain,8,7,11
00:40:09,Light Rain,8,7,11
00:42:09,Light Rain,8,7,11
00:44:08,Light Rain,8,7,11
00:46:08,Light Rain,8,7,11
00:48:09,Light Rain,8,7,11
00:50:09,Light Rain,8,7,11
00:52:09,Light Rain,8,7,11
00:54:08,Light Rain,8,7,11
00:56:08,Light Rain,8,7,11
00:58:09,Light Rain,8,7,11
01:00:17,Light Rain,8,7,11
01:02:08,Light Rain,8,7,11
01:04:08,Light Rain,8,7,11
01:06:09,Light Rain,8,7,11
01:08:09,Light Rain,8,7,11
01:10:09,Light Rain,8,7,11
01:12:08,Mostly Cloudy,8,7,11
01:14:09,Mostly Cloudy,8,7,11
01:16:09,Mostly Cloudy,8,7,11
01:18:09,Mostly Cloudy,8,7,11
01:20:09,Mostly Cloudy,8,7,11
01:22:09,Mostly Cloudy,8,7,11
01:24:09,Mostly Cloudy,8,7,11
01:26:08,Mostly Cloudy,8,7,11
01:28:08,Mostly Cloudy,8,7,11
01:30:08,Mostly Cloudy,8,7,11
01:32:09,Mostly Cloudy,8,7,11
01:34:09,Mostly Cloudy,8,7,11
01:36:08,Mostly Cloudy,8,7,11
01:38:09,Mostly Cloudy,8,7,11
01:40:09,Mostly Cloudy,8,7,11
01:42:09,Mostly Cloudy,8,7,11
01:44:08,Mostly Cloudy,8,7,11
01:46:08,Mostly Cloudy,8,7,11
01:48:09,Mostly Cloudy,8,7,11
01:50:09,Mostly Cloudy,8,7,11
01:52:09,Mostly Cloudy,8,7,11
01:54:08,Mostly Cloudy,8,7,11
01:56:09,Mostly Cloudy,8,7,11
01:58:09,Mostly Cloudy,8,7,11
02:00:08,Mostly Cloudy,8,7,11
02:02:09,Mostly Cloudy,8,7,11
02:04:09,Mostly Cloudy,8,7,11
02:06:08,Mostly Cloudy,8,7,11
02:08:09,Mostly Cloudy,8,7,11
02:10:09,Mostly Cloudy,8,7,11
02:12:09,Mostly Cloudy,8,7,11
02:14:08,Mostly Cloudy,8,7,11
02:16:09,Mostly Cloudy,8,7,11
02:18:09,Mostly Cloudy,8,7,11
02:20:08,Mostly Cloudy,8,7,11
02:22:09,Mostly Cloudy,8,7,11
02:24:09,Mostly Cloudy,8,7,11
02:26:09,Mostly Cloudy,8,7,11
02:28:09,Mostly Cloudy,8,7,11
02:30:08,Mostly Cloudy,8,7,11
02:32:09,Mostly Cloudy,8,7,11
02:34:09,Mostly Cloudy,8,7,11
02:36:09,Mostly Cloudy,8,7,11
02:38:09,Mostly Cloudy,8,7,11
02:40:09,Mostly Cloudy,8,7,11
02:42:09,Mostly Cloudy,8,7,11
02:44:08,Mostly Cloudy,8,7,11
02:46:08,Mostly Cloudy,8,7,11
02:48:09,Mostly Cloudy,8,7,11
02:50:09,Mostly Cloudy,8,7,11
02:52:09,Mostly Cloudy,8,7,11
02:54:08,Mostly Cloudy,8,7,11
02:56:09,Mostly Cloudy,8,7,11
02:58:09,Mostly Cloudy,8,7,11
03:00:08,Mostly Cloudy,8,7,11
03:02:09,Mostly Cloudy,8,7,11
03:04:09,Mostly Cloudy,8,7,11
03:06:09,Mostly Cloudy,8,7,11
03:08:08,Mostly Cloudy,8,7,11
03:10:09,Mostly Cloudy,8,7,11
03:12:09,Mostly Cloudy,8,7,12
03:14:08,Mostly Cloudy,8,7,12
03:16:09,Mostly Cloudy,8,7,12
03:18:08,Mostly Cloudy,8,7,12
03:20:09,Mostly Cloudy,8,7,12
03:22:09,Mostly Cloudy,8,7,12
03:24:09,Mostly Cloudy,8,7,12
03:26:09,Mostly Cloudy,8,7,12
03:28:09,Mostly Cloudy,8,7,12
03:30:09,Mostly Cloudy,8,7,12
03:32:08,Mostly Cloudy,8,7,12
03:34:08,Mostly Cloudy,8,7,12
03:36:08,Mostly Cloudy,8,7,12
03:38:09,Mostly Cloudy,8,7,12
03:40:09,Mostly Cloudy,8,7,12
03:42:08,Mostly Cloudy,8,7,12
03:44:09,Mostly Cloudy,8,7,12
03:46:09,Mostly Cloudy,8,7,12
03:48:09,Mostly Cloudy,8,7,12
03:50:08,Mostly Cloudy,8,7,12
03:52:09,Mostly Cloudy,8,7,12
03:54:09,Mostly Cloudy,8,7,12
03:56:08,Mostly Cloudy,8,7,12
03:58:09,Mostly Cloudy,8,7,12
04:00:09,Mostly Cloudy,8,7,12
04:02:09,Mostly Cloudy,8,7,12
04:04:09,Mostly Cloudy,8,7,12
04:06:09,Mostly Cloudy,8,7,12
04:08:09,Mostly Cloudy,8,7,12
04:10:08,Mostly Cloudy,8,7,12
04:12:08,Mostly Cloudy,8,7,12
04:14:09,Mostly Cloudy,8,7,12
04:16:09,Mostly Cloudy,8,7,12
04:18:08,Light Rain,7,5,12
04:20:09,Light Rain,7,5,12
04:22:09,Light Rain,7,5,12
04:24:08,Light Rain,7,5,12
04:26:09,Light Rain,7,5,12
04:28:09,Light Rain,7,5,12
04:30:09,Light Rain,7,5,12
04:32:08,Light Rain,7,5,12
04:34:09,Light Rain,7,5,12
04:36:09,Light Rain,7,5,12
04:38:09,Light Rain,7,5,12
04:40:08,Light Rain,7,5,12
04:42:08,Light Rain,7,5,12
04:44:09,Light Rain,7,5,12
04:46:09,Light Rain,7,5,12
04:48:08,Light Rain,7,5,12
04:50:09,Light Rain,7,5,12
04:52:09,Light Rain,7,5,12
04:54:09,Light Rain,7,5,12
04:56:08,Light Rain,7,5,12
04:58:08,Light Rain,7,5,12
05:00:09,Light Rain,7,5,12
05:02:09,Light Rain,7,5,12
05:04:08,Light Rain,7,5,12
05:06:09,Light Rain,7,5,12
05:08:09,Light Rain,7,5,12
05:10:09,Light Rain,7,5,12
05:12:08,Mostly Cloudy,7,5,12
05:14:08,Mostly Cloudy,7,5,12
05:16:09,Mostly Cloudy,7,5,12
05:18:09,Mostly Cloudy,7,5,12
05:20:08,Mostly Cloudy,7,5,12
05:22:09,Mostly Cloudy,7,5,12
05:24:09,Mostly Cloudy,7,5,12
05:26:09,Mostly Cloudy,7,5,12
05:28:09,Mostly Cloudy,7,5,12
05:30:08,Mostly Cloudy,7,5,12
05:32:08,Mostly Cloudy,7,5,12
05:34:09,Mostly Cloudy,7,5,12
05:36:09,Mostly Cloudy,7,5,12
05:38:08,Mostly Cloudy,7,5,12
05:40:09,Mostly Cloudy,7,5,12
05:42:09,Mostly Cloudy,7,5,12
05:44:09,Mostly Cloudy,7,5,12
05:46:08,Mostly Cloudy,7,5,12
05:48:08,Mostly Cloudy,7,5,12
05:50:09,Mostly Cloudy,7,5,12
05:52:09,Mostly Cloudy,7,5,12
05:54:09,Mostly Cloudy,7,5,12
05:56:08,Mostly Cloudy,7,5,12
05:58:08,Mostly Cloudy,7,5,12
06:00:09,Mostly Cloudy,7,5,12
06:02:09,Mostly Cloudy,7,5,12
06:04:08,Mostly Cloudy,7,5,12
06:06:09,Mostly Cloudy,7,5,12
06:08:09,Mostly Cloudy,7,5,12
06:10:08,Mostly Cloudy,7,5,12
06:12:08,Mostly Cloudy,8,6,16
06:14:09,Mostly Cloudy,8,6,16
06:16:08,Mostly Cloudy,8,6,16
06:18:09,Mostly Cloudy,8,6,16
06:20:09,Mostly Cloudy,8,6,16
06:22:08,Mostly Cloudy,8,6,16
06:24:09,Mostly Cloudy,8,6,16
06:26:09,Mostly Cloudy,8,6,16
06:28:09,Mostly Cloudy,8,6,16
06:30:08,Mostly Cloudy,8,6,16
06:32:09,Mostly Cloudy,8,6,16
06:34:09,Mostly Cloudy,8,6,16
06:36:09,Mostly Cloudy,8,6,16
06:38:08,Mostly Cloudy,8,6,16
06:40:09,Mostly Cloudy,8,6,16
06:42:09,Mostly Cloudy,8,6,16
06:44:09,Mostly Cloudy,8,6,16
06:46:09,Mostly Cloudy,8,6,16
06:48:08,Mostly Cloudy,8,6,16
06:50:09,Mostly Cloudy,8,6,16
06:52:09,Mostly Cloudy,8,6,16
06:54:09,Mostly Cloudy,8,6,16
06:56:09,Mostly Cloudy,8,6,16
06:58:09,Mostly Cloudy,8,6,16
07:00:09,Mostly Cloudy,8,6,16
07:02:09,Mostly Cloudy,8,6,16
07:04:09,Mostly Cloudy,8,6,16
07:06:09,Mostly Cloudy,8,6,16
07:08:08,Mostly Cloudy,8,6,16
07:10:09,Mostly Cloudy,8,6,16
07:12:09,Partly Cloudy,10,10,16
07:14:09,Partly Cloudy,10,10,16
07:16:08,Partly Cloudy,10,10,16
07:18:09,Partly Cloudy,10,10,16
07:20:08,Partly Cloudy,10,10,16
07:22:09,Partly Cloudy,10,10,16
07:24:09,Partly Cloudy,10,10,16
07:26:08,Partly Cloudy,10,10,16
07:28:09,Partly Cloudy,10,10,16
07:30:09,Partly Cloudy,10,10,16
07:32:09,Partly Cloudy,10,10,16
07:34:08,Partly Cloudy,10,10,16
07:36:08,Partly Cloudy,10,10,16
07:38:09,Partly Cloudy,10,10,16
07:40:09,Partly Cloudy,10,10,16
07:42:09,Partly Cloudy,10,10,16
07:44:08,Partly Cloudy,10,10,16
07:46:09,Partly Cloudy,10,10,16
07:48:08,Partly Cloudy,10,10,16
07:50:09,Partly Cloudy,10,10,16
07:52:09,Partly Cloudy,10,10,16
07:54:09,Partly Cloudy,10,10,16
07:56:09,Partly Cloudy,10,10,16
07:58:09,Partly Cloudy,10,10,16
08:00:09,Partly Cloudy,10,10,16
08:02:09,Partly Cloudy,10,10,16
08:04:08,Partly Cloudy,10,10,16
08:06:09,Partly Cloudy,10,10,16
08:08:09,Partly Cloudy,10,10,16
08:10:08,Partly Cloudy,10,10,16
08:12:09,Mostly Cloudy,11,11,19
08:14:09,Mostly Cloudy,11,11,19
08:16:09,Mostly Cloudy,11,11,19
08:18:09,Mostly Cloudy,11,11,19
08:20:09,Mostly Cloudy,11,11,19
08:22:09,Mostly Cloudy,11,11,19
08:24:08,Mostly Cloudy,11,11,19
08:26:08,Mostly Cloudy,11,11,19
08:28:09,Mostly Cloudy,11,11,19
08:30:09,Mostly Cloudy,11,11,19
08:32:09,Mostly Cloudy,11,11,19
08:34:08,Mostly Cloudy,11,11,19
08:36:08,Mostly Cloudy,11,11,19
08:38:09,Mostly Cloudy,11,11,19
08:40:09,Mostly Cloudy,11,11,19
08:42:08,Mostly Cloudy,11,11,19
08:44:09,Mostly Cloudy,11,11,19
08:46:09,Mostly Cloudy,11,11,19
08:48:09,Mostly Cloudy,11,11,19
08:50:08,Mostly Cloudy,11,11,19
08:52:09,Mostly Cloudy,11,11,19
08:54:09,Mostly Cloudy,11,11,19
08:56:08,Mostly Cloudy,11,11,19
08:58:09,Mostly Cloudy,11,11,19
09:00:09,Mostly Cloudy,11,11,19
09:02:09,Mostly Cloudy,11,11,19
09:04:08,Mostly Cloudy,11,11,19
09:06:09,Mostly Cloudy,11,11,19
09:08:09,Mostly Cloudy,11,11,19
09:10:08,Mostly Cloudy,11,11,19
09:12:09,Mostly Cloudy,11,11,19
09:14:09,Mostly Cloudy,11,11,19
09:16:09,Mostly Cloudy,11,11,19
09:18:09,Mostly Cloudy,11,11,19
09:20:09,Mostly Cloudy,11,11,19
09:22:09,Mostly Cloudy,11,11,19
09:24:08,Mostly Cloudy,11,11,19
09:26:09,Mostly Cloudy,11,11,19
09:28:09,Mostly Cloudy,11,11,19
09:30:09,Mostly Cloudy,11,11,19
09:32:09,Mostly Cloudy,11,11,19
09:34:08,Mostly Cloudy,11,11,19
09:36:09,Mostly Cloudy,11,11,19
09:38:09,Mostly Cloudy,11,11,19
09:40:09,Mostly Cloudy,11,11,19
09:42:08,Mostly Cloudy,11,11,19
09:44:08,Mostly Cloudy,11,11,19
09:46:09,Mostly Cloudy,11,11,19
09:48:09,Mostly Cloudy,11,11,19
09:50:09,Mostly Cloudy,11,11,19
09:52:09,Mostly Cloudy,11,11,19
09:54:09,Mostly Cloudy,11,11,19
09:56:08,Mostly Cloudy,11,11,19
09:58:09,Mostly Cloudy,11,11,19
10:00:09,Mostly Cloudy,11,11,19
10:02:08,Mostly Cloudy,11,11,19
10:04:09,Mostly Cloudy,11,11,19
10:06:09,Mostly Cloudy,11,11,19
10:08:09,Mostly Cloudy,11,11,19
10:10:09,Mostly Cloudy,11,11,19
10:12:09,Mostly Cloudy,11,11,19
10:14:08,Mostly Cloudy,11,11,19
10:16:09,Showers in the Vicinity,12,12,19
10:18:08,Showers in the Vicinity,12,12,19
10:20:09,Showers in the Vicinity,12,12,19
10:22:09,Showers in the Vicinity,12,12,19
10:24:09,Showers in the Vicinity,12,12,19
10:26:08,Showers in the Vicinity,12,12,19
10:28:08,Showers in the Vicinity,12,12,19
10:30:09,Showers in the Vicinity,12,12,19
10:32:09,Showers in the Vicinity,12,12,19
10:34:08,Showers in the Vicinity,12,12,19
10:36:09,Showers in the Vicinity,12,12,19
10:38:09,Showers in the Vicinity,12,12,19
10:40:09,Showers in the Vicinity,12,12,19
10:42:08,Showers in the Vicinity,12,12,19
10:44:08,Showers in the Vicinity,12,12,19
10:46:09,Showers in the Vicinity,12,12,19
10:48:09,Showers in the Vicinity,12,12,19
10:50:08,Showers in the Vicinity,12,12,19
10:52:08,Showers in the Vicinity,12,12,19
10:54:09,Showers in the Vicinity,12,12,19
10:56:09,Showers in the Vicinity,12,12,19
10:58:09,Showers in the Vicinity,12,12,19
11:00:09,Showers in the Vicinity,12,12,19
11:02:09,Showers in the Vicinity,12,12,19
11:04:08,Showers in the Vicinity,12,12,19
11:06:09,Showers in the Vicinity,12,12,19
11:08:08,Showers in the Vicinity,12,12,19
11:10:08,Showers in the Vicinity,11,11,8
11:12:09,Showers in the Vicinity,11,11,8
11:14:09,Showers in the Vicinity,11,11,8
11:16:08,Showers in the Vicinity,11,11,8
11:18:09,Showers in the Vicinity,11,11,8
11:20:09,Showers in the Vicinity,11,11,8
11:22:08,Showers in the Vicinity,11,11,8
11:24:09,Showers in the Vicinity,11,11,8
11:26:09,Showers in the Vicinity,11,11,8
11:28:09,Showers in the Vicinity,11,11,8
11:30:08,Showers in the Vicinity,11,11,8
11:32:09,Showers in the Vicinity,11,11,8
11:34:09,Showers in the Vicinity,11,11,8
11:36:09,Showers in the Vicinity,11,11,8
11:38:08,Showers in the Vicinity,11,11,8
11:40:09,Showers in the Vicinity,11,11,8
11:42:09,Showers in the Vicinity,11,11,8
11:44:08,Showers in the Vicinity,11,11,8
11:46:08,Showers in the Vicinity,11,11,8
11:48:09,Showers in the Vicinity,11,11,8
11:50:09,Showers in the Vicinity,11,11,8
11:52:08,Showers in the Vicinity,11,11,8
11:54:09,Showers in the Vicinity,11,11,8
11:56:09,Showers in the Vicinity,11,11,8
11:58:08,Showers in the Vicinity,11,11,8
12:00:09,Showers in the Vicinity,11,11,8
12:02:09,Showers in the Vicinity,11,11,8
12:04:08,Showers in the Vicinity,11,11,8
12:06:09,Showers in the Vicinity,11,11,8
12:08:09,Showers in the Vicinity,11,11,8
12:10:08,Light Rain Shower,10,10,32
12:12:09,Light Rain Shower,10,10,32
12:14:09,Light Rain Shower,10,10,32
12:16:08,Light Rain Shower,10,10,32
12:18:09,Light Rain Shower,10,10,32
12:20:09,Light Rain Shower,10,10,32
12:22:08,Light Rain Shower,10,10,32
12:24:09,Light Rain Shower,10,10,32
12:26:09,Light Rain Shower,10,10,32
12:28:08,Light Rain Shower,10,10,32
12:30:09,Light Rain Shower,10,10,32
12:32:09,Light Rain Shower,10,10,32
12:34:09,Light Rain Shower,10,10,32
12:36:08,Light Rain Shower,10,10,32
12:38:09,Light Rain Shower,10,10,32
12:40:09,Light Rain Shower,10,10,32
12:42:08,Light Rain Shower,10,10,32
12:44:08,Light Rain Shower,10,10,32
12:46:09,Light Rain Shower,10,10,32
12:48:09,Light Rain Shower,10,10,32
12:50:09,Light Rain Shower,10,10,32
12:52:08,Light Rain Shower,10,10,32
12:54:09,Light Rain Shower,10,10,32
12:56:09,Light Rain Shower,10,10,32
12:58:09,Light Rain Shower,10,10,32
13:00:08,Light Rain Shower,10,10,32
13:02:09,Light Rain Shower,10,10,32
13:04:09,Light Rain Shower,10,10,32
13:06:09,Light Rain Shower,10,10,32
13:08:08,Light Rain Shower,10,10,32
13:10:08,Showers in the Vicinity,12,12,20
13:12:09,Showers in the Vicinity,12,12,20
13:14:09,Showers in the Vicinity,12,12,20
13:16:08,Showers in the Vicinity,12,12,20
13:18:09,Showers in the Vicinity,12,12,20
13:20:09,Showers in the Vicinity,12,12,20
13:22:08,Showers in the Vicinity,12,12,20
13:24:09,Showers in the Vicinity,12,12,20
13:26:09,Showers in the Vicinity,12,12,20
13:28:09,Showers in the Vicinity,12,12,20
13:30:09,Showers in the Vicinity,12,12,20
13:32:09,Showers in the Vicinity,12,12,20
13:34:09,Showers in the Vicinity,12,12,20
13:36:09,Showers in the Vicinity,12,12,20
13:38:08,Showers in the Vicinity,12,12,20
13:40:08,Showers in the Vicinity,12,12,20
13:42:09,Showers in the Vicinity,12,12,20
13:44:09,Showers in the Vicinity,12,12,20
13:46:08,Showers in the Vicinity,12,12,20
13:48:08,Showers in the Vicinity,12,12,20
13:50:09,Showers in the Vicinity,12,12,20
13:52:09,Showers in the Vicinity,12,12,20
13:54:08,Showers in the Vicinity,12,12,20
13:56:08,Showers in the Vicinity,12,12,20
13:58:08,Showers in the Vicinity,12,12,20
14:00:09,Showers in the Vicinity,12,12,20
14:02:09,Showers in the Vicinity,12,12,20
14:04:09,Showers in the Vicinity,12,12,20
14:06:08,Showers in the Vicinity,12,12,20
14:08:08,Showers in the Vicinity,12,12,20
14:10:09,Partly Cloudy,12,12,19
14:12:09,Partly Cloudy,12,12,19
14:14:08,Partly Cloudy,12,12,19
14:16:09,Partly Cloudy,12,12,19
14:18:08,Partly Cloudy,12,12,19
14:20:08,Partly Cloudy,12,12,19
14:22:09,Partly Cloudy,12,12,19
14:24:09,Partly Cloudy,12,12,19
14:26:09,Partly Cloudy,12,12,19
14:28:09,Partly Cloudy,12,12,19
14:30:08,Partly Cloudy,12,12,19
14:32:08,Partly Cloudy,12,12,19
14:34:09,Partly Cloudy,12,12,19
14:36:09,Partly Cloudy,12,12,19
14:38:08,Partly Cloudy,12,12,19
14:40:08,Partly Cloudy,12,12,19
14:42:09,Partly Cloudy,12,12,19
14:44:09,Partly Cloudy,12,12,19
14:46:09,Partly Cloudy,12,12,19
14:48:08,Partly Cloudy,12,12,19
14:50:09,Partly Cloudy,12,12,19
14:52:09,Partly Cloudy,12,12,19
14:54:09,Partly Cloudy,12,12,19
14:56:08,Partly Cloudy,12,12,19
14:58:08,Partly Cloudy,12,12,19
15:00:09,Partly Cloudy,12,12,19
15:02:09,Partly Cloudy,12,12,19
15:04:08,Partly Cloudy,12,12,19
15:06:09,Partly Cloudy,12,12,19
15:08:09,Partly Cloudy,12,12,19
15:10:09,Partly Cloudy,12,12,19
15:12:08,Partly Cloudy,12,12,19
15:14:08,Partly Cloudy,12,12,19
15:16:09,Partly Cloudy,13,13,20
15:18:09,Partly Cloudy,13,13,20
15:20:09,Partly Cloudy,13,13,20
15:22:08,Partly Cloudy,13,13,20
15:24:09,Partly Cloudy,13,13,20
15:26:09,Partly Cloudy,13,13,20
15:28:09,Partly Cloudy,13,13,20
15:30:08,Partly Cloudy,13,13,20
15:32:08,Partly Cloudy,13,13,20
15:34:09,Partly Cloudy,13,13,20
15:36:09,Partly Cloudy,13,13,20
15:38:09,Partly Cloudy,13,13,20
15:40:08,Partly Cloudy,13,13,20
15:42:09,Partly Cloudy,13,13,20
15:44:09,Partly Cloudy,13,13,20
15:46:09,Partly Cloudy,13,13,20
15:48:08,Partly Cloudy,13,13,20
15:50:08,Partly Cloudy,13,13,20
15:52:09,Partly Cloudy,13,13,20
15:54:09,Partly Cloudy,13,13,20
15:56:09,Partly Cloudy,13,13,20
15:58:08,Partly Cloudy,13,13,20
16:00:08,Partly Cloudy,13,13,20
16:02:09,Partly Cloudy,13,13,20
16:04:09,Partly Cloudy,13,13,20
16:06:09,Partly Cloudy,13,13,20
16:08:08,Partly Cloudy,13,13,20
16:10:08,Partly Cloudy,13,13,20
16:12:08,Partly Cloudy,13,13,20
16:14:09,Partly Cloudy,13,13,20
16:16:09,Fair,13,13,19
16:18:09,Fair,13,13,19
16:20:09,Fair,13,13,19
16:22:09,Fair,13,13,19
16:24:08,Fair,13,13,19
16:26:08,Fair,13,13,19
16:28:09,Fair,13,13,19
16:30:09,Fair,13,13,19
16:32:09,Fair,13,13,19
16:34:08,Fair,13,13,19
16:36:09,Fair,13,13,19
16:38:09,Fair,13,13,19
16:40:09,Fair,13,13,19
16:42:08,Fair,13,13,19
16:44:08,Fair,13,13,19
16:46:09,Fair,13,13,19
16:48:09,Fair,13,13,19
16:50:09,Fair,13,13,19
16:52:08,Fair,13,13,19
16:54:09,Fair,13,13,19
16:56:09,Fair,13,13,19
16:58:08,Fair,13,13,19
17:00:09,Fair,13,13,19
17:02:09,Fair,13,13,19
17:04:08,Fair,13,13,19
17:06:08,Fair,13,13,19
17:08:09,Fair,13,13,19
17:10:09,Fair,13,13,19
17:12:09,Fair,13,13,19
17:14:09,Fair,13,13,19
17:16:09,Partly Cloudy,13,13,14
17:18:08,Partly Cloudy,13,13,14
17:20:09,Partly Cloudy,13,13,14
17:22:09,Partly Cloudy,13,13,14
17:24:08,Partly Cloudy,13,13,14
17:26:09,Partly Cloudy,13,13,14
17:28:09,Partly Cloudy,13,13,14
17:30:09,Partly Cloudy,13,13,14
17:32:09,Partly Cloudy,13,13,14
17:34:09,Partly Cloudy,13,13,14
17:36:09,Partly Cloudy,13,13,14
17:38:08,Partly Cloudy,13,13,14
17:40:08,Partly Cloudy,13,13,14
17:42:09,Partly Cloudy,13,13,14
17:44:09,Partly Cloudy,13,13,14
17:46:09,Partly Cloudy,13,13,14
17:48:09,Partly Cloudy,13,13,14
17:50:09,Partly Cloudy,13,13,14
17:52:09,Partly Cloudy,13,13,14
17:54:09,Partly Cloudy,13,13,14
17:56:09,Partly Cloudy,13,13,14
17:58:09,Partly Cloudy,13,13,14
18:00:08,Partly Cloudy,13,13,14
18:02:09,Partly Cloudy,13,13,14
18:04:09,Partly Cloudy,13,13,14
18:06:09,Partly Cloudy,13,13,14
18:08:09,Partly Cloudy,13,13,14
18:10:08,Partly Cloudy,13,13,14
18:12:09,Partly Cloudy,13,13,14
18:14:09,Partly Cloudy,13,13,14
18:16:08,Light Rain Shower,8,6,19
18:18:09,Light Rain Shower,8,6,19
18:20:09,Light Rain Shower,8,6,19
18:22:09,Light Rain Shower,8,6,19
18:24:08,Light Rain Shower,8,6,19
18:26:09,Light Rain Shower,8,6,19
18:28:09,Light Rain Shower,8,6,19
18:30:08,Light Rain Shower,8,6,19
18:32:09,Light Rain Shower,8,6,19
18:34:09,Light Rain Shower,8,6,19
18:36:09,Light Rain Shower,8,6,19
18:38:09,Light Rain Shower,8,6,19
18:40:08,Light Rain Shower,8,6,19
18:42:08,Light Rain Shower,8,6,19
18:44:09,Light Rain Shower,8,6,19
18:46:09,Light Rain Shower,8,6,19
18:48:08,Light Rain Shower,8,6,19
18:50:09,Light Rain Shower,8,6,19
18:52:09,Light Rain Shower,8,6,19
18:54:08,Light Rain Shower,8,6,19
18:56:09,Light Rain Shower,8,6,19
18:58:09,Light Rain Shower,8,6,19
19:00:09,Light Rain Shower,8,6,19
19:02:09,Light Rain Shower,8,6,19
19:04:09,Light Rain Shower,8,6,19
19:06:09,Light Rain Shower,8,6,19
19:08:08,Light Rain Shower,8,6,19
19:10:09,Light Rain Shower,8,6,19
19:12:09,Light Rain Shower,8,6,19
19:14:09,Light Rain Shower,8,6,19
19:16:08,Partly Cloudy,11,11,11
19:18:09,Partly Cloudy,11,11,11
19:20:09,Partly Cloudy,11,11,11
19:22:09,Partly Cloudy,11,11,11
19:24:09,Partly Cloudy,11,11,11
19:26:09,Partly Cloudy,11,11,11
19:28:09,Partly Cloudy,11,11,11
19:30:08,Partly Cloudy,11,11,11
19:32:09,Partly Cloudy,11,11,11
19:34:09,Partly Cloudy,11,11,11
19:36:08,Partly Cloudy,11,11,11
19:38:08,Partly Cloudy,11,11,11
19:40:08,Partly Cloudy,11,11,11
19:42:09,Partly Cloudy,11,11,11
19:44:09,Partly Cloudy,11,11,11
19:46:08,Partly Cloudy,11,11,11
19:48:09,Partly Cloudy,11,11,11
19:50:09,Partly Cloudy,11,11,11
19:52:09,Partly Cloudy,11,11,11
19:54:08,Partly Cloudy,11,11,11
19:56:09,Partly Cloudy,11,11,11
19:58:09,Partly Cloudy,11,11,11
20:00:09,Partly Cloudy,11,11,11
20:02:08,Partly Cloudy,11,11,11
20:04:08,Partly Cloudy,11,11,11
20:06:09,Partly Cloudy,11,11,11
20:08:08,Partly Cloudy,11,11,11
20:10:08,Mostly Cloudy,10,10,16
20:12:09,Mostly Cloudy,10,10,16
20:14:09,Mostly Cloudy,10,10,16
20:16:08,Mostly Cloudy,10,10,16
20:18:09,Mostly Cloudy,10,10,16
20:20:09,Mostly Cloudy,10,10,16
20:22:09,Mostly Cloudy,10,10,16
20:24:08,Mostly Cloudy,10,10,16
20:26:09,Mostly Cloudy,10,10,16
20:28:09,Mostly Cloudy,10,10,16
20:30:08,Mostly Cloudy,10,10,16
20:32:08,Mostly Cloudy,10,10,16
20:34:09,Mostly Cloudy,10,10,16
20:36:09,Mostly Cloudy,10,10,16
20:38:09,Mostly Cloudy,10,10,16
20:40:09,Mostly Cloudy,10,10,16
20:42:09,Mostly Cloudy,10,10,16
20:44:09,Mostly Cloudy,10,10,16
20:46:08,Mostly Cloudy,10,10,16
20:48:09,Mostly Cloudy,10,10,16
20:50:09,Mostly Cloudy,10,10,16
20:52:09,Mostly Cloudy,10,10,16
20:54:08,Mostly Cloudy,10,10,16
20:56:09,Mostly Cloudy,10,10,16
20:58:09,Mostly Cloudy,10,10,16
21:00:08,Mostly Cloudy,10,10,16
21:02:08,Mostly Cloudy,10,10,16
21:04:08,Mostly Cloudy,10,10,16
21:06:09,Mostly Cloudy,10,10,16
21:08:09,Mostly Cloudy,10,10,16
21:10:09,Mostly Cloudy,10,10,16
21:12:09,Mostly Cloudy,10,10,16
21:14:09,Mostly Cloudy,10,10,16
21:16:08,Mostly Cloudy,10,10,16
21:18:09,Mostly Cloudy,10,10,16
21:20:09,Mostly Cloudy,10,10,16
21:22:08,Showers in the Vicinity,11,11,11
21:24:09,Showers in the Vicinity,11,11,11
21:26:09,Showers in the Vicinity,11,11,11
21:28:09,Showers in the Vicinity,11,11,11
21:30:09,Showers in the Vicinity,11,11,11
21:32:09,Showers in the Vicinity,11,11,11
21:34:09,Showers in the Vicinity,11,11,11
21:36:09,Showers in the Vicinity,11,11,11
21:38:09,Showers in the Vicinity,11,11,11
21:40:09,Showers in the Vicinity,11,11,11
21:42:09,Showers in the Vicinity,11,11,11
21:44:08,Showers in the Vicinity,11,11,11
21:46:09,Showers in the Vicinity,11,11,11
21:48:09,Showers in the Vicinity,11,11,11
21:50:08,Showers in the Vicinity,11,11,11
21:52:08,Showers in the Vicinity,11,11,11
21:54:09,Showers in the Vicinity,11,11,11
21:56:08,Showers in the Vicinity,11,11,11
21:58:08,Showers in the Vicinity,11,11,11
22:00:09,Showers in the Vicinity,11,11,11
22:02:09,Showers in the Vicinity,11,11,11
22:04:08,Showers in the Vicinity,11,11,11
22:06:09,Showers in the Vicinity,11,11,11
22:08:09,Showers in the Vicinity,11,11,11
22:10:09,Showers in the Vicinity,10,10,12
22:12:09,Showers in the Vicinity,10,10,12
22:14:09,Showers in the Vicinity,10,10,12
22:16:08,Showers in the Vicinity,10,10,12
22:18:09,Showers in the Vicinity,10,10,12
22:20:09,Showers in the Vicinity,10,10,12
22:22:08,Showers in the Vicinity,10,10,12
22:24:09,Showers in the Vicinity,10,10,12
22:26:09,Showers in the Vicinity,10,10,12
22:28:09,Showers in the Vicinity,10,10,12
22:30:08,Showers in the Vicinity,10,10,12
22:32:09,Showers in the Vicinity,10,10,12
22:34:08,Showers in the Vicinity,10,10,12
22:36:09,Showers in the Vicinity,10,10,12
22:38:08,Showers in the Vicinity,10,10,12
22:40:09,Showers in the Vicinity,10,10,12
22:42:09,Showers in the Vicinity,10,10,12
22:44:08,Showers in the Vicinity,10,10,12
22:46:09,Showers in the Vicinity,10,10,12
22:48:09,Showers in the Vicinity,10,10,12
22:50:09,Showers in the Vicinity,10,10,12
22:52:08,Showers in the Vicinity,10,10,12
22:54:09,Showers in the Vicinity,10,10,12
22:56:09,Showers in the Vicinity,10,10,12
22:58:09,Showers in the Vicinity,10,10,12
23:00:08,Showers in the Vicinity,10,10,12
23:02:08,Showers in the Vicinity,10,10,12
23:04:09,Showers in the Vicinity,10,10,12
23:06:09,Showers in the Vicinity,10,10,12
23:08:08,Showers in the Vicinity,10,10,12
23:10:09,Mostly Cloudy,10,10,16
23:12:09,Mostly Cloudy,10,10,16
23:14:08,Mostly Cloudy,10,10,16
23:16:08,Mostly Cloudy,10,10,16
23:18:09,Mostly Cloudy,10,10,16
23:20:09,Mostly Cloudy,10,10,16
23:22:08,Mostly Cloudy,10,10,16
23:24:09,Mostly Cloudy,10,10,16
23:26:09,Mostly Cloudy,10,10,16
23:28:08,Mostly Cloudy,10,10,16
23:30:09,Mostly Cloudy,10,10,16
23:32:08,Mostly Cloudy,10,10,16
23:34:09,Mostly Cloudy,10,10,16
23:36:09,Mostly Cloudy,10,10,16
23:38:08,Mostly Cloudy,10,10,16
23:40:08,Mostly Cloudy,10,10,16
23:42:09,Mostly Cloudy,10,10,16
23:44:09,Mostly Cloudy,10,10,16
23:46:08,Mostly Cloudy,10,10,16
23:48:09,Mostly Cloudy,10,10,16
23:50:08,Mostly Cloudy,10,10,16
23:52:09,Mostly Cloudy,10,10,16
23:54:09,Mostly Cloudy,10,10,16
23:56:09,Mostly Cloudy,10,10,16
23:58:08,Mostly Cloudy,10,10,16
