Time,Weather,Temperature,Feels_Like,Wind_Speed
00:00:09,Cloudy,12,12,19
00:02:08,Cloudy,12,12,19
00:04:09,Cloudy,12,12,19
00:06:09,Cloudy,12,12,19
00:08:08,Cloudy,12,12,19
00:10:08,Cloudy,12,12,19
00:12:09,Cloudy,12,12,19
00:14:09,Cloudy,12,12,19
00:16:08,Cloudy,12,12,19
00:18:09,Cloudy,12,12,19
00:20:09,Cloudy,12,12,14
00:22:08,Cloudy,12,12,14
00:24:08,Cloudy,12,12,14
00:26:09,Cloudy,12,12,14
00:28:09,Cloudy,12,12,14
00:30:08,Cloudy,12,12,14
00:32:09,Cloudy,12,12,14
00:34:09,Cloudy,12,12,14
00:36:08,Cloudy,12,12,14
00:38:08,Cloudy,12,12,14
00:40:09,Cloudy,12,12,14
00:42:09,Cloudy,12,12,14
00:44:08,Cloudy,12,12,14
00:46:09,Cloudy,12,12,14
00:48:09,Cloudy,12,12,14
00:50:09,Cloudy,12,12,14
00:52:09,Cloudy,12,12,14
00:54:09,Cloudy,12,12,14
00:56:09,Cloudy,12,12,14
00:58:09,Cloudy,12,12,14
01:00:16,Cloudy,12,12,14
01:02:08,Cloudy,12,12,14
01:04:09,Cloudy,12,12,14
01:06:09,Cloudy,12,12,14
01:08:08,Cloudy,12,12,14
01:10:09,Cloudy,12,12,14
01:12:09,Cloudy,12,12,14
01:14:08,Mostly Cloudy,12,12,16
01:16:09,Mostly Cloudy,12,12,16
01:18:09,Mostly Cloudy,12,12,16
01:20:08,Mostly Cloudy,12,12,16
01:22:09,Mostly Cloudy,12,12,16
01:24:09,Mostly Cloudy,12,12,16
01:26:09,Mostly Cloudy,12,12,16
01:28:08,Mostly Cloudy,12,12,16
01:30:09,Mostly Cloudy,12,12,16
01:32:09,Mostly Cloudy,12,12,16
01:34:08,Mostly Cloudy,12,12,16
01:36:09,Mostly Cloudy,12,12,16
01:38:09,Mostly Cloudy,12,12,16
01:40:08,Mostly Cloudy,12,12,16
01:42:08,Mostly Cloudy,12,12,16
01:44:09,Mostly Cloudy,12,12,16
01:46:09,Mostly Cloudy,12,12,16
01:48:09,Mostly Cloudy,12,12,16
01:50:09,Mostly Cloudy,12,12,16
01:52:09,Mostly Cloudy,12,12,16
01:54:09,Mostly Cloudy,12,12,16
01:56:09,Mostly Cloudy,12,12,16
01:58:09,Mostly Cloudy,12,12,16
02:00:08,Mostly Cloudy,12,12,16
02:02:09,Mostly Cloudy,12,12,16
02:04:09,Mostly Cloudy,12,12,16
02:06:08,Mostly Cloudy,12,12,16
02:08:08,Mostly Cloudy,12,12,16
02:10:08,Mostly Cloudy,12,12,16
02:12:09,Mostly Cloudy,12,12,16
02:14:08,Mostly Cloudy,12,12,16
02:16:08,Light Rain,12,12,14
02:18:09,Light Rain,12,12,14
02:20:09,Light Rain,12,12,14
02:22:09,Light Rain,12,12,14
02:24:08,Light Rain,12,12,14
02:26:08,Light Rain,12,12,14
02:28:09,Light Rain,12,12,14
02:30:09,Light Rain,12,12,14
02:32:08,Light Rain,12,12,14
02:34:09,Light Rain,12,12,14
02:36:09,Light Rain,12,12,14
02:38:09,Light Rain,12,12,14
02:40:09,Light Rain,12,12,14
02:42:09,Light Rain,12,12,14
02:44:08,Light Rain,12,12,14
02:46:08,Light Rain,12,12,14
02:48:09,Light Rain,12,12,14
02:50:09,Light Rain,12,12,14
02:52:08,Light Rain,12,12,14
02:54:08,Light Rain,12,12,14
02:56:09,Light Rain,12,12,14
02:58:09,Light Rain,12,12,14
03:00:08,Light Rain,12,12,14
03:02:09,Light Rain,12,12,14
03:04:09,Light Rain,12,12,14
03:06:09,Light Rain,12,12,14
03:08:08,Light Rain,12,12,14
03:10:09,Light Rain,12,12,14
03:12:09,Light Rain,12,12,14
03:14:09,Light Rain,12,12,14
03:16:08,Mostly Cloudy,12,12,11
03:18:09,Mostly Cloudy,12,12,11
03:20:09,Mostly Cloudy,12,12,11
03:22:09,Mostly Cloudy,12,12,11
03:24:09,Mostly Cloudy,12,12,11
03:26:09,Mostly Cloudy,12,12,11
03:28:08,Mostly Cloudy,12,12,11
03:30:08,Mostly Cloudy,12,12,11
03:32:09,Mostly Cloudy,12,12,11
03:34:09,Mostly Cloudy,12,12,11
03:36:09,Mostly Cloudy,12,12,11
03:38:09,Mostly Cloudy,12,12,11
03:40:09,Mostly Cloudy,12,12,11
03:42:08,Mostly Cloudy,12,12,11
03:44:09,Mostly Cloudy,12,12,11
03:46:09,Mostly Cloudy,12,12,11
03:48:08,Mostly Cloudy,12,12,11
03:50:08,Mostly Cloudy,12,12,11
03:52:09,Mostly Cloudy,12,12,11
03:54:09,Mostly Cloudy,12,12,11
03:56:09,Mostly Cloudy,12,12,11
03:58:09,Mostly Cloudy,12,12,11
04:00:08,Mostly Cloudy,12,12,11
04:02:09,Mostly Cloudy,12,12,11
04:04:09,Mostly Cloudy,12,12,11
04:06:09,Mostly Cloudy,12,12,11
04:08:09,Mostly Cloudy,12,12,11
04:10:08,Mostly Cloudy,12,12,11
04:12:08,Mostly Cloudy,12,12,11
04:14:09,Mostly Cloudy,12,12,11
04:16:09,Mostly Cloudy,12,12,11
04:18:09,Mostly Cloudy,12,12,11
04:20:09,Mostly Cloudy,12,12,11
04:22:09,Mostly Cloudy,12,12,11
04:24:08,Mostly Cloudy,12,12,11
04:26:08,Mostly Cloudy,12,12,11
04:28:09,Mostly Cloudy,12,12,11
04:30:09,Mostly Cloudy,12,12,11
04:32:08,Mostly Cloudy,12,12,11
04:34:09,Mostly Cloudy,12,12,11
04:36:09,Mostly Cloudy,12,12,11
04:38:08,Mostly Cloudy,12,12,11
04:40:09,Mostly Cloudy,12,12,11
04:42:09,Mostly Cloudy,12,12,11
04:44:08,Mostly Cloudy,12,12,11
04:46:09,Mostly Cloudy,12,12,11
04:48:09,Mostly Cloudy,12,12,11
04:50:08,Mostly Cloudy,12,12,11
04:52:08,Mostly Cloudy,12,12,11
04:54:09,Mostly Cloudy,12,12,11
04:56:09,Mostly Cloudy,12,12,11
04:58:09,Mostly Cloudy,12,12,11
05:00:08,Mostly Cloudy,12,12,11
05:02:09,Mostly Cloudy,12,12,11
05:04:09,Mostly Cloudy,12,12,11
05:06:09,Mostly Cloudy,12,12,11
05:08:08,Mostly Cloudy,12,12,11
05:10:09,Partly Cloudy,11,11,14
05:12:09,Partly Cloudy,11,11,14
05:14:09,Partly Cloudy,11,11,14
05:16:08,Partly Cloudy,11,11,14
05:18:09,Partly Cloudy,11,11,14
05:20:08,Partly Cloudy,11,11,14
05:22:08,Partly Cloudy,11,11,14
05:24:09,Partly Cloudy,11,11,14
05:26:09,Partly Cloudy,11,11,14
05:28:08,Partly Cloudy,11,11,14
05:30:09,Partly Cloudy,11,11,14
05:32:09,Partly Cloudy,11,11,14
05:34:09,Partly Cloudy,11,11,14
05:36:08,Partly Cloudy,11,11,14
05:38:09,Partly Cloudy,11,11,14
05:40:09,Partly Cloudy,11,11,14
05:42:08,Partly Cloudy,11,11,14
05:44:09,Partly Cloudy,11,11,14
05:46:09,Partly Cloudy,11,11,14
05:48:08,Partly Cloudy,11,11,14
05:50:08,Partly Cloudy,11,11,14
05:52:09,Partly Cloudy,11,11,14
05:54:09,Partly Cloudy,11,11,14
05:56:09,Partly Cloudy,11,11,14
05:58:08,Partly Cloudy,11,11,14
06:00:09,Partly Cloudy,11,11,14
06:02:09,Partly Cloudy,11,11,14
06:04:08,Partly Cloudy,11,11,14
06:06:09,Partly Cloudy,11,11,14
06:08:09,Partly Cloudy,11,11,14
06:10:08,Mostly Cloudy,12,12,16
06:12:08,Mostly Cloudy,12,12,16
06:14:09,Mostly Cloudy,12,12,16
06:16:09,Mostly Cloudy,12,12,16
06:18:08,Mostly Cloudy,12,12,16
06:20:09,Mostly Cloudy,12,12,16
06:22:09,Mostly Cloudy,12,12,16
06:24:08,Mostly Cloudy,12,12,16
06:26:08,Mostly Cloudy,12,12,16
06:28:09,Mostly Cloudy,12,12,16
06:30:09,Mostly Cloudy,12,12,16
06:32:08,Mostly Cloudy,12,12,16
06:34:09,Mostly Cloudy,12,12,16
06:36:09,Mostly Cloudy,12,12,16
06:38:08,Mostly Cloudy,12,12,16
06:40:09,Mostly Cloudy,12,12,16
06:42:09,Mostly Cloudy,12,12,16
06:44:08,Mostly Cloudy,12,12,16
06:46:09,Mostly Cloudy,12,12,16
06:48:09,Mostly Cloudy,12,12,16
06:50:09,Mostly Cloudy,12,12,16
06:52:08,Mostly Cloudy,12,12,16
06:54:09,Mostly Cloudy,12,12,16
06:56:09,Mostly Cloudy,12,12,16
06:58:08,Mostly Cloudy,12,12,16
07:00:08,Mostly Cloudy,12,12,16
07:02:09,Mostly Cloudy,12,12,16
07:04:09,Mostly Cloudy,12,12,16
07:06:09,Mostly Cloudy,12,12,16
07:08:08,Mostly Cloudy,12,12,16
07:10:09,Mostly Cloudy,12,12,16
07:12:09,Partly Cloudy,12,12,16
07:14:09,Partly Cloudy,12,12,16
07:16:08,Partly Cloudy,12,12,16
07:18:09,Partly Cloudy,12,12,16
07:20:09,Partly Cloudy,12,12,16
07:22:08,Partly Cloudy,12,12,16
07:24:08,Partly Cloudy,12,12,16
07:26:09,Partly Cloudy,12,12,16
07:28:09,Partly Cloudy,12,12,16
07:30:09,Partly Cloudy,12,12,16
07:32:09,Partly Cloudy,12,12,16
07:34:09,Partly Cloudy,12,12,16
07:36:09,Partly Cloudy,12,12,16
07:38:08,Partly Cloudy,12,12,16
07:40:08,Partly Cloudy,12,12,16
07:42:09,Partly Cloudy,12,12,12
07:44:08,Partly Cloudy,12,12,12
07:46:09,Partly Cloudy,12,12,12
07:48:09,Partly Cloudy,12,12,12
07:50:09,Partly Cloudy,12,12,12
07:52:09,Partly Cloudy,12,12,12
07:54:08,Partly Cloudy,12,12,12
07:56:09,Partly Cloudy,12,12,12
07:58:09,Partly Cloudy,12,12,12
08:00:08,Partly Cloudy,12,12,12
08:02:09,Partly Cloudy,12,12,12
08:04:09,Partly Cloudy,12,12,12
08:06:09,Partly Cloudy,12,12,12
08:08:08,Partly Cloudy,12,12,12
08:10:09,Partly Cloudy,12,12,12
08:12:09,Mostly Cloudy,12,12,12
08:14:08,Mostly Cloudy,12,12,12
08:16:09,Mostly Cloudy,12,12,12
08:18:09,Mostly Cloudy,12,12,12
08:20:08,Mostly Cloudy,12,12,12
08:22:09,Mostly Cloudy,12,12,12
08:24:09,Mostly Cloudy,12,12,12
08:26:09,Mostly Cloudy,12,12,12
08:28:09,Mostly Cloudy,12,12,12
08:30:09,Mostly Cloudy,12,12,12
08:32:09,Mostly Cloudy,12,12,12
08:34:08,Mostly Cloudy,12,12,12
08:36:09,Mostly Cloudy,12,12,12
08:38:09,Mostly Cloudy,12,12,12
08:40:09,Mostly Cloudy,12,12,12
08:42:09,Mostly Cloudy,12,12,12
08:44:08,Mostly Cloudy,12,12,12
08:46:09,Mostly Cloudy,12,12,12
08:48:09,Mostly Cloudy,12,12,14
08:50:09,Mostly Cloudy,12,12,14
08:52:08,Mostly Cloudy,12,12,14
08:54:09,Mostly Cloudy,12,12,14
08:56:09,Mostly Cloudy,12,12,14
08:58:09,Mostly Cloudy,12,12,14
09:00:09,Mostly Cloudy,12,12,14
09:02:08,Mostly Cloudy,12,12,14
09:04:09,Mostly Cloudy,12,12,14
09:06:09,Mostly Cloudy,12,12,14
09:08:08,Mostly Cloudy,12,12,14
09:10:08,Mostly Cloudy,12,12,14
09:12:09,Mostly Cloudy,12,12,14
09:14:09,Mostly Cloudy,12,12,12
09:16:08,Mostly Cloudy,12,12,12
09:18:09,Mostly Cloudy,12,12,12
09:20:08,Mostly Cloudy,12,12,12
09:22:09,Mostly Cloudy,12,12,12
09:24:09,Mostly Cloudy,12,12,12
09:26:08,Mostly Cloudy,12,12,12
09:28:09,Mostly Cloudy,12,12,12
09:30:09,Mostly Cloudy,12,12,12
09:32:08,Mostly Cloudy,12,12,12
09:34:09,Mostly Cloudy,12,12,12
09:36:09,Mostly Cloudy,12,12,12
09:38:08,Mostly Cloudy,12,12,12
09:40:09,Mostly Cloudy,12,12,12
09:42:09,Mostly Cloudy,12,12,12
09:44:09,Mostly Cloudy,13,13,16
09:46:09,Mostly Cloudy,13,13,16
09:48:09,Mostly Cloudy,13,13,16
09:50:09,Mostly Cloudy,13,13,16
09:52:09,Mostly Cloudy,13,13,16
09:54:08,Mostly Cloudy,13,13,16
09:56:09,Mostly Cloudy,13,13,16
09:58:09,Mostly Cloudy,13,13,16
10:00:08,Mostly Cloudy,13,13,16
10:02:09,Mostly Cloudy,13,13,16
10:04:09,Mostly Cloudy,13,13,16
10:06:08,Mostly Cloudy,13,13,16
10:08:09,Mostly Cloudy,13,13,16
10:10:09,Mostly Cloudy,13,13,16
10:12:08,Partly Cloudy,13,13,14
10:14:08,Partly Cloudy,13,13,14
10:16:09,Partly Cloudy,13,13,14
10:18:08,Partly Cloudy,13,13,14
10:20:08,Partly Cloudy,13,13,14
10:22:09,Partly Cloudy,13,13,14
10:24:09,Partly Cloudy,13,13,14
10:26:09,Partly Cloudy,13,13,14
10:28:08,Partly Cloudy,13,13,14
10:30:08,Partly Cloudy,13,13,14
10:32:09,Partly Cloudy,13,13,14
10:34:09,Partly Cloudy,13,13,14
10:36:09,Partly Cloudy,13,13,14
10:38:09,Partly Cloudy,13,13,14
10:40:09,Partly Cloudy,13,13,14
10:42:09,Partly Cloudy,13,13,14
10:44:08,Partly Cloudy,13,13,14
10:46:09,Partly Cloudy,13,13,14
10:48:09,Partly Cloudy,13,13,14
10:50:09,Partly Cloudy,15,15,14
10:52:08,Partly Cloudy,15,15,14
10:54:09,Partly Cloudy,15,15,14
10:56:09,Partly Cloudy,15,15,14
10:58:09,Partly Cloudy,15,15,14
11:00:09,Partly Cloudy,15,15,14
11:02:09,Partly Cloudy,15,15,14
11:04:09,Partly Cloudy,15,15,14
11:06:08,Partly Cloudy,15,15,14
11:08:08,Partly Cloudy,15,15,14
11:10:09,Partly Cloudy,15,15,14
11:12:09,Partly Cloudy,15,15,14
11:14:08,Partly Cloudy,16,16,19
11:16:09,Partly Cloudy,16,16,19
11:18:09,Partly Cloudy,16,16,19
11:20:08,Partly Cloudy,16,16,19
11:22:09,Partly Cloudy,16,16,19
11:24:09,Partly Cloudy,16,16,19
11:26:09,Partly Cloudy,16,16,19
11:28:08,Partly Cloudy,16,16,19
11:30:09,Partly Cloudy,16,16,19
11:32:09,Partly Cloudy,16,16,19
11:34:08,Partly Cloudy,16,16,19
11:36:09,Partly Cloudy,16,16,19
11:38:09,Partly Cloudy,16,16,19
11:40:09,Partly Cloudy,16,16,19
11:42:08,Partly Cloudy,16,16,19
11:44:09,Partly Cloudy,15,15,19
11:46:09,Partly Cloudy,15,15,19
11:48:08,Partly Cloudy,15,15,19
11:50:09,Partly Cloudy,15,15,19
11:52:09,Partly Cloudy,15,15,19
11:54:09,Partly Cloudy,15,15,19
11:56:08,Partly Cloudy,15,15,19
11:58:09,Partly Cloudy,15,15,19
12:00:08,Partly Cloudy,15,15,19
12:02:09,Partly Cloudy,15,15,19
12:04:09,Partly Cloudy,15,15,19
12:06:08,Partly Cloudy,15,15,19
12:08:09,Partly Cloudy,15,15,19
12:10:09,Partly Cloudy,15,15,19
12:12:09,Partly Cloudy,15,15,19
12:14:08,Partly Cloudy,16,16,14
12:16:09,Partly Cloudy,16,16,14
12:18:08,Partly Cloudy,16,16,14
12:20:08,Partly Cloudy,16,16,14
12:22:09,Partly Cloudy,16,16,14
12:24:09,Partly Cloudy,16,16,14
12:26:08,Partly Cloudy,16,16,14
12:28:09,Partly Cloudy,16,16,14
12:30:09,Partly Cloudy,16,16,14
12:32:08,Partly Cloudy,16,16,14
12:34:09,Partly Cloudy,16,16,14
12:36:09,Partly Cloudy,16,16,14
12:38:08,Partly Cloudy,16,16,14
12:40:09,Partly Cloudy,16,16,14
12:42:09,Partly Cloudy,16,16,14
12:44:09,Partly Cloudy,16,16,11
12:46:09,Partly Cloudy,16,16,11
12:48:09,Partly Cloudy,16,16,11
12:50:09,Partly Cloudy,16,16,11
12:52:08,Partly Cloudy,16,16,11
12:54:09,Partly Cloudy,16,16,11
12:56:09,Partly Cloudy,16,16,11
12:58:08,Partly Cloudy,16,16,11
13:00:09,Partly Cloudy,16,16,11
13:02:09,Partly Cloudy,16,16,11
13:04:08,Partly Cloudy,16,16,11
13:06:08,Partly Cloudy,16,16,11
13:08:09,Mostly Cloudy,17,17,16
13:10:09,Mostly Cloudy,17,17,16
13:12:09,Mostly Cloudy,17,17,16
13:14:09,Mostly Cloudy,17,17,16
13:16:09,Mostly Cloudy,17,17,16
13:18:09,Mostly Cloudy,17,17,16
13:20:09,Mostly Cloudy,17,17,16
13:22:09,Mostly Cloudy,17,17,16
13:24:09,Mostly Cloudy,17,17,16
13:26:08,Mostly Cloudy,17,17,16
13:28:09,Mostly Cloudy,17,17,16
13:30:09,Mostly Cloudy,17,17,16
13:32:09,Mostly Cloudy,17,17,16
13:34:08,Mostly Cloudy,17,17,16
13:36:09,Mostly Cloudy,17,17,16
13:38:09,Mostly Cloudy,17,17,16
13:40:09,Mostly Cloudy,17,17,16
13:42:08,Mostly Cloudy,17,17,16
13:44:08,Partly Cloudy,16,16,11
13:46:09,Partly Cloudy,16,16,11
13:48:09,Partly Cloudy,16,16,11
13:50:08,Partly Cloudy,16,16,11
13:52:08,Partly Cloudy,16,16,11
13:54:09,Partly Cloudy,16,16,11
13:56:09,Partly Cloudy,16,16,11
13:58:08,Partly Cloudy,16,16,11
14:00:09,Partly Cloudy,16,16,11
14:02:09,Partly Cloudy,16,16,11
14:04:08,Partly Cloudy,16,16,11
14:06:08,Partly Cloudy,16,16,11
14:08:09,Partly Cloudy,16,16,11
14:10:09,Partly Cloudy,16,16,11
14:12:09,Partly Cloudy,16,16,11
14:14:09,Partly Cloudy,17,17,14
14:16:09,Partly Cloudy,17,17,14
14:18:09,Partly Cloudy,17,17,14
14:20:09,Partly Cloudy,17,17,14
14:22:09,Partly Cloudy,17,17,14
14:24:08,Partly Cloudy,17,17,14
14:26:09,Partly Cloudy,17,17,14
14:28:09,Partly Cloudy,17,17,14
14:30:09,Partly Cloudy,17,17,14
14:32:09,Partly Cloudy,17,17,14
14:34:08,Partly Cloudy,17,17,14
14:36:08,Partly Cloudy,17,17,14
14:38:09,Partly Cloudy,17,17,14
14:40:09,Partly Cloudy,17,17,14
14:42:09,Partly Cloudy,17,17,14
14:44:08,Partly Cloudy,17,17,16
14:46:09,Partly Cloudy,17,17,16
14:48:09,Partly Cloudy,17,17,16
14:50:09,Partly Cloudy,17,17,16
14:52:08,Partly Cloudy,17,17,16
14:54:08,Partly Cloudy,17,17,16
14:56:09,Partly Cloudy,17,17,16
14:58:09,Partly Cloudy,17,17,16
15:00:09,Partly Cloudy,17,17,16
15:02:08,Partly Cloudy,17,17,16
15:04:09,Partly Cloudy,17,17,16
15:06:09,Partly Cloudy,17,17,16
15:08:09,Partly Cloudy,17,17,16
15:10:09,Partly Cloudy,17,17,16
15:12:08,Partly Cloudy,16,16,12
15:14:09,Partly Cloudy,16,16,12
15:16:09,Partly Cloudy,16,16,12
15:18:09,Partly Cloudy,16,16,12
15:20:09,Partly Cloudy,16,16,12
15:22:09,Partly Cloudy,16,16,12
15:24:08,Partly Cloudy,16,16,12
15:26:09,Partly Cloudy,16,16,12
15:28:09,Partly Cloudy,16,16,12
15:30:09,Partly Cloudy,16,16,12
15:32:08,Partly Cloudy,16,16,12
15:34:09,Partly Cloudy,16,16,12
15:36:09,Partly Cloudy,16,16,12
15:38:08,Partly Cloudy,16,16,12
15:40:09,Partly Cloudy,16,16,12
15:42:09,Partly Cloudy,16,16,12
15:44:09,Partly Cloudy,16,16,12
15:46:09,Partly Cloudy,16,16,12
15:48:09,Partly Cloudy,16,16,9
15:50:08,Partly Cloudy,16,16,9
15:52:08,Partly Cloudy,16,16,9
15:54:09,Partly Cloudy,16,16,9
15:56:09,Partly Cloudy,16,16,9
15:58:08,Partly Cloudy,16,16,9
16:00:08,Partly Cloudy,16,16,9
16:02:09,Partly Cloudy,16,16,9
16:04:09,Partly Cloudy,16,16,9
16:06:09,Partly Cloudy,16,16,9
16:08:09,Partly Cloudy,16,16,9
16:10:09,Partly Cloudy,16,16,9
16:12:09,Partly Cloudy,17,17,14
16:14:09,Partly Cloudy,17,17,14
16:16:09,Partly Cloudy,17,17,14
16:18:08,Partly Cloudy,17,17,14
16:20:09,Partly Cloudy,17,17,14
16:22:09,Partly Cloudy,17,17,14
16:24:09,Partly Cloudy,17,17,14
16:26:08,Partly Cloudy,17,17,14
16:28:09,Partly Cloudy,17,17,14
16:30:09,Partly Cloudy,17,17,14
16:32:09,Partly Cloudy,17,17,14
16:34:08,Partly Cloudy,17,17,14
16:36:09,Partly Cloudy,17,17,14
16:38:09,Mostly Cloudy,17,17,4
16:40:08,Mostly Cloudy,17,17,4
16:42:09,Mostly Cloudy,17,17,4
16:44:09,Mostly Cloudy,17,17,4
16:46:08,Mostly Cloudy,17,17,4
16:48:08,Mostly Cloudy,17,17,4
16:50:09,Mostly Cloudy,17,17,4
16:52:09,Mostly Cloudy,17,17,4
16:54:09,Mostly Cloudy,17,17,4
16:56:08,Mostly Cloudy,17,17,4
16:58:09,Mostly Cloudy,17,17,4
17:00:09,Mostly Cloudy,17,17,4
17:02:08,Mostly Cloudy,17,17,4
17:04:09,Mostly Cloudy,17,17,4
17:06:08,Mostly Cloudy,17,17,4
17:08:09,Mostly Cloudy,17,17,4
17:10:09,Mostly Cloudy,17,17,4
17:12:09,Mostly Cloudy,17,17,4
17:14:08,Mostly Cloudy,17,17,4
17:16:09,Mostly Cloudy,17,17,4
17:18:09,Mostly Cloudy,17,17,4
17:20:09,Mostly Cloudy,17,17,4
17:22:09,Mostly Cloudy,17,17,4
17:24:08,Mostly Cloudy,17,17,4
17:26:09,Mostly Cloudy,17,17,4
17:28:09,Mostly Cloudy,17,17,4
17:30:08,Mostly Cloudy,17,17,4
17:32:09,Mostly Cloudy,17,17,4
17:34:09,Mostly Cloudy,17,17,4
17:36:08,Mostly Cloudy,17,17,4
17:38:09,Mostly Cloudy,17,17,4
17:40:09,Mostly Cloudy,17,17,4
17:42:09,Mostly Cloudy,17,17,4
17:44:08,Mostly Cloudy,17,17,4
17:46:09,Mostly Cloudy,17,17,4
17:48:09,Mostly Cloudy,17,17,4
17:50:09,Mostly Cloudy,17,17,4
17:52:09,Mostly Cloudy,17,17,4
17:54:09,Mostly Cloudy,17,17,4
17:56:09,Mostly Cloudy,17,17,4
17:58:08,Mostly Cloudy,17,17,4
18:00:09,Mostly Cloudy,17,17,4
18:02:09,Mostly Cloudy,17,17,4
18:04:09,Mostly Cloudy,17,17,4
18:06:08,Mostly Cloudy,17,17,4
18:08:09,Mostly Cloudy,17,17,4
18:10:09,Mostly Cloudy,17,17,4
18:12:08,Mostly Cloudy,17,17,4
18:14:09,Mostly Cloudy,17,17,14
18:16:09,Mostly Cloudy,17,17,14
18:18:08,Mostly Cloudy,17,17,14
18:20:09,Mostly Cloudy,17,17,14
18:22:09,Mostly Cloudy,17,17,14
18:24:09,Mostly Cloudy,17,17,14
18:28:09,Mostly Cloudy,17,17,14
18:30:09,Mostly Cloudy,17,17,14
18:32:09,Mostly Cloudy,17,17,14
18:34:09,Mostly Cloudy,17,17,14
18:36:08,Mostly Cloudy,17,17,14
18:38:08,Mostly Cloudy,17,17,14
18:40:08,Mostly Cloudy,17,17,14
18:42:09,Mostly Cloudy,17,17,14
18:44:09,Mostly Cloudy,17,17,14
18:46:08,Mostly Cloudy,17,17,14
18:48:09,Mostly Cloudy,17,17,14
18:50:09,Mostly Cloudy,17,17,14
18:52:09,Mostly Cloudy,17,17,14
18:54:08,Mostly Cloudy,17,17,14
18:56:09,Mostly Cloudy,17,17,14
18:58:09,Mostly Cloudy,17,17,14
19:00:09,Mostly Cloudy,17,17,14
19:02:08,Mostly Cloudy,17,17,14
19:04:09,Mostly Cloudy,17,17,14
19:06:09,Mostly Cloudy,17,17,14
19:08:09,Mostly Cloudy,17,17,14
19:10:08,Mostly Cloudy,17,17,14
19:12:08,Mostly Cloudy,17,17,14
19:14:09,Mostly Cloudy,16,16,4
19:16:09,Mostly Cloudy,16,16,4
19:18:09,Mostly Cloudy,16,16,4
19:20:09,Mostly Cloudy,16,16,4
19:22:09,Mostly Cloudy,16,16,4
19:24:08,Mostly Cloudy,16,16,4
19:26:08,Mostly Cloudy,16,16,4
19:28:09,Mostly Cloudy,16,16,4
19:30:08,Mostly Cloudy,16,16,4
19:32:09,Mostly Cloudy,16,16,4
19:34:09,Mostly Cloudy,16,16,4
19:36:09,Mostly Cloudy,16,16,4
19:38:08,Mostly Cloudy,16,16,4
19:40:09,Mostly Cloudy,16,16,4
19:42:08,Mostly Cloudy,16,16,4
19:44:08,Mostly Cloudy,16,16,4
19:46:09,Mostly Cloudy,16,16,4
19:48:09,Mostly Cloudy,16,16,4
19:50:08,Mostly Cloudy,16,16,4
19:52:08,Mostly Cloudy,16,16,4
19:54:09,Mostly Cloudy,16,16,4
19:56:09,Mostly Cloudy,16,16,4
19:58:09,Mostly Cloudy,16,16,4
20:00:09,Mostly Cloudy,16,16,4
20:02:09,Mostly Cloudy,16,16,4
20:04:08,Mostly Cloudy,16,16,4
20:06:09,Mostly Cloudy,16,16,4
20:08:09,Mostly Cloudy,16,16,4
20:10:09,Mostly Cloudy,16,16,4
20:12:08,Mostly Cloudy,16,16,4
20:14:09,Mostly Cloudy,16,16,4
20:16:09,Mostly Cloudy,13,13,8
20:18:08,Mostly Cloudy,13,13,8
20:20:08,Mostly Cloudy,13,13,8
20:22:09,Mostly Cloudy,13,13,8
20:24:09,Mostly Cloudy,13,13,8
20:26:09,Mostly Cloudy,13,13,8
20:28:09,Mostly Cloudy,13,13,8
20:30:08,Mostly Cloudy,13,13,8
20:32:09,Mostly Cloudy,13,13,8
20:34:09,Mostly Cloudy,13,13,8
20:36:08,Mostly Cloudy,13,13,8
20:38:09,Mostly Cloudy,13,13,8
20:40:09,Mostly Cloudy,13,13,8
20:42:08,Mostly Cloudy,13,13,8
20:44:09,Mostly Cloudy,13,13,8
20:46:08,Mostly Cloudy,13,13,8
20:48:09,Mostly Cloudy,13,13,8
20:50:09,Mostly Cloudy,13,13,8
20:52:08,Mostly Cloudy,13,13,8
20:54:09,Mostly Cloudy,13,13,8
20:56:08,Mostly Cloudy,13,13,8
20:58:09,Mostly Cloudy,13,13,8
21:00:09,Mostly Cloudy,13,13,8
21:02:09,Mostly Cloudy,13,13,8
21:04:09,Mostly Cloudy,13,13,8
21:06:09,Mostly Cloudy,13,13,8
21:08:08,Mostly Cloudy,13,13,8
21:10:09,Mostly Cloudy,13,13,8
21:12:09,Mostly Cloudy,13,13,8
21:14:08,Mostly Cloudy,13,13,12
21:16:08,Mostly Cloudy,13,13,12
21:18:09,Mostly Cloudy,13,13,12
21:20:09,Mostly Cloudy,13,13,12
21:22:08,Mostly Cloudy,13,13,12
21:24:09,Mostly Cloudy,13,13,12
21:26:09,Mostly Cloudy,13,13,12
21:28:09,Mostly Cloudy,13,13,12
21:30:09,Mostly Cloudy,13,13,12
21:32:09,Mostly Cloudy,13,13,12
21:34:09,Mostly Cloudy,13,13,12
21:36:08,Mostly Cloudy,13,13,12
21:38:09,Mostly Cloudy,13,13,12
21:40:09,Mostly Cloudy,13,13,12
21:42:08,Mostly Cloudy,13,13,12
21:44:08,Mostly Cloudy,13,13,12
21:46:09,Mostly Cloudy,13,13,12
21:48:09,Mostly Cloudy,13,13,12
21:50:09,Mostly Cloudy,13,13,12
21:52:08,Mostly Cloudy,13,13,12
21:54:09,Mostly Cloudy,13,13,12
21:56:09,Mostly Cloudy,13,13,12
21:58:08,Mostly Cloudy,13,13,12
22:00:08,Mostly Cloudy,13,13,12
22:02:09,Mostly Cloudy,13,13,12
22:04:09,Mostly Cloudy,13,13,12
22:06:08,Mostly Cloudy,13,13,12
22:08:09,Mostly Cloudy,13,13,12
22:10:09,Mostly Cloudy,13,13,12
22:12:09,Mostly Cloudy,12,12,11
22:14:09,Mostly Cloudy,12,12,11
22:16:09,Mostly Cloudy,12,12,11
22:18:08,Mostly Cloudy,12,12,11
22:20:09,Mostly Cloudy,12,12,11
22:22:09,Mostly Cloudy,12,12,11
22:24:09,Mostly Cloudy,12,12,11
22:26:08,Mostly Cloudy,12,12,11
22:28:09,Mostly Cloudy,12,12,11
22:30:09,Mostly Cloudy,12,12,11
22:32:08,Mostly Cloudy,12,12,11
22:34:09,Mostly Cloudy,12,12,11
22:36:09,Mostly Cloudy,12,12,11
22:38:09,Mostly Cloudy,12,12,11
22:40:08,Mostly Cloudy,12,12,11
22:42:08,Mostly Cloudy,12,12,11
22:44:09,Mostly Cloudy,12,12,11
22:46:09,Mostly Cloudy,12,12,11
22:48:09,Mostly Cloudy,12,12,11
22:50:08,Mostly Cloudy,12,12,11
22:52:09,Mostly Cloudy,12,12,11
22:54:09,Mostly Cloudy,12,12,11
22:56:08,Mostly Cloudy,12,12,11
22:58:08,Mostly Cloudy,12,12,11
23:00:09,Mostly Cloudy,12,12,11
23:02:09,Mostly Cloudy,12,12,11
23:04:08,Mostly Cloudy,12,12,11
23:06:09,Mostly Cloudy,12,12,11
23:08:09,Mostly Cloudy,12,12,11
23:10:09,Mostly Cloudy,12,12,11
23:12:09,Mostly Cloudy,12,12,11
23:14:09,Mostly Cloudy,12,12,11
23:16:09,Mostly Cloudy,12,12,11
23:18:08,Partly Cloudy,10,10,3
23:20:08,Partly Cloudy,10,10,3
23:22:09,Partly Cloudy,10,10,3
23:24:09,Partly Cloudy,10,10,3
23:26:09,Partly Cloudy,10,10,3
23:28:08,Partly Cloudy,10,10,3
23:30:09,Partly Cloudy,10,10,3
23:32:09,Partly Cloudy,10,10,3
23:34:09,Partly Cloudy,10,10,3
23:36:08,Partly Cloudy,10,10,3
23:38:09,Partly Cloudy,10,10,3
23:40:09,Partly Cloudy,10,10,3
23:42:08,Partly Cloudy,10,10,3
23:44:09,Partly Cloudy,10,10,3
23:46:09,Partly Cloudy,10,10,3
23:48:09,Partly Cloudy,10,10,3
23:50:08,Partly Cloudy,10,10,3
23:52:09,Partly Cloudy,10,10,3
23:54:09,Partly Cloudy,10,10,3
23:56:08,Partly Cloudy,10,10,3
23:58:08,Partly Cloudy,10,10,3
