Time,Weather,Temperature,Feels_Like,Wind_Speed
00:00:09,Mostly Cloudy,13,13,4
00:02:09,Mostly Cloudy,13,13,4
00:04:08,Mostly Cloudy,13,13,4
00:06:08,Mostly Cloudy,13,13,4
00:08:09,Mostly Cloudy,13,13,4
00:10:09,Mostly Cloudy,13,13,4
00:12:08,Mostly Cloudy,15,15,14
00:14:09,Mostly Cloudy,15,15,14
00:16:09,Mostly Cloudy,15,15,14
00:18:08,Mostly Cloudy,15,15,14
00:20:09,Mostly Cloudy,15,15,14
00:22:09,Mostly Cloudy,15,15,14
00:24:09,Mostly Cloudy,15,15,14
00:26:08,Mostly Cloudy,15,15,14
00:28:09,Mostly Cloudy,15,15,14
00:30:09,Mostly Cloudy,15,15,14
00:32:08,Mostly Cloudy,15,15,14
00:34:08,Mostly Cloudy,15,15,14
00:36:09,Mostly Cloudy,15,15,14
00:38:08,Mostly Cloudy,15,15,14
00:40:09,Mostly Cloudy,15,15,14
00:42:09,Mostly Cloudy,15,15,14
00:44:08,Mostly Cloudy,15,15,14
00:46:09,Mostly Cloudy,15,15,14
00:48:09,Mostly Cloudy,15,15,14
00:50:08,Mostly Cloudy,15,15,14
00:52:09,Mostly Cloudy,15,15,14
00:54:09,Mostly Cloudy,15,15,14
00:56:08,Mostly Cloudy,15,15,14
00:58:09,Mostly Cloudy,15,15,14
01:00:17,Mostly Cloudy,15,15,14
01:02:09,Mostly Cloudy,15,15,14
01:04:09,Mostly Cloudy,15,15,14
01:06:08,Mostly Cloudy,15,15,14
01:08:09,Mostly Cloudy,15,15,14
01:10:09,Mostly Cloudy,15,15,14
01:12:09,Mostly Cloudy,15,15,14
01:14:09,Mostly Cloudy,15,15,11
01:16:09,Mostly Cloudy,15,15,11
01:18:09,Mostly Cloudy,15,15,11
01:20:09,Mostly Cloudy,15,15,11
01:22:08,Mostly Cloudy,15,15,11
01:24:08,Mostly Cloudy,15,15,11
01:26:09,Mostly Cloudy,15,15,11
01:28:09,Mostly Cloudy,15,15,11
01:30:08,Mostly Cloudy,15,15,11
01:32:09,Mostly Cloudy,15,15,11
01:34:09,Mostly Cloudy,15,15,11
01:36:08,Mostly Cloudy,15,15,11
01:38:09,Mostly Cloudy,15,15,11
01:40:09,Mostly Cloudy,15,15,11
01:42:08,Mostly Cloudy,15,15,11
01:44:09,Mostly Cloudy,15,15,11
01:46:09,Mostly Cloudy,15,15,11
01:48:09,Mostly Cloudy,15,15,11
01:50:09,Mostly Cloudy,15,15,11
01:52:09,Mostly Cloudy,15,15,11
01:54:08,Mostly Cloudy,15,15,11
01:56:08,Mostly Cloudy,15,15,11
01:58:09,Mostly Cloudy,15,15,11
02:00:09,Mostly Cloudy,15,15,11
02:02:08,Mostly Cloudy,15,15,11
02:04:08,Mostly Cloudy,15,15,11
02:06:09,Mostly Cloudy,15,15,11
02:08:08,Mostly Cloudy,15,15,11
02:10:09,Mostly Cloudy,15,15,11
02:12:09,Mostly Cloudy,15,15,11
02:14:08,Mostly Cloudy,15,15,11
02:16:08,Mostly Cloudy,15,15,16
02:18:09,Mostly Cloudy,15,15,16
02:20:08,Mostly Cloudy,15,15,16
02:22:09,Mostly Cloudy,15,15,16
02:24:08,Mostly Cloudy,15,15,16
02:26:09,Mostly Cloudy,15,15,16
02:28:08,Mostly Cloudy,15,15,16
02:30:09,Mostly Cloudy,15,15,16
02:32:09,Mostly Cloudy,15,15,16
02:34:09,Mostly Cloudy,15,15,16
02:36:09,Mostly Cloudy,15,15,16
02:38:09,Mostly Cloudy,15,15,16
02:40:08,Mostly Cloudy,15,15,16
02:42:09,Mostly Cloudy,15,15,16
02:44:08,Mostly Cloudy,15,15,16
02:46:09,Mostly Cloudy,15,15,16
02:48:09,Mostly Cloudy,15,15,16
02:50:09,Mostly Cloudy,15,15,16
02:52:09,Mostly Cloudy,15,15,16
02:54:09,Mostly Cloudy,15,15,16
02:56:08,Mostly Cloudy,15,15,16
02:58:09,Mostly Cloudy,15,15,16
03:00:09,Mostly Cloudy,15,15,16
03:02:08,Mostly Cloudy,15,15,16
03:04:09,Mostly Cloudy,15,15,16
03:06:09,Mostly Cloudy,15,15,16
03:08:09,Mostly Cloudy,15,15,16
03:10:09,Mostly Cloudy,15,15,16
03:12:08,Mostly Cloudy,13,13,16
03:14:09,Mostly Cloudy,13,13,16
03:16:09,Mostly Cloudy,13,13,16
03:18:08,Mostly Cloudy,13,13,16
03:20:08,Mostly Cloudy,13,13,16
03:22:09,Mostly Cloudy,13,13,16
03:24:09,Mostly Cloudy,13,13,16
03:26:09,Mostly Cloudy,13,13,16
03:28:09,Mostly Cloudy,13,13,16
03:30:09,Mostly Cloudy,13,13,16
03:32:09,Mostly Cloudy,13,13,16
03:34:09,Mostly Cloudy,13,13,16
03:36:09,Mostly Cloudy,13,13,16
03:38:08,Mostly Cloudy,13,13,16
03:40:09,Mostly Cloudy,13,13,16
03:42:09,Mostly Cloudy,13,13,16
03:44:08,Mostly Cloudy,13,13,16
03:46:09,Mostly Cloudy,13,13,16
03:48:09,Mostly Cloudy,13,13,16
03:50:08,Mostly Cloudy,13,13,16
03:52:09,Mostly Cloudy,13,13,16
03:54:09,Mostly Cloudy,13,13,16
03:56:08,Mostly Cloudy,13,13,16
03:58:09,Mostly Cloudy,13,13,16
04:00:09,Mostly Cloudy,13,13,16
04:02:08,Mostly Cloudy,13,13,16
04:04:09,Mostly Cloudy,13,13,16
04:06:09,Mostly Cloudy,13,13,16
04:08:08,Mostly Cloudy,13,13,16
04:10:09,Mostly Cloudy,13,13,16
04:12:09,Mostly Cloudy,13,13,16
04:14:09,Mostly Cloudy,13,13,16
04:16:08,Showers in the Vicinity,15,15,25
04:18:09,Showers in the Vicinity,15,15,25
04:20:09,Showers in the Vicinity,15,15,25
04:22:09,Showers in the Vicinity,15,15,25
04:24:09,Showers in the Vicinity,15,15,25
04:26:08,Showers in the Vicinity,15,15,25
04:28:09,Showers in the Vicinity,15,15,25
04:30:09,Showers in the Vicinity,15,15,25
04:32:08,Showers in the Vicinity,15,15,25
04:34:08,Showers in the Vicinity,15,15,25
04:36:09,Showers in the Vicinity,15,15,25
04:38:09,Showers in the Vicinity,15,15,25
04:40:09,Showers in the Vicinity,15,15,25
04:42:09,Showers in the Vicinity,15,15,25
04:44:09,Showers in the Vicinity,15,15,25
04:46:09,Showers in the Vicinity,15,15,25
04:48:08,Showers in the Vicinity,15,15,25
04:50:09,Showers in the Vicinity,15,15,25
04:52:09,Showers in the Vicinity,15,15,25
04:54:09,Showers in the Vicinity,15,15,25
04:56:09,Showers in the Vicinity,15,15,25
04:58:09,Showers in the Vicinity,15,15,25
05:00:08,Showers in the Vicinity,15,15,25
05:02:09,Showers in the Vicinity,15,15,25
05:04:09,Showers in the Vicinity,15,15,25
05:06:09,Showers in the Vicinity,15,15,25
05:08:09,Showers in the Vicinity,15,15,25
05:10:08,Showers in the Vicinity,15,15,25
05:12:09,Showers in the Vicinity,15,15,25
05:14:09,Showers in the Vicinity,15,15,25
05:16:09,Showers in the Vicinity,15,15,25
05:18:08,Light Rain,15,15,27
05:20:09,Light Rain,15,15,27
05:22:09,Light Rain,15,15,27
05:24:09,Light Rain,15,15,27
05:26:08,Light Rain,15,15,27
05:28:09,Light Rain,15,15,27
05:30:09,Light Rain,15,15,27
05:32:08,Light Rain,15,15,27
05:34:09,Light Rain,15,15,27
05:36:09,Light Rain,15,15,27
05:38:09,Light Rain,15,15,27
05:40:08,Light Rain,15,15,27
05:42:09,Light Rain,15,15,27
05:44:09,Light Rain,15,15,27
05:46:08,Light Rain,15,15,27
05:48:09,Light Rain,15,15,27
05:50:09,Light Rain,15,15,27
05:52:09,Light Rain,15,15,27
05:54:08,Light Rain,15,15,27
05:56:09,Light Rain,15,15,27
05:58:09,Light Rain,15,15,27
06:00:08,Light Rain,15,15,27
06:02:09,Light Rain,15,15,27
06:04:09,Light Rain,15,15,27
06:06:08,Light Rain,15,15,27
06:08:09,Mostly Cloudy,15,15,25
06:10:09,Mostly Cloudy,15,15,25
06:12:08,Mostly Cloudy,15,15,25
06:14:09,Mostly Cloudy,15,15,25
06:16:09,Mostly Cloudy,15,15,25
06:18:09,Mostly Cloudy,15,15,25
06:20:08,Mostly Cloudy,15,15,25
06:22:09,Mostly Cloudy,15,15,25
06:24:09,Mostly Cloudy,15,15,25
06:26:08,Mostly Cloudy,15,15,25
06:28:09,Mostly Cloudy,15,15,25
06:30:09,Mostly Cloudy,15,15,25
06:32:09,Mostly Cloudy,15,15,25
06:34:09,Mostly Cloudy,15,15,25
06:36:08,Mostly Cloudy,15,15,25
06:38:09,Mostly Cloudy,15,15,25
06:40:09,Mostly Cloudy,15,15,25
06:42:09,Mostly Cloudy,15,15,25
06:44:08,Mostly Cloudy,15,15,25
06:46:09,Mostly Cloudy,15,15,25
06:48:09,Mostly Cloudy,15,15,25
06:50:08,Mostly Cloudy,15,15,25
06:52:09,Mostly Cloudy,15,15,25
06:54:09,Mostly Cloudy,15,15,25
06:56:08,Mostly Cloudy,15,15,25
06:58:09,Mostly Cloudy,15,15,25
07:00:09,Mostly Cloudy,15,15,25
07:02:09,Mostly Cloudy,15,15,25
07:04:09,Mostly Cloudy,15,15,25
07:06:09,Mostly Cloudy,15,15,25
07:08:08,Mostly Cloudy,15,15,25
07:10:09,Mostly Cloudy,15,15,25
07:12:08,Mostly Cloudy,15,15,25
07:14:09,Mostly Cloudy,15,15,27
07:16:09,Mostly Cloudy,15,15,27
07:18:08,Mostly Cloudy,15,15,27
07:20:09,Mostly Cloudy,15,15,27
07:22:08,Mostly Cloudy,15,15,27
07:24:09,Mostly Cloudy,15,15,27
07:26:08,Mostly Cloudy,15,15,27
07:28:09,Mostly Cloudy,15,15,27
07:30:08,Mostly Cloudy,15,15,27
07:32:09,Mostly Cloudy,15,15,27
07:34:09,Mostly Cloudy,15,15,27
07:36:09,Mostly Cloudy,15,15,27
07:38:08,Mostly Cloudy,15,15,27
07:40:09,Mostly Cloudy,15,15,27
07:42:08,Mostly Cloudy,16,16,27
07:44:08,Mostly Cloudy,16,16,27
07:46:09,Mostly Cloudy,16,16,27
07:48:08,Mostly Cloudy,16,16,27
07:50:09,Mostly Cloudy,16,16,27
07:52:09,Mostly Cloudy,16,16,27
07:54:08,Mostly Cloudy,16,16,27
07:56:09,Mostly Cloudy,16,16,27
07:58:09,Mostly Cloudy,16,16,27
08:00:08,Mostly Cloudy,16,16,27
08:02:09,Mostly Cloudy,16,16,27
08:04:09,Mostly Cloudy,16,16,27
08:06:09,Mostly Cloudy,16,16,27
08:08:09,Mostly Cloudy,16,16,27
08:10:09,Mostly Cloudy,16,16,27
08:12:09,Mostly Cloudy,16,16,27
08:14:09,Mostly Cloudy,16,16,27
08:16:09,Mostly Cloudy,16,16,22
08:18:09,Mostly Cloudy,16,16,22
08:20:09,Mostly Cloudy,16,16,22
08:22:08,Mostly Cloudy,16,16,22
08:24:09,Mostly Cloudy,16,16,22
08:26:09,Mostly Cloudy,16,16,22
08:28:08,Mostly Cloudy,16,16,22
08:30:09,Mostly Cloudy,16,16,22
08:32:09,Mostly Cloudy,16,16,22
08:34:09,Mostly Cloudy,16,16,22
08:36:09,Mostly Cloudy,16,16,22
08:38:09,Mostly Cloudy,16,16,22
08:40:08,Mostly Cloudy,16,16,22
08:42:09,Mostly Cloudy,16,16,22
08:44:09,Mostly Cloudy,17,17,24
08:46:09,Mostly Cloudy,17,17,24
08:48:08,Mostly Cloudy,17,17,24
08:50:09,Mostly Cloudy,17,17,24
08:52:08,Mostly Cloudy,17,17,24
08:54:09,Mostly Cloudy,17,17,24
08:56:09,Mostly Cloudy,17,17,24
08:58:08,Mostly Cloudy,17,17,24
09:00:09,Mostly Cloudy,17,17,24
09:02:09,Mostly Cloudy,17,17,24
09:04:09,Mostly Cloudy,17,17,24
09:06:09,Mostly Cloudy,17,17,24
09:08:09,Mostly Cloudy,17,17,24
09:10:09,Mostly Cloudy,17,17,24
09:12:08,Mostly Cloudy,17,17,24
09:14:09,Mostly Cloudy,17,17,24
09:16:09,Mostly Cloudy,17,17,24
09:18:08,Mostly Cloudy,17,17,24
09:20:09,Mostly Cloudy,17,17,22
09:22:08,Mostly Cloudy,17,17,22
09:24:09,Mostly Cloudy,17,17,22
09:26:09,Mostly Cloudy,17,17,22
09:28:09,Mostly Cloudy,17,17,22
09:30:09,Mostly Cloudy,17,17,22
09:32:08,Mostly Cloudy,17,17,22
09:34:09,Mostly Cloudy,17,17,22
09:36:09,Mostly Cloudy,17,17,22
09:38:09,Mostly Cloudy,17,17,22
09:40:09,Mostly Cloudy,17,17,22
09:42:09,Mostly Cloudy,17,17,22
09:44:09,Light Rain,17,17,28
09:46:09,Light Rain,17,17,28
09:48:09,Light Rain,17,17,28
09:50:09,Light Rain,17,17,28
09:52:09,Light Rain,17,17,28
09:54:08,Light Rain,17,17,28
09:56:09,Light Rain,17,17,28
09:58:09,Light Rain,17,17,28
10:00:08,Light Rain,17,17,28
10:02:09,Light Rain,17,17,28
10:04:09,Light Rain,17,17,28
10:06:09,Light Rain,17,17,28
10:08:09,Light Rain,17,17,28
10:10:09,Light Rain,17,17,28
10:12:08,Mostly Cloudy,17,17,27
10:14:09,Mostly Cloudy,17,17,27
10:16:09,Mostly Cloudy,17,17,27
10:18:09,Mostly Cloudy,17,17,27
10:20:09,Mostly Cloudy,17,17,27
10:22:09,Mostly Cloudy,17,17,27
10:24:09,Mostly Cloudy,17,17,27
10:26:09,Mostly Cloudy,17,17,27
10:28:08,Mostly Cloudy,17,17,27
10:30:09,Mostly Cloudy,17,17,27
10:32:09,Mostly Cloudy,17,17,27
10:34:08,Mostly Cloudy,17,17,27
10:36:09,Mostly Cloudy,17,17,27
10:38:09,Mostly Cloudy,17,17,27
10:40:08,Mostly Cloudy,17,17,28
10:42:09,Mostly Cloudy,17,17,28
10:44:09,Mostly Cloudy,17,17,28
10:46:08,Mostly Cloudy,17,17,28
10:48:09,Mostly Cloudy,17,17,28
10:50:09,Mostly Cloudy,17,17,28
10:52:08,Mostly Cloudy,17,17,28
10:54:09,Mostly Cloudy,17,17,28
10:56:09,Mostly Cloudy,17,17,28
10:58:08,Mostly Cloudy,17,17,28
11:00:09,Mostly Cloudy,17,17,28
11:02:09,Mostly Cloudy,17,17,28
11:04:08,Mostly Cloudy,17,17,28
11:06:09,Mostly Cloudy,17,17,28
11:08:09,Mostly Cloudy,17,17,28
11:10:08,Mostly Cloudy,17,17,28
11:12:09,Mostly Cloudy,17,17,28
11:14:09,Mostly Cloudy,17,17,28
11:16:09,Mostly Cloudy,17,17,27
11:18:08,Mostly Cloudy,17,17,27
11:20:09,Mostly Cloudy,17,17,27
11:22:09,Mostly Cloudy,17,17,27
11:24:08,Mostly Cloudy,17,17,27
11:26:09,Mostly Cloudy,17,17,27
11:28:09,Mostly Cloudy,17,17,27
11:30:09,Mostly Cloudy,17,17,27
11:32:08,Mostly Cloudy,17,17,27
11:34:08,Mostly Cloudy,17,17,27
11:36:09,Mostly Cloudy,17,17,27
11:38:09,Mostly Cloudy,17,17,27
11:40:09,Mostly Cloudy,17,17,27
11:42:09,Mostly Cloudy,17,17,27
11:44:08,Mostly Cloudy,17,17,27
11:46:09,Mostly Cloudy,17,17,27
11:48:09,Mostly Cloudy,17,17,27
11:50:09,Mostly Cloudy,17,17,27
11:52:09,Mostly Cloudy,17,17,27
11:54:09,Mostly Cloudy,17,17,27
11:56:08,Mostly Cloudy,17,17,27
11:58:09,Mostly Cloudy,17,17,27
12:00:09,Mostly Cloudy,17,17,27
12:02:09,Mostly Cloudy,17,17,27
12:04:09,Mostly Cloudy,17,17,27
12:06:08,Mostly Cloudy,17,17,27
12:08:09,Mostly Cloudy,17,17,27
12:10:09,Mostly Cloudy,17,17,27
12:12:08,Mostly Cloudy,17,17,25
12:14:09,Mostly Cloudy,17,17,25
12:16:09,Mostly Cloudy,17,17,25
12:18:09,Mostly Cloudy,17,17,25
12:20:08,Mostly Cloudy,17,17,25
12:22:09,Mostly Cloudy,17,17,25
12:24:09,Mostly Cloudy,17,17,25
12:26:09,Mostly Cloudy,17,17,25
12:28:09,Mostly Cloudy,17,17,25
12:30:08,Mostly Cloudy,17,17,25
12:32:09,Mostly Cloudy,17,17,25
12:34:08,Mostly Cloudy,17,17,25
12:36:09,Mostly Cloudy,17,17,25
12:38:09,Mostly Cloudy,17,17,25
12:40:09,Mostly Cloudy,17,17,25
12:42:08,Mostly Cloudy,17,17,22
12:44:09,Mostly Cloudy,17,17,22
12:46:09,Mostly Cloudy,17,17,22
12:48:09,Mostly Cloudy,17,17,22
12:50:09,Mostly Cloudy,17,17,22
12:52:09,Mostly Cloudy,17,17,22
12:54:09,Mostly Cloudy,17,17,22
12:56:08,Mostly Cloudy,17,17,22
12:58:08,Mostly Cloudy,17,17,22
13:00:09,Mostly Cloudy,17,17,22
13:02:08,Mostly Cloudy,17,17,22
13:04:08,Mostly Cloudy,17,17,22
13:06:09,Mostly Cloudy,17,17,22
13:08:09,Mostly Cloudy,17,17,22
13:10:08,Mostly Cloudy,17,17,24
13:12:09,Mostly Cloudy,17,17,24
13:14:09,Mostly Cloudy,17,17,24
13:16:09,Mostly Cloudy,17,17,24
13:18:09,Mostly Cloudy,17,17,24
13:20:09,Mostly Cloudy,17,17,24
13:22:08,Mostly Cloudy,17,17,24
13:24:08,Mostly Cloudy,17,17,24
13:26:09,Mostly Cloudy,17,17,24
13:28:08,Mostly Cloudy,17,17,24
13:30:09,Mostly Cloudy,17,17,24
13:32:09,Mostly Cloudy,17,17,24
13:34:09,Mostly Cloudy,17,17,24
13:36:09,Mostly Cloudy,17,17,24
13:38:09,Mostly Cloudy,17,17,24
13:40:09,Mostly Cloudy,17,17,24
13:42:08,Mostly Cloudy,17,17,24
13:44:09,Mostly Cloudy,17,17,24
13:46:09,Mostly Cloudy,17,17,19
13:48:09,Mostly Cloudy,17,17,19
13:50:09,Mostly Cloudy,17,17,19
13:52:08,Mostly Cloudy,17,17,19
13:54:09,Mostly Cloudy,17,17,19
13:56:09,Mostly Cloudy,17,17,19
13:58:08,Mostly Cloudy,17,17,19
14:00:09,Mostly Cloudy,17,17,19
14:02:09,Mostly Cloudy,17,17,19
14:04:08,Mostly Cloudy,17,17,19
14:06:09,Mostly Cloudy,17,17,19
14:08:09,Mostly Cloudy,17,17,19
14:10:09,Mostly Cloudy,17,17,22
14:12:09,Mostly Cloudy,17,17,22
14:14:09,Mostly Cloudy,17,17,22
14:16:08,Mostly Cloudy,17,17,22
14:18:09,Mostly Cloudy,17,17,22
14:20:09,Mostly Cloudy,17,17,22
14:22:08,Mostly Cloudy,17,17,22
14:24:09,Mostly Cloudy,17,17,22
14:26:09,Mostly Cloudy,17,17,22
14:28:09,Mostly Cloudy,17,17,22
14:30:09,Mostly Cloudy,17,17,22
14:32:09,Mostly Cloudy,17,17,22
14:34:08,Mostly Cloudy,17,17,22
14:36:09,Mostly Cloudy,17,17,22
14:38:09,Mostly Cloudy,18,18,24
14:40:08,Mostly Cloudy,18,18,24
14:42:08,Mostly Cloudy,18,18,24
14:44:09,Mostly Cloudy,18,18,24
14:46:08,Mostly Cloudy,18,18,24
14:48:09,Mostly Cloudy,18,18,24
14:50:09,Mostly Cloudy,18,18,24
14:52:08,Mostly Cloudy,18,18,24
14:54:09,Mostly Cloudy,18,18,24
14:56:09,Mostly Cloudy,18,18,24
14:58:09,Mostly Cloudy,18,18,24
15:00:09,Mostly Cloudy,18,18,24
15:02:08,Mostly Cloudy,18,18,24
15:04:09,Mostly Cloudy,18,18,24
15:06:09,Mostly Cloudy,18,18,24
15:08:09,Mostly Cloudy,18,18,24
15:10:08,Mostly Cloudy,18,18,24
15:12:09,Mostly Cloudy,18,18,24
15:14:09,Mostly Cloudy,18,18,24
15:16:08,Mostly Cloudy,18,18,24
15:18:09,Mostly Cloudy,18,18,24
15:20:09,Mostly Cloudy,18,18,24
15:22:09,Mostly Cloudy,18,18,24
15:24:09,Mostly Cloudy,18,18,24
15:26:08,Mostly Cloudy,18,18,24
15:28:09,Mostly Cloudy,18,18,24
15:30:09,Mostly Cloudy,18,18,24
15:32:09,Mostly Cloudy,18,18,24
15:34:08,Mostly Cloudy,18,18,24
15:36:09,Mostly Cloudy,18,18,24
15:38:09,Mostly Cloudy,18,18,24
15:40:09,Mostly Cloudy,18,18,24
15:42:09,Mostly Cloudy,18,18,24
15:44:09,Mostly Cloudy,18,18,25
15:46:08,Mostly Cloudy,18,18,25
15:48:09,Mostly Cloudy,18,18,25
15:50:08,Mostly Cloudy,18,18,25
15:52:09,Mostly Cloudy,18,18,25
15:54:09,Mostly Cloudy,18,18,25
15:56:09,Mostly Cloudy,18,18,25
15:58:09,Mostly Cloudy,18,18,25
16:00:09,Mostly Cloudy,18,18,25
16:02:08,Mostly Cloudy,18,18,25
16:04:09,Mostly Cloudy,18,18,25
16:06:09,Mostly Cloudy,18,18,25
16:08:09,Mostly Cloudy,18,18,25
16:10:09,Mostly Cloudy,18,18,25
16:12:09,Partly Cloudy,20,20,27
16:14:09,Partly Cloudy,20,20,27
16:16:09,Partly Cloudy,20,20,27
16:18:08,Partly Cloudy,20,20,27
16:20:09,Partly Cloudy,20,20,27
16:22:09,Partly Cloudy,20,20,27
16:24:08,Partly Cloudy,20,20,27
16:26:09,Partly Cloudy,20,20,27
16:28:08,Partly Cloudy,20,20,27
16:30:09,Partly Cloudy,20,20,27
16:32:09,Partly Cloudy,20,20,27
16:34:09,Partly Cloudy,20,20,27
16:36:09,Partly Cloudy,20,20,27
16:38:09,Partly Cloudy,20,20,27
16:40:09,Partly Cloudy,20,20,27
16:42:08,Partly Cloudy,20,20,27
16:44:09,Partly Cloudy,20,20,27
16:46:09,Partly Cloudy,20,20,27
16:48:08,Partly Cloudy,20,20,27
16:50:09,Partly Cloudy,20,20,27
16:52:09,Partly Cloudy,20,20,27
16:54:08,Partly Cloudy,20,20,27
16:56:09,Partly Cloudy,20,20,27
16:58:09,Partly Cloudy,20,20,27
17:00:08,Partly Cloudy,20,20,27
17:02:09,Partly Cloudy,20,20,27
17:04:09,Partly Cloudy,20,20,27
17:06:08,Partly Cloudy,20,20,27
17:08:09,Partly Cloudy,20,20,27
17:10:09,Partly Cloudy,20,20,27
17:12:09,Partly Cloudy,20,20,27
17:14:09,Partly Cloudy,20,20,27
17:16:09,Mostly Cloudy,20,20,25
17:18:09,Mostly Cloudy,20,20,25
17:20:08,Mostly Cloudy,20,20,25
17:22:08,Mostly Cloudy,20,20,25
17:24:09,Mostly Cloudy,20,20,25
17:26:09,Mostly Cloudy,20,20,25
17:28:08,Mostly Cloudy,20,20,25
17:30:09,Mostly Cloudy,20,20,25
17:32:09,Mostly Cloudy,20,20,25
17:34:08,Mostly Cloudy,20,20,25
17:36:09,Mostly Cloudy,20,20,25
17:38:09,Mostly Cloudy,20,20,25
17:40:08,Mostly Cloudy,20,20,25
17:42:09,Mostly Cloudy,20,20,25
17:44:09,Mostly Cloudy,20,20,25
17:46:09,Mostly Cloudy,20,20,25
17:48:08,Mostly Cloudy,20,20,25
17:50:09,Mostly Cloudy,20,20,25
17:52:09,Mostly Cloudy,20,20,25
17:54:08,Mostly Cloudy,20,20,25
17:56:09,Mostly Cloudy,20,20,25
17:58:09,Mostly Cloudy,20,20,25
18:00:08,Mostly Cloudy,20,20,25
18:02:09,Mostly Cloudy,20,20,25
18:04:09,Mostly Cloudy,20,20,25
18:06:08,Mostly Cloudy,20,20,25
18:08:09,Mostly Cloudy,17,17,19
18:10:08,Mostly Cloudy,17,17,19
18:12:08,Mostly Cloudy,17,17,19
18:14:09,Mostly Cloudy,17,17,19
18:16:09,Mostly Cloudy,17,17,19
18:18:09,Mostly Cloudy,17,17,19
18:20:09,Mostly Cloudy,17,17,19
18:22:09,Mostly Cloudy,17,17,19
18:24:09,Mostly Cloudy,17,17,19
18:26:09,Mostly Cloudy,17,17,19
18:28:08,Mostly Cloudy,17,17,19
18:30:09,Mostly Cloudy,17,17,19
18:32:09,Mostly Cloudy,17,17,19
18:34:09,Mostly Cloudy,17,17,19
18:36:08,Mostly Cloudy,17,17,19
18:38:09,Mostly Cloudy,17,17,19
18:40:09,Mostly Cloudy,17,17,19
18:42:08,Mostly Cloudy,17,17,19
18:44:09,Mostly Cloudy,17,17,19
18:46:09,Mostly Cloudy,17,17,19
18:48:09,Mostly Cloudy,17,17,19
18:50:08,Mostly Cloudy,17,17,19
18:52:09,Mostly Cloudy,17,17,19
18:54:08,Mostly Cloudy,17,17,19
18:56:09,Mostly Cloudy,17,17,19
18:58:09,Mostly Cloudy,17,17,19
19:00:08,Mostly Cloudy,17,17,19
19:02:09,Mostly Cloudy,17,17,19
19:04:09,Mostly Cloudy,17,17,19
19:06:09,Mostly Cloudy,17,17,19
19:08:09,Mostly Cloudy,17,17,19
19:10:08,Mostly Cloudy,17,17,19
19:12:08,Mostly Cloudy,18,18,16
19:14:09,Mostly Cloudy,18,18,16
19:16:08,Mostly Cloudy,18,18,16
19:18:09,Mostly Cloudy,18,18,16
19:20:09,Mostly Cloudy,18,18,16
19:22:08,Mostly Cloudy,18,18,16
19:24:08,Mostly Cloudy,18,18,16
19:26:09,Mostly Cloudy,18,18,16
19:28:08,Mostly Cloudy,18,18,16
19:30:09,Mostly Cloudy,18,18,16
19:32:08,Mostly Cloudy,18,18,16
19:34:09,Mostly Cloudy,18,18,16
19:36:09,Mostly Cloudy,18,18,16
19:38:09,Mostly Cloudy,18,18,16
19:40:09,Mostly Cloudy,18,18,16
19:42:08,Mostly Cloudy,18,18,16
19:44:09,Mostly Cloudy,18,18,16
19:46:08,Mostly Cloudy,18,18,16
19:48:09,Mostly Cloudy,18,18,16
19:50:09,Mostly Cloudy,18,18,16
19:52:09,Mostly Cloudy,18,18,16
19:54:09,Mostly Cloudy,18,18,16
19:56:08,Mostly Cloudy,18,18,16
19:58:09,Mostly Cloudy,18,18,16
20:00:09,Mostly Cloudy,18,18,16
20:02:08,Mostly Cloudy,18,18,16
20:04:08,Mostly Cloudy,18,18,16
20:06:09,Mostly Cloudy,18,18,16
20:08:09,Mostly Cloudy,18,18,16
20:10:08,Mostly Cloudy,18,18,16
20:12:09,Mostly Cloudy,17,17,12
20:14:09,Mostly Cloudy,17,17,12
20:16:08,Mostly Cloudy,17,17,12
20:18:09,Mostly Cloudy,17,17,12
20:20:09,Mostly Cloudy,17,17,12
20:22:09,Mostly Cloudy,17,17,12
20:24:08,Mostly Cloudy,17,17,12
20:26:09,Mostly Cloudy,17,17,12
20:28:09,Mostly Cloudy,17,17,12
20:30:09,Mostly Cloudy,17,17,12
20:32:08,Mostly Cloudy,17,17,12
20:34:09,Mostly Cloudy,17,17,12
20:36:09,Mostly Cloudy,17,17,12
20:38:09,Mostly Cloudy,17,17,12
20:40:09,Mostly Cloudy,17,17,12
20:42:09,Mostly Cloudy,17,17,12
20:44:09,Mostly Cloudy,17,17,12
20:46:09,Mostly Cloudy,17,17,12
20:48:09,Mostly Cloudy,17,17,12
20:50:09,Mostly Cloudy,17,17,12
20:52:08,Mostly Cloudy,17,17,12
20:54:08,Mostly Cloudy,17,17,12
20:56:09,Mostly Cloudy,17,17,12
20:58:09,Mostly Cloudy,17,17,12
21:00:09,Mostly Cloudy,17,17,12
21:02:09,Mostly Cloudy,17,17,12
21:04:09,Mostly Cloudy,17,17,12
21:06:08,Mostly Cloudy,17,17,12
21:08:09,Mostly Cloudy,17,17,12
21:10:09,Mostly Cloudy,17,17,12
21:12:09,Mostly Cloudy,17,17,4
21:14:09,Mostly Cloudy,17,17,4
21:16:09,Mostly Cloudy,17,17,4
21:18:08,Mostly Cloudy,17,17,4
21:20:09,Mostly Cloudy,17,17,4
21:22:09,Mostly Cloudy,17,17,4
21:24:08,Mostly Cloudy,17,17,4
21:26:09,Mostly Cloudy,17,17,4
21:28:09,Mostly Cloudy,17,17,4
21:30:08,Mostly Cloudy,17,17,4
21:32:09,Mostly Cloudy,17,17,4
21:34:09,Mostly Cloudy,17,17,4
21:36:08,Mostly Cloudy,17,17,4
21:38:09,Mostly Cloudy,17,17,4
21:40:09,Mostly Cloudy,17,17,4
21:42:08,Mostly Cloudy,17,17,4
21:44:09,Mostly Cloudy,17,17,4
21:46:09,Mostly Cloudy,17,17,4
21:48:08,Mostly Cloudy,17,17,4
21:50:09,Mostly Cloudy,17,17,4
21:52:09,Mostly Cloudy,17,17,4
21:54:09,Mostly Cloudy,17,17,4
21:56:09,Mostly Cloudy,17,17,4
21:58:09,Mostly Cloudy,17,17,4
22:00:09,Mostly Cloudy,17,17,4
22:02:09,Mostly Cloudy,17,17,4
22:04:09,Mostly Cloudy,17,17,4
22:06:08,Mostly Cloudy,17,17,4
22:08:09,Mostly Cloudy,17,17,4
22:10:09,Mostly Cloudy,17,17,4
22:12:08,Mostly Cloudy,17,17,4
22:14:09,Mostly Cloudy,17,17,4
22:16:09,Mostly Cloudy,16,16,4
22:18:09,Mostly Cloudy,16,16,4
22:20:09,Mostly Cloudy,16,16,4
22:22:08,Mostly Cloudy,16,16,4
22:24:09,Mostly Cloudy,16,16,4
22:26:09,Mostly Cloudy,16,16,4
22:28:08,Mostly Cloudy,16,16,4
22:30:09,Mostly Cloudy,16,16,4
22:32:09,Mostly Cloudy,16,16,4
22:34:08,Mostly Cloudy,16,16,4
22:36:09,Mostly Cloudy,16,16,4
22:38:09,Mostly Cloudy,16,16,4
22:40:08,Mostly Cloudy,16,16,4
22:42:09,Mostly Cloudy,16,16,4
22:44:09,Mostly Cloudy,16,16,4
22:46:09,Mostly Cloudy,16,16,4
22:48:09,Mostly Cloudy,16,16,4
22:50:08,Mostly Cloudy,16,16,4
22:52:09,Mostly Cloudy,16,16,4
22:54:09,Mostly Cloudy,16,16,4
22:56:08,Mostly Cloudy,16,16,4
22:58:08,Mostly Cloudy,16,16,4
23:00:09,Mostly Cloudy,16,16,4
23:02:09,Mostly Cloudy,16,16,4
23:04:08,Mostly Cloudy,16,16,4
23:06:09,Mostly Cloudy,16,16,4
23:08:09,Mostly Cloudy,16,16,4
23:10:08,Light Drizzle,15,15,9
23:12:09,Light Drizzle,15,15,9
23:14:09,Light Drizzle,15,15,9
23:16:09,Light Drizzle,15,15,9
23:18:09,Light Drizzle,15,15,9
23:20:09,Light Drizzle,15,15,9
23:22:09,Light Drizzle,15,15,9
23:24:09,Light Drizzle,15,15,9
23:26:09,Light Drizzle,15,15,9
23:28:09,Light Drizzle,15,15,9
23:30:08,Light Drizzle,15,15,9
23:32:09,Light Drizzle,15,15,9
23:34:09,Light Drizzle,15,15,9
23:36:09,Light Drizzle,15,15,9
23:38:08,Light Drizzle,15,15,9
23:40:08,Light Drizzle,15,15,9
23:42:09,Light Drizzle,15,15,9
23:44:08,Light Drizzle,15,15,9
23:46:08,Light Drizzle,15,15,9
23:48:09,Light Drizzle,15,15,9
23:50:09,Light Drizzle,15,15,9
23:52:08,Light Drizzle,15,15,9
23:54:09,Light Drizzle,15,15,9
23:56:09,Light Drizzle,15,15,9
23:58:08,Light Drizzle,15,15,9
