Time,Weather,Temperature,Feels_Like,Wind_Speed
00:00:09,Fair,10,10,24
00:02:09,Fair,10,10,24
00:04:08,Fair,10,10,24
00:06:08,Fair,10,10,24
00:08:09,Fair,10,10,24
00:10:09,Fair,10,10,24
00:12:09,Fair,10,10,24
00:14:08,Fair,8,5,25
00:16:09,Fair,8,5,25
00:18:09,Fair,8,5,25
00:20:09,Fair,8,5,25
00:22:09,Fair,8,5,25
00:24:08,Fair,8,5,25
00:26:09,Fair,8,5,25
00:28:09,Fair,8,5,25
00:30:08,Fair,8,5,25
00:32:08,Fair,8,5,25
00:34:08,Fair,8,5,25
00:36:09,Fair,8,5,25
00:38:09,Fair,8,5,25
00:40:09,Fair,8,5,25
00:42:08,Fair,8,5,25
00:44:09,Fair,8,5,25
00:46:08,Fair,8,5,25
00:48:09,Fair,8,5,25
00:50:09,Fair,8,5,25
00:52:09,Fair,8,5,25
00:54:09,Fair,8,5,25
00:56:09,Fair,8,5,25
00:58:09,Fair,8,5,25
01:00:16,Fair,8,5,25
01:02:08,Fair,8,5,25
01:04:08,Fair,8,5,25
01:06:09,Fair,8,5,25
01:08:09,Fair,8,5,25
01:10:09,Fair,8,5,25
01:12:08,Fair,8,5,25
01:14:08,Fair,8,5,25
01:16:09,Fair,8,5,25
01:18:08,Fair,8,5,25
01:20:08,Fair,8,5,24
01:22:09,Fair,8,5,24
01:24:09,Fair,8,5,24
01:26:09,Fair,8,5,24
01:28:08,Fair,8,5,24
01:30:08,Fair,8,5,24
01:32:09,Fair,8,5,24
01:34:09,Fair,8,5,24
01:36:08,Fair,8,5,24
01:38:08,Fair,8,5,24
01:40:09,Fair,8,5,24
01:42:09,Fair,8,5,24
01:44:08,Fair,8,5,24
01:46:09,Fair,8,5,24
01:48:09,Fair,8,5,24
01:50:09,Fair,8,5,24
01:52:08,Fair,8,5,24
01:54:08,Fair,8,5,24
01:56:09,Fair,8,5,24
01:58:09,Fair,8,5,24
02:00:09,Fair,8,5,24
02:02:08,Fair,8,5,24
02:04:09,Fair,8,5,24
02:06:09,Fair,8,5,24
02:08:09,Fair,8,5,24
02:10:08,Fair,8,5,24
02:12:08,Fair,8,5,24
02:14:08,Fair,7,5,16
02:16:09,Fair,7,5,16
02:18:09,Fair,7,5,16
02:20:08,Fair,7,5,16
02:22:09,Fair,7,5,16
02:24:09,Fair,7,5,16
02:26:09,Fair,7,5,16
02:28:08,Fair,7,5,16
02:30:08,Fair,7,5,16
02:32:09,Fair,7,5,16
02:34:09,Fair,7,5,16
02:36:09,Fair,7,5,16
02:38:08,Fair,7,5,16
02:40:08,Fair,7,5,16
02:42:09,Fair,7,5,16
02:44:09,Fair,7,5,16
02:46:09,Fair,7,5,16
02:48:08,Fair,7,5,16
02:50:09,Fair,7,5,16
02:52:09,Fair,7,5,16
02:54:08,Fair,7,5,16
02:56:08,Fair,7,5,16
02:58:09,Fair,7,5,16
03:00:09,Fair,7,5,16
03:02:08,Fair,7,5,16
03:04:09,Fair,7,5,16
03:06:09,Fair,7,5,16
03:08:09,Fair,7,5,16
03:10:08,Fair,7,5,16
03:12:09,Fair,7,5,16
03:14:09,Mostly Cloudy,7,3,28
03:16:09,Mostly Cloudy,7,3,28
03:18:08,Mostly Cloudy,7,3,28
03:20:09,Mostly Cloudy,7,3,28
03:22:09,Mostly Cloudy,7,3,28
03:24:09,Mostly Cloudy,7,3,28
03:26:08,Mostly Cloudy,7,3,28
03:28:09,Mostly Cloudy,7,3,28
03:30:09,Mostly Cloudy,7,3,28
03:32:09,Mostly Cloudy,7,3,28
03:34:08,Mostly Cloudy,7,3,28
03:36:09,Mostly Cloudy,7,3,28
03:38:09,Mostly Cloudy,7,3,28
03:40:09,Mostly Cloudy,7,3,28
03:42:09,Mostly Cloudy,7,3,28
03:44:08,Mostly Cloudy,7,3,28
03:46:09,Mostly Cloudy,7,3,28
03:48:09,Mostly Cloudy,7,3,28
03:50:09,Mostly Cloudy,7,3,28
03:52:08,Mostly Cloudy,7,3,28
03:54:09,Mostly Cloudy,7,3,28
03:56:09,Mostly Cloudy,7,3,28
03:58:09,Mostly Cloudy,7,3,28
04:00:08,Mostly Cloudy,7,3,28
04:02:09,Mostly Cloudy,7,3,28
04:04:09,Mostly Cloudy,7,3,28
04:06:09,Mostly Cloudy,7,3,28
04:08:08,Mostly Cloudy,7,3,28
04:10:09,Mostly Cloudy,7,3,28
04:12:09,Mostly Cloudy,7,3,28
04:14:09,Mostly Cloudy,7,3,28
04:16:08,Mostly Cloudy,7,3,28
04:18:09,Mostly Cloudy,7,3,28
04:20:09,Mostly Cloudy,7,3,28
04:22:09,Mostly Cloudy,7,3,28
04:24:09,Mostly Cloudy,7,3,28
04:26:09,Mostly Cloudy,7,3,28
04:28:08,Mostly Cloudy,7,3,28
04:30:08,Mostly Cloudy,7,3,28
04:32:09,Mostly Cloudy,7,3,28
04:34:09,Mostly Cloudy,7,3,28
04:36:09,Mostly Cloudy,7,3,28
04:38:08,Mostly Cloudy,7,3,28
04:40:09,Mostly Cloudy,7,3,28
04:42:09,Mostly Cloudy,7,3,28
04:44:09,Mostly Cloudy,7,3,28
04:46:08,Mostly Cloudy,7,3,28
04:48:08,Mostly Cloudy,7,3,28
04:50:09,Mostly Cloudy,7,3,28
04:52:09,Mostly Cloudy,7,3,28
04:54:09,Mostly Cloudy,7,3,28
04:56:08,Mostly Cloudy,7,3,28
04:58:09,Mostly Cloudy,7,3,28
05:00:09,Mostly Cloudy,7,3,28
05:02:09,Mostly Cloudy,7,3,28
05:04:08,Mostly Cloudy,7,3,28
05:06:09,Mostly Cloudy,7,3,28
05:08:09,Mostly Cloudy,7,3,28
05:10:08,Mostly Cloudy,7,3,28
05:12:09,Mostly Cloudy,7,3,28
05:14:09,Mostly Cloudy,7,3,32
05:16:08,Mostly Cloudy,7,3,32
05:18:08,Mostly Cloudy,7,3,32
05:20:09,Mostly Cloudy,7,3,32
05:22:09,Mostly Cloudy,7,3,32
05:24:09,Mostly Cloudy,7,3,32
05:26:08,Mostly Cloudy,7,3,32
05:28:09,Mostly Cloudy,7,3,32
05:30:09,Mostly Cloudy,7,3,32
05:32:08,Mostly Cloudy,7,3,32
05:34:08,Mostly Cloudy,7,3,32
05:36:09,Mostly Cloudy,7,3,32
05:38:09,Mostly Cloudy,7,3,32
05:40:09,Mostly Cloudy,7,3,32
05:42:09,Mostly Cloudy,7,3,32
05:44:09,Mostly Cloudy,7,3,32
05:46:08,Mostly Cloudy,7,3,32
05:48:08,Mostly Cloudy,7,3,32
05:50:09,Mostly Cloudy,7,3,32
05:52:09,Mostly Cloudy,7,3,32
05:54:09,Mostly Cloudy,7,3,32
05:56:09,Mostly Cloudy,7,3,32
05:58:09,Mostly Cloudy,7,3,32
06:00:08,Mostly Cloudy,7,3,32
06:02:08,Mostly Cloudy,7,3,32
06:04:09,Mostly Cloudy,7,3,32
06:06:08,Mostly Cloudy,7,3,32
06:08:08,Mostly Cloudy,7,3,32
06:10:08,Mostly Cloudy,7,3,32
06:12:09,Mostly Cloudy,7,3,32
06:14:09,Mostly Cloudy,7,3,32
06:16:08,Mostly Cloudy,7,3,32
06:18:09,Mostly Cloudy,7,3,32
06:20:08,Mostly Cloudy,7,3,32
06:22:08,Mostly Cloudy,7,3,32
06:24:09,Mostly Cloudy,7,3,32
06:26:09,Mostly Cloudy,7,3,32
06:28:09,Mostly Cloudy,7,3,32
06:30:08,Mostly Cloudy,7,3,32
06:32:09,Mostly Cloudy,7,3,32
06:34:09,Mostly Cloudy,7,3,32
06:36:09,Mostly Cloudy,7,3,32
06:38:09,Mostly Cloudy,7,3,32
06:40:09,Mostly Cloudy,7,3,32
06:42:09,Mostly Cloudy,7,3,32
06:44:08,Mostly Cloudy,7,3,32
06:46:09,Mostly Cloudy,7,3,32
06:48:09,Mostly Cloudy,7,3,32
06:50:09,Mostly Cloudy,7,3,32
06:52:08,Mostly Cloudy,7,3,32
06:54:08,Mostly Cloudy,7,3,32
06:56:09,Mostly Cloudy,7,3,32
06:58:09,Mostly Cloudy,7,3,32
07:00:08,Mostly Cloudy,7,3,32
07:02:09,Mostly Cloudy,7,3,32
07:04:09,Mostly Cloudy,7,3,32
07:06:09,Mostly Cloudy,7,3,32
07:08:09,Mostly Cloudy,7,3,32
07:10:09,Mostly Cloudy,7,3,32
07:12:08,Mostly Cloudy,7,3,27
07:14:09,Mostly Cloudy,7,3,27
07:16:09,Mostly Cloudy,7,3,27
07:18:09,Mostly Cloudy,7,3,27
07:20:09,Mostly Cloudy,7,3,27
07:22:08,Mostly Cloudy,7,3,27
07:24:08,Mostly Cloudy,7,3,27
07:26:09,Mostly Cloudy,7,3,27
07:28:09,Mostly Cloudy,7,3,27
07:30:09,Mostly Cloudy,7,3,27
07:32:09,Mostly Cloudy,7,3,27
07:34:09,Mostly Cloudy,7,3,27
07:36:08,Mostly Cloudy,7,3,27
07:38:09,Mostly Cloudy,7,3,27
07:40:09,Mostly Cloudy,7,3,27
07:42:09,Mostly Cloudy,7,3,27
07:44:09,Mostly Cloudy,7,3,27
07:46:09,Mostly Cloudy,7,3,27
07:48:09,Mostly Cloudy,7,3,27
07:50:09,Mostly Cloudy,7,3,27
07:52:08,Mostly Cloudy,7,3,27
07:54:08,Mostly Cloudy,7,3,27
07:56:09,Mostly Cloudy,7,3,27
07:58:09,Mostly Cloudy,7,3,27
08:00:09,Mostly Cloudy,7,3,27
08:02:08,Mostly Cloudy,7,3,27
08:04:09,Mostly Cloudy,7,3,27
08:06:09,Mostly Cloudy,7,3,27
08:08:09,Mostly Cloudy,7,3,27
08:10:08,Mostly Cloudy,7,3,27
08:12:09,Mostly Cloudy,7,3,27
08:14:09,Mostly Cloudy,7,3,27
08:16:08,Mostly Cloudy,7,3,27
08:18:09,Mostly Cloudy,7,3,27
08:20:08,Mostly Cloudy,7,3,27
08:22:09,Mostly Cloudy,7,3,27
08:24:09,Mostly Cloudy,7,3,27
08:26:08,Mostly Cloudy,7,3,27
08:28:09,Mostly Cloudy,7,3,27
08:30:09,Mostly Cloudy,7,3,27
08:32:09,Mostly Cloudy,7,3,27
08:34:08,Mostly Cloudy,7,3,27
08:36:09,Mostly Cloudy,7,3,27
08:38:09,Mostly Cloudy,7,3,27
08:40:08,Mostly Cloudy,7,3,27
08:42:09,Mostly Cloudy,7,3,27
08:44:09,Mostly Cloudy,7,3,27
08:46:08,Mostly Cloudy,7,3,27
08:48:08,Mostly Cloudy,7,3,27
08:50:09,Mostly Cloudy,7,3,27
08:52:09,Mostly Cloudy,7,3,27
08:54:09,Mostly Cloudy,7,3,27
08:56:08,Mostly Cloudy,7,3,27
08:58:08,Mostly Cloudy,7,3,27
09:00:09,Mostly Cloudy,7,3,27
09:02:09,Mostly Cloudy,7,3,27
09:04:08,Mostly Cloudy,7,3,27
09:06:09,Mostly Cloudy,7,3,27
09:08:09,Mostly Cloudy,7,4,24
09:10:08,Mostly Cloudy,7,4,24
09:12:09,Mostly Cloudy,7,4,24
09:14:09,Mostly Cloudy,7,4,24
09:16:08,Mostly Cloudy,7,4,24
09:18:09,Mostly Cloudy,7,4,24
09:20:09,Mostly Cloudy,7,4,24
09:22:09,Mostly Cloudy,7,4,24
09:24:08,Mostly Cloudy,7,4,24
09:26:09,Mostly Cloudy,7,4,24
09:28:09,Mostly Cloudy,7,4,24
09:30:09,Mostly Cloudy,7,4,24
09:32:08,Mostly Cloudy,7,4,24
09:34:08,Mostly Cloudy,7,4,24
09:36:09,Mostly Cloudy,7,4,24
09:38:09,Mostly Cloudy,7,4,24
09:40:08,Mostly Cloudy,7,4,24
09:42:08,Mostly Cloudy,7,4,24
09:44:09,Mostly Cloudy,7,4,24
09:46:09,Mostly Cloudy,7,4,24
09:48:09,Mostly Cloudy,7,4,24
09:50:08,Mostly Cloudy,7,4,24
09:52:09,Mostly Cloudy,7,4,24
09:54:09,Mostly Cloudy,7,4,24
09:56:08,Mostly Cloudy,7,4,24
09:58:09,Mostly Cloudy,7,4,24
10:00:09,Mostly Cloudy,7,4,24
10:02:08,Mostly Cloudy,7,4,24
10:04:09,Mostly Cloudy,7,4,24
10:06:09,Mostly Cloudy,7,4,24
10:08:08,Mostly Cloudy,7,4,24
10:10:09,Mostly Cloudy,7,4,24
10:12:09,Mostly Cloudy,7,4,24
10:14:09,Mostly Cloudy,8,5,24
10:16:08,Mostly Cloudy,8,5,24
10:18:09,Mostly Cloudy,8,5,24
10:20:09,Mostly Cloudy,8,5,24
10:22:08,Mostly Cloudy,8,5,24
10:24:08,Mostly Cloudy,8,5,24
10:26:08,Mostly Cloudy,8,5,24
10:28:09,Mostly Cloudy,8,5,24
10:30:09,Mostly Cloudy,8,5,24
10:32:08,Mostly Cloudy,8,5,24
10:34:09,Mostly Cloudy,8,5,24
10:36:09,Mostly Cloudy,8,5,24
10:38:09,Mostly Cloudy,8,5,24
10:40:08,Mostly Cloudy,8,5,24
10:42:09,Mostly Cloudy,8,5,24
10:44:09,Mostly Cloudy,8,5,24
10:46:09,Mostly Cloudy,8,5,24
10:48:08,Mostly Cloudy,8,5,24
10:50:09,Mostly Cloudy,8,5,24
10:52:09,Mostly Cloudy,8,5,24
10:54:09,Mostly Cloudy,8,5,24
10:56:08,Mostly Cloudy,8,5,24
10:58:09,Mostly Cloudy,8,5,24
11:00:09,Mostly Cloudy,8,5,24
11:02:08,Mostly Cloudy,8,5,24
11:04:09,Mostly Cloudy,8,5,24
11:06:09,Mostly Cloudy,8,5,24
11:08:09,Mostly Cloudy,8,5,24
11:10:08,Mostly Cloudy,8,5,24
11:12:08,Mostly Cloudy,8,5,24
11:14:09,Mostly Cloudy,8,5,27
11:16:09,Mostly Cloudy,8,5,27
11:18:08,Mostly Cloudy,8,5,27
11:20:09,Mostly Cloudy,8,5,27
11:22:09,Mostly Cloudy,8,5,27
11:24:09,Mostly Cloudy,8,5,27
11:26:08,Mostly Cloudy,8,5,27
11:28:09,Mostly Cloudy,8,5,27
11:30:09,Mostly Cloudy,8,5,27
11:32:08,Mostly Cloudy,8,5,27
11:34:08,Mostly Cloudy,8,5,27
11:36:08,Mostly Cloudy,8,5,27
11:38:09,Mostly Cloudy,8,5,27
11:40:09,Mostly Cloudy,8,5,27
11:42:08,Mostly Cloudy,8,5,27
11:44:09,Mostly Cloudy,8,5,27
11:46:09,Mostly Cloudy,8,5,27
11:48:09,Mostly Cloudy,8,5,27
11:50:09,Mostly Cloudy,8,5,27
11:52:09,Mostly Cloudy,8,5,27
11:54:09,Mostly Cloudy,8,5,27
11:56:09,Mostly Cloudy,8,5,27
11:58:08,Mostly Cloudy,8,5,27
12:00:08,Mostly Cloudy,8,5,27
12:02:09,Mostly Cloudy,8,5,27
12:04:09,Mostly Cloudy,8,5,27
12:06:09,Mostly Cloudy,8,5,27
12:08:08,Mostly Cloudy,8,5,27
12:10:09,Mostly Cloudy,8,5,27
12:12:09,Mostly Cloudy,8,5,27
12:14:09,Mostly Cloudy,8,5,27
12:16:09,Mostly Cloudy,8,5,27
12:18:09,Mostly Cloudy,11,11,28
12:20:09,Mostly Cloudy,11,11,28
12:22:09,Mostly Cloudy,11,11,28
12:24:09,Mostly Cloudy,11,11,28
12:26:08,Mostly Cloudy,11,11,28
12:28:09,Mostly Cloudy,11,11,28
12:30:09,Mostly Cloudy,11,11,28
12:32:08,Mostly Cloudy,11,11,28
12:34:08,Mostly Cloudy,11,11,28
12:36:08,Mostly Cloudy,11,11,28
12:38:09,Mostly Cloudy,11,11,28
12:40:09,Mostly Cloudy,11,11,28
12:42:09,Mostly Cloudy,11,11,28
12:44:08,Mostly Cloudy,11,11,28
12:46:08,Mostly Cloudy,11,11,28
12:48:09,Mostly Cloudy,11,11,28
12:50:09,Mostly Cloudy,11,11,28
12:52:09,Mostly Cloudy,11,11,28
12:54:08,Mostly Cloudy,11,11,28
12:56:09,Mostly Cloudy,11,11,28
12:58:09,Mostly Cloudy,11,11,28
13:00:09,Mostly Cloudy,11,11,28
13:02:08,Mostly Cloudy,11,11,28
13:04:09,Mostly Cloudy,11,11,28
13:06:09,Mostly Cloudy,11,11,28
13:08:08,Mostly Cloudy,11,11,28
13:10:09,Mostly Cloudy,11,11,28
13:12:09,Mostly Cloudy,11,11,28
13:14:08,Mostly Cloudy,11,11,28
13:16:09,Mostly Cloudy,11,11,28
13:18:09,Mostly Cloudy,11,11,28
13:20:08,Mostly Cloudy,11,11,28
13:22:08,Mostly Cloudy,11,11,28
13:24:09,Mostly Cloudy,11,11,28
13:26:09,Mostly Cloudy,11,11,28
13:28:08,Mostly Cloudy,11,11,28
13:30:09,Mostly Cloudy,11,11,28
13:32:09,Mostly Cloudy,11,11,28
13:34:08,Mostly Cloudy,11,11,28
13:36:09,Mostly Cloudy,11,11,28
13:38:09,Mostly Cloudy,11,11,28
13:40:09,Mostly Cloudy,11,11,28
13:42:08,Mostly Cloudy,11,11,28
13:44:09,Mostly Cloudy,11,11,28
13:46:09,Mostly Cloudy,11,11,28
13:48:09,Mostly Cloudy,11,11,28
13:50:08,Mostly Cloudy,11,11,28
13:52:09,Mostly Cloudy,11,11,28
13:54:09,Mostly Cloudy,11,11,28
13:56:08,Mostly Cloudy,11,11,28
13:58:08,Mostly Cloudy,11,11,28
14:00:09,Mostly Cloudy,11,11,28
14:02:09,Mostly Cloudy,11,11,28
14:04:08,Mostly Cloudy,11,11,28
14:06:09,Mostly Cloudy,11,11,28
14:08:09,Mostly Cloudy,11,11,28
14:10:08,Mostly Cloudy,11,11,28
14:12:08,Mostly Cloudy,11,11,28
14:14:09,Mostly Cloudy,11,11,28
14:16:09,Mostly Cloudy,11,11,28
14:18:08,Mostly Cloudy,11,11,32
14:20:09,Mostly Cloudy,11,11,32
14:22:09,Mostly Cloudy,11,11,32
14:24:08,Mostly Cloudy,11,11,32
14:26:09,Mostly Cloudy,11,11,32
14:28:09,Mostly Cloudy,11,11,32
14:30:09,Mostly Cloudy,11,11,32
14:32:09,Mostly Cloudy,11,11,32
14:34:09,Mostly Cloudy,11,11,32
14:36:09,Mostly Cloudy,11,11,32
14:38:08,Mostly Cloudy,11,11,32
14:40:09,Mostly Cloudy,11,11,32
14:42:09,Mostly Cloudy,11,11,32
14:44:09,Mostly Cloudy,11,11,32
14:46:08,Mostly Cloudy,11,11,32
14:48:08,Mostly Cloudy,11,11,32
14:50:09,Mostly Cloudy,11,11,32
14:52:09,Mostly Cloudy,11,11,32
14:54:09,Mostly Cloudy,11,11,32
14:56:08,Mostly Cloudy,11,11,32
14:58:08,Mostly Cloudy,11,11,32
15:00:09,Mostly Cloudy,11,11,32
15:02:09,Mostly Cloudy,11,11,32
15:04:09,Mostly Cloudy,11,11,32
15:06:08,Mostly Cloudy,11,11,32
15:08:09,Mostly Cloudy,11,11,32
15:10:09,Mostly Cloudy,11,11,32
15:12:09,Mostly Cloudy,12,12,24
15:14:08,Mostly Cloudy,12,12,24
15:16:09,Mostly Cloudy,12,12,24
15:18:08,Mostly Cloudy,12,12,24
15:20:09,Mostly Cloudy,12,12,24
15:22:09,Mostly Cloudy,12,12,24
15:24:09,Mostly Cloudy,12,12,24
15:26:08,Mostly Cloudy,12,12,24
15:28:08,Mostly Cloudy,12,12,24
15:30:08,Mostly Cloudy,12,12,24
15:32:09,Mostly Cloudy,12,12,24
15:34:09,Mostly Cloudy,12,12,24
15:36:09,Mostly Cloudy,12,12,24
15:38:09,Mostly Cloudy,12,12,24
15:40:09,Mostly Cloudy,12,12,24
15:42:08,Mostly Cloudy,12,12,24
15:44:08,Mostly Cloudy,12,12,24
15:46:09,Mostly Cloudy,12,12,24
15:48:09,Mostly Cloudy,12,12,24
15:50:09,Mostly Cloudy,12,12,24
15:52:09,Mostly Cloudy,12,12,24
15:54:08,Mostly Cloudy,12,12,24
15:56:08,Mostly Cloudy,12,12,24
15:58:08,Mostly Cloudy,12,12,24
16:00:09,Mostly Cloudy,12,12,24
16:02:09,Mostly Cloudy,12,12,24
16:04:08,Mostly Cloudy,12,12,24
16:06:09,Mostly Cloudy,12,12,24
16:08:09,Mostly Cloudy,12,12,24
16:10:09,Mostly Cloudy,12,12,24
16:12:08,Mostly Cloudy,12,12,24
16:14:08,Mostly Cloudy,12,12,24
16:16:09,Mostly Cloudy,12,12,22
16:18:08,Mostly Cloudy,12,12,22
16:20:09,Mostly Cloudy,12,12,22
16:22:09,Mostly Cloudy,12,12,22
16:24:08,Mostly Cloudy,12,12,22
16:26:09,Mostly Cloudy,12,12,22
16:28:09,Mostly Cloudy,12,12,22
16:30:08,Mostly Cloudy,12,12,22
16:32:09,Mostly Cloudy,12,12,22
16:34:09,Mostly Cloudy,12,12,22
16:36:09,Mostly Cloudy,12,12,22
16:38:09,Mostly Cloudy,12,12,22
16:40:09,Mostly Cloudy,12,12,22
16:42:08,Mostly Cloudy,12,12,22
16:44:09,Mostly Cloudy,12,12,22
16:46:09,Mostly Cloudy,12,12,22
16:48:08,Mostly Cloudy,12,12,22
16:50:08,Mostly Cloudy,12,12,22
16:52:09,Mostly Cloudy,12,12,22
16:54:09,Mostly Cloudy,12,12,22
16:56:09,Mostly Cloudy,12,12,22
16:58:08,Mostly Cloudy,12,12,22
17:00:09,Mostly Cloudy,12,12,22
17:02:09,Mostly Cloudy,12,12,22
17:04:09,Mostly Cloudy,12,12,22
17:06:08,Mostly Cloudy,12,12,22
17:08:09,Mostly Cloudy,12,12,22
17:10:09,Mostly Cloudy,12,12,22
17:12:09,Mostly Cloudy,12,12,22
17:14:09,Mostly Cloudy,12,12,22
17:16:08,Mostly Cloudy,12,12,19
17:18:09,Mostly Cloudy,12,12,19
17:20:09,Mostly Cloudy,12,12,19
17:22:09,Mostly Cloudy,12,12,19
17:24:09,Mostly Cloudy,12,12,19
17:26:08,Mostly Cloudy,12,12,19
17:28:08,Mostly Cloudy,12,12,19
17:30:09,Mostly Cloudy,12,12,19
17:32:09,Mostly Cloudy,12,12,19
17:34:09,Mostly Cloudy,12,12,19
17:36:09,Mostly Cloudy,12,12,19
17:38:09,Mostly Cloudy,12,12,19
17:40:09,Mostly Cloudy,12,12,19
17:42:08,Mostly Cloudy,12,12,19
17:44:08,Mostly Cloudy,12,12,19
17:46:09,Mostly Cloudy,12,12,19
17:48:09,Mostly Cloudy,12,12,19
17:50:08,Mostly Cloudy,12,12,19
17:52:09,Mostly Cloudy,12,12,19
17:54:09,Mostly Cloudy,12,12,19
17:56:09,Mostly Cloudy,12,12,19
17:58:08,Mostly Cloudy,12,12,19
18:00:08,Mostly Cloudy,12,12,19
18:02:09,Mostly Cloudy,12,12,19
18:04:09,Mostly Cloudy,12,12,19
18:06:08,Mostly Cloudy,12,12,19
18:08:09,Mostly Cloudy,12,12,19
18:10:09,Mostly Cloudy,12,12,19
18:12:09,Mostly Cloudy,12,12,19
18:14:08,Mostly Cloudy,12,12,19
18:16:08,Mostly Cloudy,12,12,12
18:18:09,Mostly Cloudy,12,12,12
18:20:08,Mostly Cloudy,12,12,12
18:22:09,Mostly Cloudy,12,12,12
18:24:09,Mostly Cloudy,12,12,12
18:26:09,Mostly Cloudy,12,12,12
18:28:09,Mostly Cloudy,12,12,12
18:30:09,Mostly Cloudy,12,12,12
18:32:09,Mostly Cloudy,12,12,12
18:34:09,Mostly Cloudy,12,12,12
18:36:09,Mostly Cloudy,12,12,12
18:38:09,Mostly Cloudy,12,12,12
18:40:09,Mostly Cloudy,12,12,12
18:42:09,Mostly Cloudy,12,12,12
18:44:08,Mostly Cloudy,12,12,12
18:46:09,Mostly Cloudy,12,12,12
18:48:09,Mostly Cloudy,12,12,12
18:50:08,Mostly Cloudy,12,12,12
18:52:08,Mostly Cloudy,12,12,12
18:54:09,Mostly Cloudy,12,12,12
18:56:09,Mostly Cloudy,12,12,12
18:58:08,Mostly Cloudy,12,12,12
19:00:08,Mostly Cloudy,12,12,12
19:02:09,Mostly Cloudy,12,12,12
19:04:09,Mostly Cloudy,12,12,12
19:06:08,Mostly Cloudy,12,12,12
19:08:09,Mostly Cloudy,12,12,12
19:10:09,Mostly Cloudy,12,12,12
19:12:09,Mostly Cloudy,12,12,12
19:14:09,Mostly Cloudy,12,12,12
19:16:09,Mostly Cloudy,12,12,12
19:18:08,Mostly Cloudy,12,12,12
19:20:08,Mostly Cloudy,11,11,8
19:22:09,Mostly Cloudy,11,11,8
19:24:09,Mostly Cloudy,11,11,8
19:26:09,Mostly Cloudy,11,11,8
19:28:08,Mostly Cloudy,11,11,8
19:30:09,Mostly Cloudy,11,11,8
19:32:09,Mostly Cloudy,11,11,8
19:34:09,Mostly Cloudy,11,11,8
19:36:08,Mostly Cloudy,11,11,8
19:38:09,Mostly Cloudy,11,11,8
19:40:09,Mostly Cloudy,11,11,8
19:42:08,Mostly Cloudy,11,11,8
19:44:09,Mostly Cloudy,11,11,8
19:46:09,Mostly Cloudy,11,11,8
19:48:09,Mostly Cloudy,11,11,8
19:50:08,Mostly Cloudy,11,11,8
19:52:08,Mostly Cloudy,11,11,8
19:54:09,Mostly Cloudy,11,11,8
19:56:09,Mostly Cloudy,11,11,8
19:58:08,Mostly Cloudy,11,11,8
20:00:09,Mostly Cloudy,11,11,8
20:02:09,Mostly Cloudy,11,11,8
20:04:08,Mostly Cloudy,11,11,8
20:06:08,Mostly Cloudy,11,11,8
20:08:09,Mostly Cloudy,11,11,8
20:10:09,Mostly Cloudy,11,11,8
20:12:09,Mostly Cloudy,11,11,8
20:14:08,Mostly Cloudy,11,11,8
20:16:09,Mostly Cloudy,11,11,8
20:18:09,Mostly Cloudy,11,11,8
20:20:08,Mostly Cloudy,11,11,8
20:22:09,Mostly Cloudy,11,11,8
20:24:09,Mostly Cloudy,11,11,8
20:26:09,Mostly Cloudy,11,11,8
20:28:09,Mostly Cloudy,11,11,8
20:30:09,Mostly Cloudy,11,11,8
20:32:09,Mostly Cloudy,11,11,8
20:34:08,Mostly Cloudy,11,11,8
20:36:08,Mostly Cloudy,11,11,8
20:38:09,Mostly Cloudy,11,11,8
20:40:09,Mostly Cloudy,11,11,8
20:42:08,Mostly Cloudy,11,11,8
20:44:09,Mostly Cloudy,11,11,8
20:46:09,Mostly Cloudy,11,11,8
20:48:09,Mostly Cloudy,11,11,8
20:50:09,Mostly Cloudy,11,11,8
20:52:09,Mostly Cloudy,11,11,8
20:54:09,Mostly Cloudy,11,11,8
20:56:09,Mostly Cloudy,11,11,8
20:58:08,Mostly Cloudy,11,11,8
21:00:08,Mostly Cloudy,11,11,8
21:02:09,Mostly Cloudy,11,11,8
21:04:09,Mostly Cloudy,11,11,8
21:06:08,Mostly Cloudy,11,11,8
21:08:09,Mostly Cloudy,11,11,8
21:10:08,Mostly Cloudy,11,11,8
21:12:09,Mostly Cloudy,11,11,8
21:14:09,Mostly Cloudy,11,11,8
21:16:08,Mostly Cloudy,11,11,8
21:18:09,Mostly Cloudy,11,11,8
21:20:09,Mostly Cloudy,11,11,8
21:22:09,Mostly Cloudy,11,11,8
21:24:09,Mostly Cloudy,11,11,8
21:26:08,Mostly Cloudy,11,11,8
21:28:09,Mostly Cloudy,11,11,8
21:30:09,Mostly Cloudy,11,11,8
21:32:09,Mostly Cloudy,11,11,8
21:34:09,Mostly Cloudy,11,11,8
21:36:08,Mostly Cloudy,11,11,8
21:38:08,Mostly Cloudy,11,11,8
21:40:09,Mostly Cloudy,11,11,8
21:42:09,Mostly Cloudy,11,11,8
21:44:09,Mostly Cloudy,11,11,8
21:46:08,Mostly Cloudy,11,11,8
21:48:08,Mostly Cloudy,11,11,8
21:50:09,Mostly Cloudy,11,11,8
21:52:09,Mostly Cloudy,11,11,8
21:54:09,Mostly Cloudy,11,11,8
21:56:09,Mostly Cloudy,11,11,8
21:58:08,Mostly Cloudy,11,11,8
22:00:09,Mostly Cloudy,11,11,8
22:02:09,Mostly Cloudy,11,11,8
22:04:09,Mostly Cloudy,11,11,8
22:06:09,Mostly Cloudy,11,11,8
22:08:09,Mostly Cloudy,11,11,8
22:10:08,Mostly Cloudy,11,11,8
22:12:08,Mostly Cloudy,11,11,8
22:14:09,Mostly Cloudy,10,10,1
22:16:09,Mostly Cloudy,10,10,1
22:18:09,Mostly Cloudy,10,10,1
22:20:09,Mostly Cloudy,10,10,1
22:22:09,Mostly Cloudy,10,10,1
22:24:08,Mostly Cloudy,10,10,1
22:26:09,Mostly Cloudy,10,10,1
22:28:08,Mostly Cloudy,10,10,1
22:30:09,Mostly Cloudy,10,10,1
22:32:09,Mostly Cloudy,10,10,1
22:34:08,Mostly Cloudy,10,10,1
22:36:08,Mostly Cloudy,10,10,1
22:38:09,Mostly Cloudy,10,10,1
22:40:09,Mostly Cloudy,10,10,1
22:42:09,Mostly Cloudy,10,10,1
22:44:08,Mostly Cloudy,10,10,1
22:46:09,Mostly Cloudy,10,10,1
22:48:08,Mostly Cloudy,10,10,1
22:50:08,Mostly Cloudy,10,10,1
22:52:09,Mostly Cloudy,10,10,1
22:54:09,Mostly Cloudy,10,10,1
22:56:08,Mostly Cloudy,10,10,1
22:58:08,Mostly Cloudy,10,10,1
23:00:08,Mostly Cloudy,10,10,1
23:02:09,Mostly Cloudy,10,10,1
23:04:09,Mostly Cloudy,10,10,1
23:06:09,Mostly Cloudy,10,10,1
23:08:08,Mostly Cloudy,10,10,1
23:10:09,Mostly Cloudy,10,10,1
23:12:09,Mostly Cloudy,10,10,1
23:14:09,Mostly Cloudy,10,10,3
23:16:08,Mostly Cloudy,10,10,3
23:18:09,Mostly Cloudy,10,10,3
23:20:09,Mostly Cloudy,10,10,3
23:22:08,Mostly Cloudy,10,10,3
23:24:09,Mostly Cloudy,10,10,3
23:26:09,Mostly Cloudy,10,10,3
23:28:09,Mostly Cloudy,10,10,3
23:30:08,Mostly Cloudy,10,10,3
23:32:09,Mostly Cloudy,10,10,3
23:34:09,Mostly Cloudy,10,10,3
23:36:08,Mostly Cloudy,10,10,3
23:38:08,Mostly Cloudy,10,10,3
23:40:09,Mostly Cloudy,10,10,3
23:42:09,Mostly Cloudy,10,10,3
23:44:09,Mostly Cloudy,10,10,3
23:46:08,Mostly Cloudy,10,10,3
23:48:09,Mostly Cloudy,10,10,3
23:50:09,Mostly Cloudy,10,10,3
23:52:08,Mostly Cloudy,10,10,3
23:54:08,Mostly Cloudy,10,10,3
23:56:09,Mostly Cloudy,10,10,3
23:58:09,Mostly Cloudy,10,10,3
