Time,Weather,Temperature,Feels_Like,Wind_Speed
00:00:09,Mostly Cloudy,8,6,22
00:02:08,Mostly Cloudy,8,6,22
00:04:09,Mostly Cloudy,8,6,22
00:06:09,Mostly Cloudy,8,6,22
00:08:09,Mostly Cloudy,8,6,22
00:10:09,Mostly Cloudy,8,6,22
00:12:09,Mostly Cloudy,8,6,22
00:14:09,Mostly Cloudy,8,6,22
00:16:09,Mostly Cloudy,8,6,22
00:18:08,Mostly Cloudy,8,6,22
00:20:08,Mostly Cloudy,8,6,22
00:22:09,Mostly Cloudy,8,6,22
00:24:09,Mostly Cloudy,8,6,22
00:26:08,Mostly Cloudy,8,6,22
00:28:09,Mostly Cloudy,8,6,22
00:30:09,Mostly Cloudy,8,6,22
00:32:08,Mostly Cloudy,8,6,22
00:34:09,Mostly Cloudy,8,6,22
00:36:09,Mostly Cloudy,8,6,22
00:38:09,Mostly Cloudy,8,6,22
00:40:08,Mostly Cloudy,8,6,22
00:42:08,Mostly Cloudy,8,6,22
00:44:09,Mostly Cloudy,8,6,22
00:46:09,Mostly Cloudy,8,6,22
00:48:08,Mostly Cloudy,8,6,22
00:50:08,Mostly Cloudy,8,6,22
00:52:09,Mostly Cloudy,8,6,22
00:54:09,Mostly Cloudy,8,6,22
00:56:08,Mostly Cloudy,8,6,22
00:58:09,Mostly Cloudy,8,6,22
01:00:17,Mostly Cloudy,8,6,22
01:02:09,Mostly Cloudy,8,6,22
01:04:08,Mostly Cloudy,8,6,22
01:06:09,Mostly Cloudy,8,6,22
01:08:09,Mostly Cloudy,8,6,22
01:10:09,Mostly Cloudy,8,6,22
01:12:09,Mostly Cloudy,8,6,22
01:14:08,Mostly Cloudy,7,5,19
01:16:09,Mostly Cloudy,7,5,19
01:18:09,Mostly Cloudy,7,5,19
01:20:09,Mostly Cloudy,7,5,19
01:22:09,Mostly Cloudy,7,5,19
01:24:09,Mostly Cloudy,7,5,19
01:26:09,Mostly Cloudy,7,5,19
01:28:08,Mostly Cloudy,7,5,19
01:30:08,Mostly Cloudy,7,5,19
01:32:09,Mostly Cloudy,7,5,19
01:34:09,Mostly Cloudy,7,5,19
01:36:08,Mostly Cloudy,7,5,19
01:38:08,Mostly Cloudy,7,5,19
01:40:09,Mostly Cloudy,7,5,19
01:42:09,Mostly Cloudy,7,5,19
01:44:09,Mostly Cloudy,7,5,19
01:46:09,Mostly Cloudy,7,5,19
01:48:09,Mostly Cloudy,7,5,19
01:50:09,Mostly Cloudy,7,5,19
01:52:08,Mostly Cloudy,7,5,19
01:54:09,Mostly Cloudy,7,5,19
01:56:09,Mostly Cloudy,7,5,19
01:58:09,Mostly Cloudy,7,5,19
02:00:08,Mostly Cloudy,7,5,19
02:02:09,Mostly Cloudy,7,5,19
02:04:09,Mostly Cloudy,7,5,19
02:06:09,Mostly Cloudy,7,5,19
02:08:08,Mostly Cloudy,7,5,19
02:10:09,Mostly Cloudy,7,5,19
02:12:09,Mostly Cloudy,7,5,19
02:14:09,Mostly Cloudy,7,4,22
02:16:09,Mostly Cloudy,7,4,22
02:18:09,Mostly Cloudy,7,4,22
02:20:08,Mostly Cloudy,7,4,22
02:22:09,Mostly Cloudy,7,4,22
02:24:09,Mostly Cloudy,7,4,22
02:26:09,Mostly Cloudy,7,4,22
02:28:08,Mostly Cloudy,7,4,22
02:30:08,Mostly Cloudy,7,4,22
02:32:09,Mostly Cloudy,7,4,22
02:34:09,Mostly Cloudy,7,4,22
02:36:08,Mostly Cloudy,7,4,22
02:38:09,Mostly Cloudy,7,4,22
02:40:09,Mostly Cloudy,7,4,22
02:42:09,Mostly Cloudy,7,4,22
02:44:08,Mostly Cloudy,7,4,22
02:46:09,Mostly Cloudy,7,4,22
02:48:09,Mostly Cloudy,7,4,22
02:50:09,Mostly Cloudy,7,4,22
02:52:09,Mostly Cloudy,7,4,22
02:54:08,Mostly Cloudy,7,4,22
02:56:09,Mostly Cloudy,7,4,22
02:58:09,Mostly Cloudy,7,4,22
03:00:09,Mostly Cloudy,7,4,22
03:02:09,Mostly Cloudy,7,4,22
03:04:09,Mostly Cloudy,7,4,22
03:06:09,Mostly Cloudy,7,4,22
03:08:08,Mostly Cloudy,7,4,22
03:10:08,Mostly Cloudy,7,4,22
03:12:09,Mostly Cloudy,7,4,22
03:14:09,Mostly Cloudy,7,4,22
03:16:09,Mostly Cloudy,7,4,22
03:18:09,Mostly Cloudy,7,4,22
03:20:09,Mostly Cloudy,7,5,19
03:22:09,Mostly Cloudy,7,5,19
03:24:08,Mostly Cloudy,7,5,19
03:26:08,Mostly Cloudy,7,5,19
03:28:09,Mostly Cloudy,7,5,19
03:30:09,Mostly Cloudy,7,5,19
03:32:09,Mostly Cloudy,7,5,19
03:34:08,Mostly Cloudy,7,5,19
03:36:09,Mostly Cloudy,7,5,19
03:38:09,Mostly Cloudy,7,5,19
03:40:09,Mostly Cloudy,7,5,19
03:42:09,Mostly Cloudy,7,5,19
03:44:08,Mostly Cloudy,7,5,19
03:46:09,Mostly Cloudy,7,5,19
03:48:09,Mostly Cloudy,7,5,19
03:50:08,Mostly Cloudy,7,5,19
03:52:09,Mostly Cloudy,7,5,19
03:54:08,Mostly Cloudy,7,5,19
03:56:08,Mostly Cloudy,7,5,19
03:58:09,Mostly Cloudy,7,5,19
04:00:09,Mostly Cloudy,7,5,19
04:02:08,Mostly Cloudy,7,5,19
04:04:08,Mostly Cloudy,7,5,19
04:06:09,Mostly Cloudy,7,5,19
04:08:09,Mostly Cloudy,7,5,19
04:10:09,Mostly Cloudy,7,5,19
04:12:08,Mostly Cloudy,7,5,19
04:14:09,Mostly Cloudy,7,5,20
04:16:09,Mostly Cloudy,7,5,20
04:18:08,Mostly Cloudy,7,5,20
04:20:09,Mostly Cloudy,7,5,20
04:22:09,Mostly Cloudy,7,5,20
04:24:09,Mostly Cloudy,7,5,20
04:26:09,Mostly Cloudy,7,5,20
04:28:09,Mostly Cloudy,7,5,20
04:30:09,Mostly Cloudy,7,5,20
04:32:08,Mostly Cloudy,7,5,20
04:34:09,Mostly Cloudy,7,5,20
04:36:09,Mostly Cloudy,7,5,20
04:38:08,Mostly Cloudy,7,5,20
04:40:09,Mostly Cloudy,7,5,20
04:42:09,Mostly Cloudy,7,5,20
04:44:09,Mostly Cloudy,7,5,20
04:46:08,Mostly Cloudy,7,5,20
04:48:09,Mostly Cloudy,7,5,20
04:50:09,Mostly Cloudy,7,5,20
04:52:08,Mostly Cloudy,7,5,20
04:54:09,Mostly Cloudy,7,5,20
04:56:09,Mostly Cloudy,7,5,20
04:58:09,Mostly Cloudy,7,5,20
05:00:08,Mostly Cloudy,7,5,20
05:02:08,Mostly Cloudy,7,5,20
05:04:09,Mostly Cloudy,7,5,20
05:06:09,Mostly Cloudy,7,5,20
05:08:08,Mostly Cloudy,7,5,20
05:10:08,Mostly Cloudy,7,5,20
05:12:08,Mostly Cloudy,7,5,20
05:14:09,Mostly Cloudy,7,4,25
05:16:09,Mostly Cloudy,7,4,25
05:18:08,Mostly Cloudy,7,4,25
05:20:09,Mostly Cloudy,7,4,25
05:22:09,Mostly Cloudy,7,4,25
05:24:09,Mostly Cloudy,7,4,25
05:26:08,Mostly Cloudy,7,4,25
05:28:09,Mostly Cloudy,7,4,25
05:30:09,Mostly Cloudy,7,4,25
05:32:09,Mostly Cloudy,7,4,25
05:34:08,Mostly Cloudy,7,4,25
05:36:09,Mostly Cloudy,7,4,25
05:38:09,Mostly Cloudy,7,4,25
05:40:08,Mostly Cloudy,7,4,25
05:42:09,Mostly Cloudy,7,4,25
05:44:09,Mostly Cloudy,7,4,25
05:46:08,Mostly Cloudy,7,4,25
05:48:09,Mostly Cloudy,7,4,25
05:50:09,Mostly Cloudy,7,4,25
05:52:09,Mostly Cloudy,7,4,25
05:54:09,Mostly Cloudy,7,4,25
05:56:09,Mostly Cloudy,7,4,25
05:58:08,Mostly Cloudy,7,4,25
06:00:08,Mostly Cloudy,7,4,25
06:02:09,Mostly Cloudy,7,4,25
06:04:09,Mostly Cloudy,7,4,25
06:06:08,Mostly Cloudy,7,4,25
06:08:09,Mostly Cloudy,7,4,25
06:10:09,Mostly Cloudy,7,4,25
06:12:09,Mostly Cloudy,7,4,25
06:14:09,Mostly Cloudy,7,4,25
06:16:09,Mostly Cloudy,7,4,25
06:18:09,Mostly Cloudy,7,4,25
06:20:09,Mostly Cloudy,7,4,25
06:22:09,Mostly Cloudy,7,4,25
06:24:09,Mostly Cloudy,7,4,25
06:26:09,Mostly Cloudy,7,4,25
06:28:09,Mostly Cloudy,7,4,25
06:30:09,Mostly Cloudy,7,4,25
06:32:08,Mostly Cloudy,7,4,25
06:34:09,Mostly Cloudy,7,4,25
06:36:09,Mostly Cloudy,7,4,25
06:38:09,Mostly Cloudy,7,4,25
06:40:09,Mostly Cloudy,7,4,25
06:42:09,Mostly Cloudy,7,4,25
06:44:09,Mostly Cloudy,7,4,25
06:46:09,Mostly Cloudy,7,4,25
06:48:09,Mostly Cloudy,7,4,25
06:50:08,Mostly Cloudy,7,4,25
06:52:09,Mostly Cloudy,7,4,25
06:54:09,Mostly Cloudy,7,4,25
06:56:09,Mostly Cloudy,7,4,25
06:58:08,Mostly Cloudy,7,4,25
07:00:08,Mostly Cloudy,7,4,25
07:02:09,Mostly Cloudy,7,4,25
07:04:09,Mostly Cloudy,7,4,25
07:06:09,Mostly Cloudy,7,4,25
07:08:09,Light Drizzle,7,5,20
07:10:08,Light Drizzle,7,5,20
07:12:09,Light Drizzle,7,5,20
07:14:09,Light Drizzle,7,5,20
07:16:09,Light Drizzle,7,5,20
07:18:09,Light Drizzle,7,5,20
07:20:09,Light Drizzle,7,5,20
07:22:09,Light Drizzle,7,5,20
07:24:09,Light Drizzle,7,5,20
07:26:09,Light Drizzle,7,5,20
07:28:09,Light Drizzle,7,5,20
07:30:09,Light Drizzle,7,5,20
07:32:08,Light Drizzle,7,5,20
07:34:09,Light Drizzle,7,5,20
07:36:09,Light Drizzle,7,5,20
07:38:09,Light Drizzle,7,5,20
07:40:08,Light Drizzle,7,5,20
07:42:09,Light Drizzle,7,5,20
07:44:09,Light Drizzle,7,5,20
07:46:09,Light Drizzle,7,5,20
07:48:09,Light Drizzle,7,5,20
07:50:09,Light Drizzle,7,5,20
07:52:08,Light Drizzle,7,5,20
07:54:09,Light Drizzle,7,5,20
07:56:09,Light Drizzle,7,5,20
07:58:10,Light Drizzle,7,5,20
08:00:09,Light Drizzle,7,5,20
08:02:09,Light Drizzle,7,5,20
08:04:08,Light Drizzle,7,5,20
08:06:09,Light Drizzle,7,5,20
08:08:09,Light Drizzle,7,4,22
08:10:08,Light Drizzle,7,4,22
08:12:08,Light Drizzle,7,4,22
08:14:09,Light Drizzle,7,4,22
08:16:09,Light Drizzle,7,4,22
08:18:09,Light Drizzle,7,4,22
08:20:09,Light Drizzle,7,4,22
08:22:09,Light Drizzle,7,4,22
08:24:09,Light Drizzle,7,4,22
08:26:08,Light Drizzle,7,4,22
08:28:08,Light Drizzle,7,4,22
08:30:08,Light Drizzle,7,4,22
08:32:09,Light Drizzle,7,4,22
08:34:09,Light Drizzle,7,4,22
08:36:08,Light Drizzle,7,4,22
08:38:09,Light Drizzle,7,4,22
08:40:09,Light Drizzle,7,4,22
08:42:09,Light Drizzle,7,4,22
08:44:09,Light Drizzle,7,4,22
08:46:09,Light Drizzle,7,4,22
08:48:08,Light Drizzle,7,4,22
08:50:08,Light Drizzle,7,4,22
08:52:09,Light Drizzle,7,4,22
08:54:09,Light Drizzle,7,4,22
08:56:09,Light Drizzle,7,4,22
08:58:08,Light Drizzle,7,4,22
09:00:09,Light Drizzle,7,4,22
09:02:09,Light Drizzle,7,4,22
09:04:08,Light Drizzle,7,4,22
09:06:08,Light Drizzle,7,4,22
09:08:09,Light Drizzle,7,4,22
09:10:09,Light Drizzle,7,4,22
09:12:08,Light Drizzle,7,4,22
09:14:08,Mostly Cloudy,8,6,19
09:16:09,Mostly Cloudy,8,6,19
09:18:09,Mostly Cloudy,8,6,19
09:20:08,Mostly Cloudy,8,6,19
09:22:09,Mostly Cloudy,8,6,19
09:24:09,Mostly Cloudy,8,6,19
09:26:08,Mostly Cloudy,8,6,19
09:28:09,Mostly Cloudy,8,6,19
09:30:09,Mostly Cloudy,8,6,19
09:32:09,Mostly Cloudy,8,6,19
09:34:09,Mostly Cloudy,8,6,19
09:36:09,Mostly Cloudy,8,6,19
09:38:09,Mostly Cloudy,8,6,19
09:40:08,Mostly Cloudy,8,6,19
09:42:08,Mostly Cloudy,8,6,19
09:44:09,Mostly Cloudy,8,6,19
09:46:09,Mostly Cloudy,8,6,19
09:48:09,Mostly Cloudy,8,6,19
09:50:08,Mostly Cloudy,8,6,19
09:52:08,Mostly Cloudy,8,6,19
09:54:09,Mostly Cloudy,8,6,19
09:56:09,Mostly Cloudy,8,6,19
09:58:09,Mostly Cloudy,8,6,19
10:00:08,Mostly Cloudy,8,6,19
10:02:08,Mostly Cloudy,8,6,19
10:04:09,Mostly Cloudy,8,6,19
10:06:09,Mostly Cloudy,8,6,19
10:08:09,Mostly Cloudy,8,6,19
10:10:08,Mostly Cloudy,8,6,19
10:12:08,Mostly Cloudy,8,6,19
10:14:09,Mostly Cloudy,8,6,19
10:16:09,Mostly Cloudy,8,6,19
10:18:08,Mostly Cloudy,8,6,19
10:20:09,Light Drizzle,8,6,22
10:22:09,Light Drizzle,8,6,22
10:24:08,Light Drizzle,8,6,22
10:26:09,Light Drizzle,8,6,22
10:28:09,Light Drizzle,8,6,22
10:30:08,Light Drizzle,8,6,22
10:32:09,Light Drizzle,8,6,22
10:34:09,Light Drizzle,8,6,22
10:36:09,Light Drizzle,8,6,22
10:38:08,Light Drizzle,8,6,22
10:40:09,Light Drizzle,8,6,22
10:42:09,Light Drizzle,8,6,22
10:44:09,Light Drizzle,8,6,22
10:46:09,Light Drizzle,8,6,22
10:48:09,Light Drizzle,8,6,22
10:50:09,Light Drizzle,8,6,22
10:52:08,Light Drizzle,8,6,22
10:54:08,Light Drizzle,8,6,22
10:56:08,Light Drizzle,8,6,22
10:58:09,Light Drizzle,8,6,22
11:00:09,Light Drizzle,8,6,22
11:02:08,Light Drizzle,8,6,22
11:04:09,Light Drizzle,8,6,22
11:06:09,Light Drizzle,8,6,22
11:08:09,Light Drizzle,10,10,22
11:10:08,Light Drizzle,10,10,22
11:12:08,Light Drizzle,10,10,22
11:14:09,Light Drizzle,10,10,22
11:16:09,Light Drizzle,10,10,22
11:18:09,Light Drizzle,10,10,22
11:20:09,Light Drizzle,10,10,22
11:22:08,Light Drizzle,10,10,22
11:24:08,Light Drizzle,10,10,22
11:26:09,Light Drizzle,10,10,22
11:28:08,Light Drizzle,10,10,22
11:30:08,Light Drizzle,10,10,22
11:32:08,Light Drizzle,10,10,22
11:34:09,Light Drizzle,10,10,22
11:36:09,Light Drizzle,10,10,22
11:38:09,Light Drizzle,10,10,22
11:40:09,Light Drizzle,10,10,22
11:42:09,Light Drizzle,10,10,22
11:44:08,Light Drizzle,10,10,22
11:46:09,Light Drizzle,10,10,22
11:48:09,Light Drizzle,10,10,22
11:50:09,Light Drizzle,10,10,22
11:52:09,Light Drizzle,10,10,22
11:54:08,Light Drizzle,10,10,22
11:56:08,Light Drizzle,10,10,22
11:58:09,Light Drizzle,10,10,22
12:00:09,Light Drizzle,10,10,22
12:02:08,Light Drizzle,10,10,22
12:04:09,Light Drizzle,10,10,22
12:06:09,Light Drizzle,10,10,22
12:08:09,Light Drizzle,11,11,25
12:10:09,Light Drizzle,11,11,25
12:12:08,Light Drizzle,11,11,25
12:14:09,Light Drizzle,10,10,22
12:16:09,Light Drizzle,10,10,22
12:18:08,Light Drizzle,10,10,22
12:20:09,Light Drizzle,11,11,25
12:22:09,Light Drizzle,11,11,25
12:24:08,Light Drizzle,11,11,25
12:26:09,Light Drizzle,11,11,25
12:28:09,Light Drizzle,11,11,25
12:30:09,Light Drizzle,11,11,25
12:32:09,Light Drizzle,11,11,25
12:34:09,Light Drizzle,11,11,25
12:36:08,Light Drizzle,11,11,25
12:38:09,Light Drizzle,11,11,25
12:40:09,Light Drizzle,11,11,25
12:42:09,Light Drizzle,11,11,25
12:44:09,Light Drizzle,11,11,25
12:46:08,Light Drizzle,11,11,25
12:48:09,Light Drizzle,11,11,25
12:50:09,Light Drizzle,11,11,25
12:52:08,Light Drizzle,11,11,25
12:54:09,Light Drizzle,11,11,25
12:56:09,Light Drizzle,11,11,25
12:58:09,Light Drizzle,11,11,25
13:00:08,Light Drizzle,11,11,25
13:02:09,Light Drizzle,11,11,25
13:04:09,Light Drizzle,11,11,25
13:06:09,Light Drizzle,11,11,25
13:08:08,Light Drizzle,11,11,25
13:10:09,Light Drizzle,11,11,25
13:12:09,Light Drizzle,11,11,25
13:14:09,Light Drizzle,11,11,20
13:16:08,Light Drizzle,11,11,20
13:18:09,Light Drizzle,11,11,20
13:20:09,Light Drizzle,11,11,20
13:22:09,Light Drizzle,11,11,20
13:24:09,Light Drizzle,11,11,20
13:26:08,Light Drizzle,11,11,20
13:28:08,Light Drizzle,11,11,20
13:30:09,Light Drizzle,11,11,20
13:32:09,Light Drizzle,11,11,20
13:34:08,Light Drizzle,11,11,20
13:36:09,Light Drizzle,11,11,20
13:38:09,Light Drizzle,11,11,20
13:40:09,Light Drizzle,11,11,20
13:42:08,Light Drizzle,11,11,20
13:44:08,Light Drizzle,11,11,20
13:46:09,Light Drizzle,11,11,20
13:48:08,Light Drizzle,11,11,20
13:50:08,Light Drizzle,11,11,20
13:52:09,Light Drizzle,11,11,20
13:54:09,Light Drizzle,11,11,20
13:56:09,Light Drizzle,11,11,20
13:58:08,Light Drizzle,11,11,20
14:00:08,Light Drizzle,11,11,20
14:02:09,Light Drizzle,11,11,20
14:04:09,Light Drizzle,11,11,20
14:06:09,Light Drizzle,11,11,20
14:08:08,Light Drizzle,11,11,20
14:10:09,Light Drizzle,11,11,20
14:12:09,Light Drizzle,11,11,20
14:14:09,Light Drizzle,11,11,19
14:16:08,Light Drizzle,11,11,19
14:18:09,Light Drizzle,11,11,19
14:20:08,Light Drizzle,11,11,19
14:22:09,Light Drizzle,11,11,19
14:24:09,Light Drizzle,11,11,19
14:26:09,Light Drizzle,11,11,19
14:28:08,Light Drizzle,11,11,19
14:30:08,Light Drizzle,11,11,19
14:32:09,Light Drizzle,11,11,19
14:34:09,Light Drizzle,11,11,19
14:36:09,Light Drizzle,11,11,19
14:38:08,Light Drizzle,11,11,19
14:40:09,Light Drizzle,11,11,19
14:42:09,Light Drizzle,11,11,19
14:44:09,Light Drizzle,11,11,19
14:46:08,Light Drizzle,11,11,19
14:48:09,Light Drizzle,11,11,19
14:50:09,Light Drizzle,11,11,19
14:52:09,Light Drizzle,11,11,19
14:54:08,Light Drizzle,11,11,19
14:56:09,Light Drizzle,11,11,19
14:58:09,Light Drizzle,11,11,19
15:00:09,Light Drizzle,11,11,19
15:02:08,Light Drizzle,11,11,19
15:04:09,Light Drizzle,11,11,19
15:06:09,Light Drizzle,11,11,19
15:08:09,Light Drizzle,11,11,19
15:10:08,Light Drizzle,11,11,19
15:12:09,Light Drizzle,11,11,19
15:14:09,Light Drizzle,11,11,22
15:16:08,Light Drizzle,11,11,22
15:18:09,Light Drizzle,11,11,22
15:20:09,Light Drizzle,11,11,22
15:22:08,Light Drizzle,11,11,22
15:24:08,Light Drizzle,11,11,22
15:26:09,Light Drizzle,11,11,22
15:28:08,Light Drizzle,11,11,22
15:30:08,Light Drizzle,11,11,22
15:32:09,Light Drizzle,11,11,22
15:34:08,Light Drizzle,11,11,22
15:36:08,Light Drizzle,11,11,22
15:38:08,Light Drizzle,11,11,22
15:40:09,Light Drizzle,11,11,22
15:42:09,Light Drizzle,11,11,22
15:44:08,Light Drizzle,11,11,22
15:46:09,Light Drizzle,11,11,22
15:48:09,Light Drizzle,11,11,22
15:50:08,Light Drizzle,11,11,22
15:52:09,Light Drizzle,11,11,22
15:54:09,Light Drizzle,11,11,22
15:56:09,Light Drizzle,11,11,22
15:58:08,Light Drizzle,11,11,22
16:00:09,Light Drizzle,11,11,22
16:02:09,Light Drizzle,11,11,22
16:04:08,Light Drizzle,11,11,22
16:06:09,Light Drizzle,11,11,22
16:08:09,Cloudy,12,12,22
16:10:08,Cloudy,12,12,22
16:12:09,Cloudy,12,12,22
16:14:09,Cloudy,12,12,22
16:16:08,Cloudy,12,12,22
16:18:09,Cloudy,12,12,22
16:20:09,Cloudy,12,12,22
16:22:09,Cloudy,12,12,22
16:24:09,Cloudy,12,12,22
16:26:09,Cloudy,12,12,22
16:28:08,Cloudy,12,12,22
16:30:09,Cloudy,12,12,22
16:32:09,Cloudy,12,12,22
16:34:09,Cloudy,12,12,22
16:36:08,Cloudy,12,12,22
16:38:09,Cloudy,12,12,22
16:40:09,Cloudy,12,12,22
16:42:09,Cloudy,12,12,22
16:44:08,Cloudy,12,12,22
16:46:09,Cloudy,12,12,22
16:48:09,Cloudy,12,12,22
16:50:09,Cloudy,12,12,22
16:52:08,Cloudy,12,12,22
16:54:08,Cloudy,12,12,22
16:56:09,Cloudy,12,12,22
16:58:09,Cloudy,12,12,22
17:00:08,Cloudy,12,12,22
17:02:08,Cloudy,12,12,22
17:04:09,Cloudy,12,12,22
17:06:09,Cloudy,12,12,22
17:08:09,Cloudy,12,12,22
17:10:09,Cloudy,12,12,22
17:12:09,Cloudy,12,12,22
17:14:09,Cloudy,12,12,22
17:16:08,Cloudy,12,12,22
17:18:09,Cloudy,12,12,24
17:20:09,Cloudy,12,12,24
17:22:09,Cloudy,12,12,24
17:24:08,Cloudy,12,12,24
17:26:09,Cloudy,12,12,24
17:28:09,Cloudy,12,12,24
17:30:09,Cloudy,12,12,24
17:32:08,Cloudy,12,12,24
17:34:09,Cloudy,12,12,24
17:36:09,Cloudy,12,12,24
17:38:09,Cloudy,12,12,24
17:40:08,Cloudy,12,12,24
17:42:08,Cloudy,12,12,24
17:44:09,Cloudy,12,12,24
17:46:09,Cloudy,12,12,24
17:48:08,Cloudy,12,12,24
17:50:09,Cloudy,12,12,24
17:52:09,Cloudy,12,12,24
17:54:09,Cloudy,12,12,24
17:56:08,Cloudy,12,12,24
17:58:09,Cloudy,12,12,24
18:00:09,Cloudy,12,12,24
18:02:09,Cloudy,12,12,24
18:04:09,Cloudy,12,12,24
18:06:08,Cloudy,12,12,24
18:08:09,Cloudy,12,12,24
18:10:09,Cloudy,12,12,24
18:12:09,Cloudy,12,12,19
18:14:09,Cloudy,12,12,19
18:16:09,Cloudy,12,12,19
18:18:08,Cloudy,12,12,19
18:20:09,Cloudy,12,12,19
18:22:09,Cloudy,12,12,19
18:24:09,Cloudy,12,12,19
18:26:08,Cloudy,12,12,19
18:28:09,Cloudy,12,12,19
18:30:09,Cloudy,12,12,19
18:32:08,Cloudy,12,12,19
18:34:08,Cloudy,12,12,19
18:36:09,Cloudy,12,12,19
18:38:09,Cloudy,12,12,19
18:40:09,Cloudy,12,12,19
18:42:08,Cloudy,12,12,19
18:44:09,Cloudy,12,12,19
18:46:09,Cloudy,12,12,19
18:48:08,Cloudy,12,12,19
18:50:09,Cloudy,12,12,19
18:52:09,Cloudy,12,12,19
18:54:09,Cloudy,12,12,19
18:56:09,Cloudy,12,12,19
18:58:09,Cloudy,12,12,19
19:00:09,Cloudy,12,12,19
19:02:09,Cloudy,12,12,19
19:04:09,Cloudy,12,12,19
19:06:09,Cloudy,12,12,19
19:08:08,Cloudy,12,12,19
19:10:08,Cloudy,12,12,19
19:12:09,Cloudy,12,12,19
19:14:09,Cloudy,12,12,19
19:16:08,Cloudy,12,12,19
19:18:09,Cloudy,12,12,24
19:20:08,Cloudy,12,12,24
19:22:09,Cloudy,12,12,24
19:24:09,Cloudy,12,12,24
19:26:08,Cloudy,12,12,24
19:28:09,Cloudy,12,12,24
19:30:09,Cloudy,12,12,24
19:32:09,Cloudy,12,12,24
19:34:09,Cloudy,12,12,24
19:36:09,Cloudy,12,12,24
19:38:09,Cloudy,12,12,24
19:40:09,Cloudy,12,12,24
19:42:09,Cloudy,12,12,24
19:44:09,Cloudy,12,12,24
19:46:09,Cloudy,12,12,24
19:48:09,Cloudy,12,12,24
19:50:08,Cloudy,12,12,24
19:52:08,Cloudy,12,12,24
19:54:09,Cloudy,12,12,24
19:56:09,Cloudy,12,12,24
19:58:09,Cloudy,12,12,24
20:00:09,Cloudy,12,12,24
20:02:08,Cloudy,12,12,24
20:04:09,Cloudy,12,12,24
20:06:09,Cloudy,12,12,24
20:08:08,Cloudy,12,12,24
20:10:09,Cloudy,12,12,24
20:12:09,Cloudy,12,12,27
20:14:08,Cloudy,12,12,27
20:16:08,Cloudy,12,12,27
20:18:09,Cloudy,12,12,27
20:20:09,Cloudy,12,12,27
20:22:08,Cloudy,12,12,27
20:24:09,Cloudy,12,12,27
20:26:09,Cloudy,12,12,27
20:28:09,Cloudy,12,12,27
20:30:08,Cloudy,12,12,27
20:32:09,Cloudy,12,12,27
20:34:09,Cloudy,12,12,27
20:36:08,Cloudy,12,12,27
20:38:08,Cloudy,12,12,27
20:40:09,Cloudy,12,12,27
20:42:09,Cloudy,12,12,27
20:44:08,Cloudy,12,12,27
20:46:09,Cloudy,12,12,27
20:48:09,Cloudy,12,12,27
20:50:08,Cloudy,12,12,27
20:52:09,Cloudy,12,12,27
20:54:09,Cloudy,12,12,27
20:56:08,Cloudy,12,12,27
20:58:08,Cloudy,12,12,27
21:00:09,Cloudy,12,12,27
21:02:09,Cloudy,12,12,27
21:04:09,Cloudy,12,12,27
21:06:09,Cloudy,12,12,27
21:08:08,Cloudy,12,12,27
21:10:08,Cloudy,12,12,27
21:12:09,Cloudy,11,11,27
21:14:09,Cloudy,11,11,27
21:16:09,Cloudy,11,11,27
21:18:08,Cloudy,11,11,27
21:20:09,Cloudy,11,11,27
21:22:09,Cloudy,11,11,27
21:24:09,Cloudy,11,11,27
21:26:09,Cloudy,11,11,27
21:28:08,Cloudy,11,11,27
21:30:08,Cloudy,11,11,27
21:32:09,Cloudy,11,11,27
21:34:09,Cloudy,11,11,27
21:36:08,Cloudy,11,11,27
21:38:09,Cloudy,11,11,27
21:40:09,Cloudy,11,11,27
21:42:09,Cloudy,11,11,27
21:44:09,Cloudy,11,11,27
21:46:09,Cloudy,11,11,27
21:48:09,Cloudy,11,11,27
21:50:08,Cloudy,11,11,27
21:52:09,Cloudy,11,11,27
21:54:09,Cloudy,11,11,27
21:56:09,Cloudy,11,11,27
21:58:08,Cloudy,11,11,27
22:00:08,Cloudy,11,11,27
22:02:09,Cloudy,11,11,27
22:04:08,Cloudy,11,11,27
22:06:08,Cloudy,11,11,27
22:08:09,Cloudy,11,11,27
22:10:09,Cloudy,11,11,27
22:12:08,Light Drizzle,11,11,25
22:14:09,Light Drizzle,11,11,25
22:16:09,Light Drizzle,11,11,25
22:18:09,Light Drizzle,11,11,25
22:20:09,Light Drizzle,11,11,25
22:22:08,Light Drizzle,11,11,25
22:24:08,Light Drizzle,11,11,25
22:26:09,Light Drizzle,11,11,25
22:28:09,Light Drizzle,11,11,25
22:30:09,Light Drizzle,11,11,25
22:32:09,Light Drizzle,11,11,25
22:34:09,Light Drizzle,11,11,25
22:36:09,Light Drizzle,11,11,25
22:38:09,Light Drizzle,11,11,25
22:40:09,Light Drizzle,11,11,25
22:42:08,Light Drizzle,11,11,25
22:44:09,Light Drizzle,11,11,25
22:46:09,Light Drizzle,11,11,25
22:48:08,Light Drizzle,11,11,25
22:50:09,Light Drizzle,11,11,25
22:52:09,Light Drizzle,11,11,25
22:54:08,Light Drizzle,11,11,25
22:56:09,Light Drizzle,11,11,25
22:58:09,Light Drizzle,11,11,25
23:00:09,Light Drizzle,11,11,25
23:02:08,Light Drizzle,11,11,25
23:04:09,Light Drizzle,11,11,25
23:06:09,Light Drizzle,11,11,25
23:08:08,Light Drizzle,11,11,25
23:10:08,Light Drizzle,11,11,25
23:12:09,Light Drizzle,11,11,25
23:14:09,Light Drizzle,11,11,25
23:16:09,Light Drizzle,11,11,25
23:18:09,Light Drizzle,11,11,27
23:20:09,Light Drizzle,11,11,27
23:22:09,Light Drizzle,11,11,27
23:24:08,Light Drizzle,11,11,27
23:26:09,Light Drizzle,11,11,27
23:28:09,Light Drizzle,11,11,27
23:30:08,Light Drizzle,11,11,27
23:32:09,Light Drizzle,11,11,27
23:34:09,Light Drizzle,11,11,27
23:36:08,Light Drizzle,11,11,27
23:38:09,Light Drizzle,11,11,27
23:40:09,Light Drizzle,11,11,27
23:42:09,Light Drizzle,11,11,27
23:44:08,Light Drizzle,11,11,27
23:46:09,Light Drizzle,11,11,27
23:48:09,Light Drizzle,11,11,27
23:50:09,Light Drizzle,11,11,27
23:52:09,Light Drizzle,11,11,27
23:54:09,Light Drizzle,11,11,27
23:56:09,Light Drizzle,11,11,27
23:58:08,Light Drizzle,11,11,27
