Time,Weather,Temperature,Feels_Like,Wind_Speed
00:00:09,Mostly Cloudy,10,10,16
00:02:09,Mostly Cloudy,10,10,16
00:04:09,Mostly Cloudy,10,10,16
00:06:09,Mostly Cloudy,10,10,16
00:08:09,Mostly Cloudy,10,10,16
00:10:08,Mostly Cloudy,10,10,16
00:12:09,Mostly Cloudy,10,10,16
00:14:09,Mostly Cloudy,10,10,16
00:16:09,Mostly Cloudy,10,10,9
00:18:09,Mostly Cloudy,10,10,9
00:20:09,Mostly Cloudy,10,10,9
00:22:09,Mostly Cloudy,10,10,9
00:24:09,Mostly Cloudy,10,10,9
00:26:09,Mostly Cloudy,10,10,9
00:28:08,Mostly Cloudy,10,10,9
00:30:09,Mostly Cloudy,10,10,9
00:32:09,Mostly Cloudy,10,10,9
00:34:08,Mostly Cloudy,10,10,9
00:36:09,Mostly Cloudy,10,10,9
00:38:09,Mostly Cloudy,10,10,9
00:40:08,Mostly Cloudy,10,10,9
00:42:09,Mostly Cloudy,10,10,9
00:44:09,Mostly Cloudy,10,10,9
00:46:09,Mostly Cloudy,10,10,9
00:48:08,Mostly Cloudy,10,10,9
00:50:09,Mostly Cloudy,10,10,9
00:52:09,Mostly Cloudy,10,10,9
00:54:09,Mostly Cloudy,10,10,9
00:56:09,Mostly Cloudy,10,10,9
00:58:09,Mostly Cloudy,10,10,9
01:00:16,Mostly Cloudy,10,10,9
01:02:09,Mostly Cloudy,10,10,9
01:04:09,Mostly Cloudy,10,10,9
01:06:09,Mostly Cloudy,10,10,9
01:08:09,Mostly Cloudy,10,10,9
01:10:09,Mostly Cloudy,10,10,12
01:12:09,Mostly Cloudy,10,10,12
01:14:09,Mostly Cloudy,10,10,12
01:16:09,Mostly Cloudy,10,10,12
01:18:08,Mostly Cloudy,10,10,12
01:20:09,Mostly Cloudy,10,10,12
01:22:09,Mostly Cloudy,10,10,12
01:24:08,Mostly Cloudy,10,10,12
01:26:08,Mostly Cloudy,10,10,12
01:28:09,Mostly Cloudy,10,10,12
01:30:09,Mostly Cloudy,10,10,12
01:32:09,Mostly Cloudy,10,10,12
01:34:08,Mostly Cloudy,10,10,12
01:36:08,Mostly Cloudy,10,10,12
01:38:09,Mostly Cloudy,10,10,12
01:40:09,Mostly Cloudy,10,10,12
01:42:09,Mostly Cloudy,10,10,12
01:44:08,Mostly Cloudy,10,10,12
01:46:09,Mostly Cloudy,10,10,12
01:48:09,Mostly Cloudy,10,10,12
01:50:08,Mostly Cloudy,10,10,12
01:52:09,Mostly Cloudy,10,10,12
01:54:09,Mostly Cloudy,10,10,12
01:56:09,Mostly Cloudy,10,10,12
01:58:08,Mostly Cloudy,10,10,12
02:00:09,Mostly Cloudy,10,10,12
02:02:09,Mostly Cloudy,10,10,12
02:04:08,Mostly Cloudy,10,10,12
02:06:08,Mostly Cloudy,10,10,12
02:08:09,Mostly Cloudy,10,10,12
02:10:09,Mostly Cloudy,10,10,12
02:12:09,Mostly Cloudy,10,10,11
02:14:08,Mostly Cloudy,10,10,11
02:16:09,Mostly Cloudy,10,10,11
02:18:09,Mostly Cloudy,10,10,11
02:20:08,Mostly Cloudy,10,10,11
02:22:08,Mostly Cloudy,10,10,11
02:24:09,Mostly Cloudy,10,10,11
02:26:09,Mostly Cloudy,10,10,11
02:28:09,Mostly Cloudy,10,10,11
02:30:09,Mostly Cloudy,10,10,11
02:32:08,Mostly Cloudy,10,10,11
02:34:09,Mostly Cloudy,10,10,11
02:36:09,Mostly Cloudy,10,10,11
02:38:09,Mostly Cloudy,10,10,11
02:40:08,Mostly Cloudy,10,10,11
02:42:09,Mostly Cloudy,10,10,11
02:44:09,Mostly Cloudy,10,10,11
02:46:09,Mostly Cloudy,10,10,11
02:48:09,Mostly Cloudy,10,10,11
02:50:08,Mostly Cloudy,10,10,11
02:52:09,Mostly Cloudy,10,10,11
02:54:09,Mostly Cloudy,10,10,11
02:56:08,Mostly Cloudy,10,10,11
02:58:08,Mostly Cloudy,10,10,11
03:00:09,Mostly Cloudy,10,10,11
03:02:09,Mostly Cloudy,10,10,11
03:04:08,Mostly Cloudy,10,10,11
03:06:08,Mostly Cloudy,10,10,11
03:08:09,Mostly Cloudy,10,10,11
03:10:09,Mostly Cloudy,10,10,11
03:12:08,Light Rain,10,10,11
03:14:09,Light Rain,10,10,11
03:16:09,Light Rain,10,10,11
03:18:08,Light Rain,10,10,11
03:20:09,Light Rain,10,10,11
03:22:09,Light Rain,10,10,11
03:24:09,Light Rain,10,10,11
03:26:08,Light Rain,10,10,11
03:28:08,Light Rain,10,10,11
03:30:09,Light Rain,10,10,11
03:32:09,Light Rain,10,10,11
03:34:09,Light Rain,10,10,11
03:36:08,Light Rain,10,10,11
03:38:09,Light Rain,10,10,11
03:40:09,Light Rain,10,10,11
03:42:09,Light Rain,10,10,11
03:44:08,Light Rain,10,10,11
03:46:09,Light Rain,10,10,11
03:48:09,Light Rain,10,10,11
03:50:09,Light Rain,10,10,11
03:52:08,Light Rain,10,10,11
03:54:09,Light Rain,10,10,11
03:56:09,Light Rain,10,10,11
03:58:09,Light Rain,10,10,11
04:00:08,Light Rain,10,10,11
04:02:09,Light Rain,10,10,11
04:04:09,Light Rain,10,10,11
04:06:09,Light Rain,10,10,11
04:08:08,Light Rain,10,10,11
04:10:08,Light Rain,10,10,11
04:12:09,Light Rain,11,11,16
04:14:09,Light Rain,11,11,16
04:16:09,Light Rain,11,11,16
04:18:08,Light Rain,11,11,16
04:20:09,Light Rain,11,11,16
04:22:09,Light Rain,11,11,16
04:24:08,Light Rain,11,11,16
04:26:09,Light Rain,11,11,16
04:28:09,Light Rain,11,11,16
04:30:09,Light Rain,11,11,16
04:32:08,Light Rain,11,11,16
04:34:08,Light Rain,11,11,16
04:36:09,Light Rain,11,11,16
04:38:09,Light Rain,11,11,16
04:40:08,Light Rain,11,11,16
04:42:09,Light Rain,11,11,16
04:44:09,Light Rain,11,11,16
04:46:08,Light Rain,11,11,16
04:48:08,Light Rain,11,11,16
04:50:09,Light Rain,11,11,16
04:52:08,Light Rain,11,11,16
04:54:09,Light Rain,11,11,16
04:56:09,Light Rain,11,11,16
04:58:09,Light Rain,11,11,16
05:00:09,Light Rain,11,11,16
05:02:09,Light Rain,11,11,16
05:04:09,Light Rain,11,11,16
05:06:08,Light Rain,11,11,16
05:08:09,Light Rain,11,11,16
05:10:09,Light Rain,11,11,16
05:12:08,Light Rain,11,11,16
05:14:08,Light Rain,11,11,16
05:16:09,Light Rain,11,11,16
05:18:09,Mostly Cloudy,11,11,19
05:20:09,Mostly Cloudy,11,11,19
05:22:09,Mostly Cloudy,11,11,19
05:24:08,Mostly Cloudy,11,11,19
05:26:09,Mostly Cloudy,11,11,19
05:28:09,Mostly Cloudy,11,11,19
05:30:08,Mostly Cloudy,11,11,19
05:32:09,Mostly Cloudy,11,11,19
05:34:09,Mostly Cloudy,11,11,19
05:36:09,Mostly Cloudy,11,11,19
05:38:08,Mostly Cloudy,11,11,19
05:40:08,Mostly Cloudy,11,11,19
05:42:09,Mostly Cloudy,11,11,19
05:44:09,Mostly Cloudy,11,11,19
05:46:09,Mostly Cloudy,11,11,19
05:48:08,Mostly Cloudy,11,11,19
05:50:09,Mostly Cloudy,11,11,19
05:52:09,Mostly Cloudy,11,11,19
05:54:09,Mostly Cloudy,11,11,19
05:56:08,Mostly Cloudy,11,11,19
05:58:08,Mostly Cloudy,11,11,19
06:00:08,Mostly Cloudy,11,11,19
06:02:09,Mostly Cloudy,11,11,19
06:04:09,Mostly Cloudy,11,11,19
06:06:09,Mostly Cloudy,11,11,19
06:08:08,Mostly Cloudy,11,11,19
06:10:09,Mostly Cloudy,11,11,19
06:12:09,Mostly Cloudy,12,12,24
06:14:08,Mostly Cloudy,12,12,24
06:16:08,Mostly Cloudy,12,12,24
06:18:09,Mostly Cloudy,12,12,24
06:20:09,Mostly Cloudy,12,12,24
06:22:08,Mostly Cloudy,12,12,24
06:24:08,Mostly Cloudy,12,12,24
06:26:08,Mostly Cloudy,12,12,24
06:28:09,Mostly Cloudy,12,12,24
06:30:09,Mostly Cloudy,12,12,24
06:32:08,Mostly Cloudy,12,12,24
06:34:08,Mostly Cloudy,12,12,24
06:36:08,Mostly Cloudy,12,12,24
06:38:09,Mostly Cloudy,12,12,24
06:40:09,Mostly Cloudy,12,12,24
06:42:09,Mostly Cloudy,12,12,24
06:44:08,Mostly Cloudy,12,12,24
06:46:09,Mostly Cloudy,12,12,24
06:48:09,Mostly Cloudy,12,12,24
06:50:08,Mostly Cloudy,12,12,24
06:52:09,Mostly Cloudy,12,12,24
06:54:09,Mostly Cloudy,12,12,24
06:56:08,Mostly Cloudy,12,12,24
06:58:08,Mostly Cloudy,12,12,24
07:00:09,Mostly Cloudy,12,12,24
07:02:09,Mostly Cloudy,12,12,24
07:04:08,Mostly Cloudy,12,12,24
07:06:08,Mostly Cloudy,12,12,24
07:08:09,Mostly Cloudy,12,12,24
07:10:09,Mostly Cloudy,12,12,24
07:12:09,Mostly Cloudy,12,12,25
07:14:08,Mostly Cloudy,12,12,25
07:16:09,Mostly Cloudy,12,12,25
07:18:09,Mostly Cloudy,12,12,25
07:20:08,Mostly Cloudy,12,12,25
07:22:09,Mostly Cloudy,12,12,25
07:24:09,Mostly Cloudy,12,12,25
07:26:09,Mostly Cloudy,12,12,25
07:28:08,Mostly Cloudy,12,12,25
07:30:08,Mostly Cloudy,12,12,25
07:32:09,Mostly Cloudy,12,12,25
07:34:09,Mostly Cloudy,12,12,25
07:36:08,Mostly Cloudy,12,12,25
07:38:09,Mostly Cloudy,12,12,25
07:40:09,Mostly Cloudy,12,12,25
07:42:09,Mostly Cloudy,12,12,25
07:44:08,Mostly Cloudy,12,12,25
07:46:08,Mostly Cloudy,12,12,25
07:48:09,Mostly Cloudy,12,12,25
07:50:09,Mostly Cloudy,12,12,25
07:52:08,Mostly Cloudy,12,12,25
07:54:08,Mostly Cloudy,12,12,25
07:56:09,Mostly Cloudy,12,12,25
07:58:09,Mostly Cloudy,12,12,25
08:00:08,Mostly Cloudy,12,12,25
08:02:09,Mostly Cloudy,12,12,25
08:04:09,Mostly Cloudy,12,12,25
08:06:09,Mostly Cloudy,12,12,25
08:08:09,Mostly Cloudy,12,12,25
08:10:08,Mostly Cloudy,12,12,25
08:12:09,Mostly Cloudy,12,12,25
08:14:08,Mostly Cloudy,12,12,25
08:16:08,Mostly Cloudy,12,12,25
08:18:09,Mostly Cloudy,12,12,25
08:20:09,Mostly Cloudy,12,12,25
08:22:09,Mostly Cloudy,12,12,25
08:24:09,Mostly Cloudy,12,12,25
08:26:09,Mostly Cloudy,12,12,25
08:28:09,Mostly Cloudy,12,12,25
08:30:08,Mostly Cloudy,12,12,25
08:32:09,Mostly Cloudy,12,12,25
08:34:09,Mostly Cloudy,12,12,25
08:36:09,Mostly Cloudy,12,12,25
08:38:08,Mostly Cloudy,12,12,25
08:40:08,Mostly Cloudy,12,12,25
08:42:09,Mostly Cloudy,12,12,25
08:44:08,Mostly Cloudy,12,12,25
08:46:08,Mostly Cloudy,12,12,25
08:48:09,Mostly Cloudy,12,12,25
08:50:09,Mostly Cloudy,12,12,25
08:52:08,Mostly Cloudy,12,12,25
08:54:09,Mostly Cloudy,12,12,25
08:56:09,Mostly Cloudy,12,12,25
08:58:09,Mostly Cloudy,12,12,25
09:00:08,Mostly Cloudy,12,12,25
09:02:09,Mostly Cloudy,12,12,25
09:04:09,Mostly Cloudy,12,12,25
09:06:09,Mostly Cloudy,12,12,25
09:08:08,Mostly Cloudy,12,12,25
09:10:09,Mostly Cloudy,12,12,25
09:12:09,Mostly Cloudy,12,12,25
09:14:09,Mostly Cloudy,12,12,25
09:16:08,Mostly Cloudy,13,13,27
09:18:09,Mostly Cloudy,13,13,27
09:20:09,Mostly Cloudy,13,13,27
09:22:09,Mostly Cloudy,13,13,27
09:24:08,Mostly Cloudy,13,13,27
09:26:09,Mostly Cloudy,13,13,27
09:28:09,Mostly Cloudy,13,13,27
09:30:08,Mostly Cloudy,13,13,27
09:32:08,Mostly Cloudy,13,13,27
09:34:09,Mostly Cloudy,13,13,27
09:36:09,Mostly Cloudy,13,13,27
09:38:09,Mostly Cloudy,13,13,27
09:40:09,Mostly Cloudy,13,13,27
09:42:08,Mostly Cloudy,13,13,27
09:44:08,Mostly Cloudy,13,13,27
09:46:09,Mostly Cloudy,13,13,27
09:48:09,Mostly Cloudy,13,13,27
09:50:09,Mostly Cloudy,13,13,27
09:52:08,Mostly Cloudy,13,13,27
09:54:08,Mostly Cloudy,13,13,27
09:56:08,Mostly Cloudy,13,13,27
09:58:09,Mostly Cloudy,13,13,27
10:00:09,Mostly Cloudy,13,13,27
10:02:09,Mostly Cloudy,13,13,27
10:04:08,Mostly Cloudy,13,13,27
10:06:08,Mostly Cloudy,13,13,27
10:08:09,Mostly Cloudy,13,13,27
10:10:09,Mostly Cloudy,13,13,27
10:12:08,Mostly Cloudy,13,13,27
10:14:09,Mostly Cloudy,13,13,27
10:16:09,Mostly Cloudy,15,15,27
10:18:09,Mostly Cloudy,15,15,27
10:20:09,Mostly Cloudy,15,15,27
10:22:08,Mostly Cloudy,15,15,27
10:24:09,Mostly Cloudy,15,15,27
10:26:09,Mostly Cloudy,15,15,27
10:28:09,Mostly Cloudy,15,15,27
10:30:08,Mostly Cloudy,15,15,27
10:32:09,Mostly Cloudy,15,15,27
10:34:09,Mostly Cloudy,15,15,27
10:36:09,Mostly Cloudy,15,15,27
10:38:08,Mostly Cloudy,15,15,27
10:40:08,Mostly Cloudy,15,15,27
10:42:09,Mostly Cloudy,15,15,27
10:44:09,Mostly Cloudy,15,15,27
10:46:09,Mostly Cloudy,15,15,27
10:48:09,Mostly Cloudy,15,15,27
10:50:09,Mostly Cloudy,15,15,27
10:52:09,Mostly Cloudy,15,15,27
10:54:08,Mostly Cloudy,15,15,27
10:56:08,Mostly Cloudy,15,15,27
10:58:08,Mostly Cloudy,15,15,27
11:00:09,Mostly Cloudy,15,15,27
11:02:09,Mostly Cloudy,15,15,27
11:04:08,Mostly Cloudy,15,15,27
11:06:09,Mostly Cloudy,15,15,27
11:08:09,Mostly Cloudy,15,15,27
11:10:09,Mostly Cloudy,15,15,27
11:12:08,Mostly Cloudy,15,15,27
11:14:09,Mostly Cloudy,15,15,27
11:16:09,Mostly Cloudy,16,16,25
11:18:08,Mostly Cloudy,16,16,25
11:20:09,Mostly Cloudy,16,16,25
11:22:09,Mostly Cloudy,16,16,25
11:24:09,Mostly Cloudy,16,16,25
11:26:08,Mostly Cloudy,16,16,25
11:28:08,Mostly Cloudy,16,16,25
11:30:09,Mostly Cloudy,16,16,25
11:32:09,Mostly Cloudy,16,16,25
11:34:09,Mostly Cloudy,16,16,25
11:36:09,Mostly Cloudy,16,16,25
11:38:08,Mostly Cloudy,16,16,25
11:40:09,Mostly Cloudy,16,16,25
11:42:09,Mostly Cloudy,16,16,25
11:44:09,Mostly Cloudy,16,16,25
11:46:09,Mostly Cloudy,16,16,25
11:48:08,Mostly Cloudy,16,16,25
11:50:09,Mostly Cloudy,16,16,25
11:52:09,Mostly Cloudy,16,16,25
11:54:09,Mostly Cloudy,16,16,25
11:56:09,Mostly Cloudy,16,16,25
11:58:09,Mostly Cloudy,16,16,25
12:00:08,Mostly Cloudy,16,16,25
12:02:08,Mostly Cloudy,16,16,25
12:04:09,Mostly Cloudy,16,16,25
12:06:09,Mostly Cloudy,16,16,25
12:08:08,Mostly Cloudy,16,16,25
12:10:08,Mostly Cloudy,16,16,25
12:12:09,Mostly Cloudy,16,16,25
12:14:09,Mostly Cloudy,16,16,25
12:16:09,Mostly Cloudy,15,15,11
12:18:09,Mostly Cloudy,15,15,11
12:20:09,Mostly Cloudy,15,15,11
12:22:09,Mostly Cloudy,15,15,11
12:24:08,Mostly Cloudy,15,15,11
12:26:08,Mostly Cloudy,15,15,11
12:28:09,Mostly Cloudy,15,15,11
12:30:09,Mostly Cloudy,15,15,11
12:32:09,Mostly Cloudy,15,15,11
12:34:09,Mostly Cloudy,15,15,11
12:36:09,Mostly Cloudy,15,15,11
12:38:08,Mostly Cloudy,15,15,11
12:40:08,Mostly Cloudy,15,15,11
12:42:09,Mostly Cloudy,15,15,11
12:44:09,Mostly Cloudy,15,15,11
12:46:09,Mostly Cloudy,15,15,11
12:48:08,Mostly Cloudy,15,15,11
12:50:09,Mostly Cloudy,15,15,11
12:52:09,Mostly Cloudy,15,15,11
12:54:08,Mostly Cloudy,15,15,11
12:56:09,Mostly Cloudy,15,15,11
12:58:09,Mostly Cloudy,15,15,11
13:00:08,Mostly Cloudy,15,15,11
13:02:08,Mostly Cloudy,15,15,11
13:04:09,Mostly Cloudy,15,15,11
13:06:09,Mostly Cloudy,15,15,11
13:08:08,Mostly Cloudy,15,15,11
13:10:08,Mostly Cloudy,12,12,25
13:12:09,Mostly Cloudy,12,12,25
13:14:09,Mostly Cloudy,12,12,25
13:16:09,Mostly Cloudy,12,12,25
13:18:08,Mostly Cloudy,12,12,25
13:20:09,Mostly Cloudy,12,12,25
13:22:09,Mostly Cloudy,12,12,25
13:24:09,Mostly Cloudy,12,12,25
13:26:08,Mostly Cloudy,12,12,25
13:28:08,Mostly Cloudy,12,12,25
13:30:09,Mostly Cloudy,12,12,25
13:32:09,Mostly Cloudy,12,12,25
13:34:09,Mostly Cloudy,12,12,25
13:36:09,Mostly Cloudy,12,12,25
13:38:09,Mostly Cloudy,12,12,25
13:40:09,Mostly Cloudy,12,12,25
13:42:09,Mostly Cloudy,12,12,25
13:44:08,Mostly Cloudy,12,12,25
13:46:09,Mostly Cloudy,12,12,25
13:48:09,Mostly Cloudy,12,12,25
13:50:09,Mostly Cloudy,12,12,25
13:52:08,Mostly Cloudy,12,12,25
13:54:08,Mostly Cloudy,12,12,25
13:56:09,Mostly Cloudy,12,12,25
13:58:08,Mostly Cloudy,12,12,25
14:00:08,Mostly Cloudy,12,12,25
14:02:09,Mostly Cloudy,12,12,25
14:04:09,Mostly Cloudy,12,12,25
14:06:08,Mostly Cloudy,12,12,25
14:08:09,Mostly Cloudy,12,12,25
14:10:09,Mostly Cloudy,12,12,25
14:12:08,Mostly Cloudy,12,12,25
14:14:09,Mostly Cloudy,12,12,25
14:16:09,Mostly Cloudy,15,15,27
14:18:08,Mostly Cloudy,15,15,27
14:20:09,Mostly Cloudy,15,15,27
14:22:09,Mostly Cloudy,15,15,27
14:24:09,Mostly Cloudy,15,15,27
14:26:08,Mostly Cloudy,15,15,27
14:28:09,Mostly Cloudy,15,15,27
14:30:09,Mostly Cloudy,15,15,27
14:32:09,Mostly Cloudy,15,15,27
14:34:09,Mostly Cloudy,15,15,27
14:36:08,Mostly Cloudy,15,15,27
14:38:09,Mostly Cloudy,15,15,27
14:40:09,Mostly Cloudy,15,15,27
14:42:09,Mostly Cloudy,15,15,27
14:44:08,Mostly Cloudy,15,15,27
14:46:08,Mostly Cloudy,15,15,27
14:48:09,Mostly Cloudy,15,15,27
14:50:09,Mostly Cloudy,15,15,27
14:52:09,Mostly Cloudy,15,15,27
14:54:09,Mostly Cloudy,15,15,27
14:56:09,Mostly Cloudy,15,15,27
14:58:09,Mostly Cloudy,15,15,27
15:00:09,Mostly Cloudy,15,15,27
15:02:08,Mostly Cloudy,15,15,27
15:04:08,Mostly Cloudy,15,15,27
15:06:09,Mostly Cloudy,15,15,27
15:08:09,Mostly Cloudy,15,15,27
15:10:09,Mostly Cloudy,15,15,25
15:12:09,Mostly Cloudy,15,15,25
15:14:08,Mostly Cloudy,15,15,25
15:16:08,Mostly Cloudy,15,15,25
15:18:09,Mostly Cloudy,15,15,25
15:20:09,Mostly Cloudy,15,15,25
15:22:08,Mostly Cloudy,15,15,25
15:24:09,Mostly Cloudy,15,15,25
15:26:09,Mostly Cloudy,15,15,25
15:28:08,Mostly Cloudy,15,15,25
15:30:08,Mostly Cloudy,15,15,25
15:32:09,Mostly Cloudy,15,15,25
15:34:09,Mostly Cloudy,15,15,25
15:36:09,Mostly Cloudy,15,15,25
15:38:09,Mostly Cloudy,15,15,25
15:40:09,Mostly Cloudy,15,15,25
15:42:08,Mostly Cloudy,15,15,25
15:44:08,Mostly Cloudy,15,15,25
15:46:09,Mostly Cloudy,15,15,25
15:48:09,Mostly Cloudy,15,15,25
15:50:09,Mostly Cloudy,15,15,25
15:52:08,Mostly Cloudy,15,15,25
15:54:09,Mostly Cloudy,15,15,25
15:56:09,Mostly Cloudy,15,15,25
15:58:09,Mostly Cloudy,15,15,25
16:00:08,Mostly Cloudy,15,15,25
16:02:09,Mostly Cloudy,15,15,25
16:04:09,Mostly Cloudy,15,15,25
16:06:08,Mostly Cloudy,15,15,25
16:08:09,Mostly Cloudy,15,15,25
16:10:09,Mostly Cloudy,17,17,25
16:12:08,Mostly Cloudy,17,17,25
16:14:08,Mostly Cloudy,17,17,25
16:16:09,Mostly Cloudy,17,17,25
16:18:09,Mostly Cloudy,17,17,25
16:20:09,Mostly Cloudy,17,17,25
16:22:09,Mostly Cloudy,17,17,25
16:24:08,Mostly Cloudy,17,17,25
16:26:09,Mostly Cloudy,17,17,25
16:28:09,Mostly Cloudy,17,17,25
16:30:08,Mostly Cloudy,17,17,25
16:32:09,Mostly Cloudy,17,17,25
16:34:09,Mostly Cloudy,17,17,25
16:36:08,Mostly Cloudy,17,17,25
16:38:08,Mostly Cloudy,17,17,25
16:40:08,Mostly Cloudy,17,17,25
16:42:09,Mostly Cloudy,17,17,25
16:44:09,Mostly Cloudy,17,17,25
16:46:09,Mostly Cloudy,17,17,25
16:48:08,Mostly Cloudy,17,17,25
16:50:08,Mostly Cloudy,17,17,25
16:52:09,Mostly Cloudy,17,17,25
16:54:09,Mostly Cloudy,17,17,25
16:56:09,Mostly Cloudy,17,17,25
16:58:08,Mostly Cloudy,17,17,25
17:00:09,Mostly Cloudy,17,17,25
17:02:09,Mostly Cloudy,17,17,25
17:04:08,Mostly Cloudy,17,17,25
17:06:09,Mostly Cloudy,17,17,25
17:08:09,Mostly Cloudy,17,17,25
17:10:09,Mostly Cloudy,17,17,25
17:12:09,Mostly Cloudy,17,17,25
17:14:09,Mostly Cloudy,17,17,25
17:16:09,Partly Cloudy,15,15,25
17:18:09,Partly Cloudy,15,15,25
17:20:09,Partly Cloudy,15,15,25
17:22:09,Partly Cloudy,15,15,25
17:24:09,Partly Cloudy,15,15,25
17:26:08,Partly Cloudy,15,15,25
17:28:09,Partly Cloudy,15,15,25
17:30:08,Partly Cloudy,15,15,25
17:32:08,Partly Cloudy,15,15,25
17:34:09,Partly Cloudy,15,15,25
17:36:09,Partly Cloudy,15,15,25
17:38:08,Partly Cloudy,15,15,25
17:40:09,Partly Cloudy,15,15,25
17:42:09,Partly Cloudy,15,15,25
17:44:08,Partly Cloudy,15,15,25
17:46:09,Partly Cloudy,15,15,25
17:48:08,Partly Cloudy,15,15,25
17:50:08,Partly Cloudy,15,15,25
17:52:08,Partly Cloudy,15,15,25
17:54:09,Partly Cloudy,15,15,25
17:56:09,Partly Cloudy,15,15,25
17:58:09,Partly Cloudy,15,15,25
18:00:08,Partly Cloudy,15,15,25
18:02:08,Partly Cloudy,15,15,25
18:04:09,Partly Cloudy,15,15,25
18:06:09,Partly Cloudy,15,15,25
18:08:09,Partly Cloudy,15,15,25
18:10:08,Mostly Cloudy,15,15,22
18:12:09,Mostly Cloudy,15,15,22
18:14:09,Mostly Cloudy,15,15,22
18:16:09,Partly Cloudy,15,15,25
18:18:08,Partly Cloudy,15,15,25
18:20:08,Partly Cloudy,15,15,25
18:22:09,Mostly Cloudy,15,15,22
18:24:08,Mostly Cloudy,15,15,22
18:26:09,Mostly Cloudy,15,15,22
18:28:09,Mostly Cloudy,15,15,22
18:30:09,Mostly Cloudy,15,15,22
18:32:08,Mostly Cloudy,15,15,22
18:34:08,Mostly Cloudy,15,15,22
18:36:09,Mostly Cloudy,15,15,22
18:38:09,Mostly Cloudy,15,15,22
18:40:08,Mostly Cloudy,15,15,22
18:42:09,Mostly Cloudy,15,15,22
18:44:09,Mostly Cloudy,15,15,22
18:46:09,Mostly Cloudy,15,15,22
18:48:08,Mostly Cloudy,15,15,22
18:50:08,Mostly Cloudy,15,15,22
18:52:09,Mostly Cloudy,15,15,22
18:54:09,Mostly Cloudy,15,15,22
18:56:08,Mostly Cloudy,15,15,22
18:58:08,Mostly Cloudy,15,15,22
19:00:09,Mostly Cloudy,15,15,22
19:02:09,Mostly Cloudy,15,15,22
19:04:08,Mostly Cloudy,15,15,22
19:06:09,Mostly Cloudy,15,15,22
19:08:09,Mostly Cloudy,15,15,22
19:10:09,Mostly Cloudy,13,13,11
19:12:09,Mostly Cloudy,13,13,11
19:14:09,Mostly Cloudy,13,13,11
19:16:09,Mostly Cloudy,13,13,11
19:18:09,Mostly Cloudy,13,13,11
19:20:09,Mostly Cloudy,13,13,11
19:22:08,Mostly Cloudy,13,13,11
19:24:09,Mostly Cloudy,13,13,11
19:26:08,Mostly Cloudy,13,13,11
19:28:08,Mostly Cloudy,13,13,11
19:30:09,Mostly Cloudy,13,13,11
19:32:08,Mostly Cloudy,13,13,11
19:34:08,Mostly Cloudy,13,13,11
19:36:09,Mostly Cloudy,13,13,11
19:38:09,Mostly Cloudy,13,13,11
19:40:08,Mostly Cloudy,13,13,11
19:42:09,Mostly Cloudy,13,13,11
19:44:09,Mostly Cloudy,13,13,11
19:46:09,Mostly Cloudy,13,13,11
19:48:08,Mostly Cloudy,13,13,11
19:50:09,Mostly Cloudy,13,13,11
19:52:08,Mostly Cloudy,13,13,11
19:54:08,Mostly Cloudy,13,13,11
19:56:09,Mostly Cloudy,13,13,11
19:58:09,Mostly Cloudy,13,13,11
20:00:09,Mostly Cloudy,13,13,11
20:02:08,Mostly Cloudy,13,13,11
20:04:09,Mostly Cloudy,13,13,11
20:06:09,Mostly Cloudy,13,13,11
20:08:09,Mostly Cloudy,13,13,11
20:10:08,Mostly Cloudy,12,12,12
20:12:09,Mostly Cloudy,12,12,12
20:14:09,Mostly Cloudy,12,12,12
20:16:08,Mostly Cloudy,12,12,12
20:18:09,Mostly Cloudy,12,12,12
20:20:09,Mostly Cloudy,12,12,12
20:22:09,Mostly Cloudy,12,12,12
20:24:08,Mostly Cloudy,12,12,12
20:26:08,Mostly Cloudy,12,12,12
20:28:09,Mostly Cloudy,12,12,12
20:30:09,Mostly Cloudy,12,12,12
20:32:09,Mostly Cloudy,12,12,12
20:34:08,Mostly Cloudy,12,12,12
20:36:09,Mostly Cloudy,12,12,12
20:38:09,Mostly Cloudy,12,12,12
20:40:09,Mostly Cloudy,12,12,12
20:42:09,Mostly Cloudy,12,12,12
20:44:09,Mostly Cloudy,12,12,12
20:46:09,Mostly Cloudy,12,12,12
20:48:09,Mostly Cloudy,12,12,12
20:50:09,Mostly Cloudy,12,12,12
20:52:09,Mostly Cloudy,12,12,12
20:54:08,Mostly Cloudy,12,12,12
20:56:09,Mostly Cloudy,12,12,12
20:58:09,Mostly Cloudy,12,12,12
21:00:09,Mostly Cloudy,12,12,12
21:02:08,Mostly Cloudy,12,12,12
21:04:09,Mostly Cloudy,12,12,12
21:06:08,Mostly Cloudy,12,12,12
21:08:08,Mostly Cloudy,12,12,12
21:10:09,Mostly Cloudy,12,12,12
21:12:08,Mostly Cloudy,12,12,12
21:14:08,Mostly Cloudy,12,12,12
21:16:09,Mostly Cloudy,12,12,9
21:18:09,Mostly Cloudy,12,12,9
21:20:09,Mostly Cloudy,12,12,9
21:22:09,Mostly Cloudy,12,12,9
21:24:08,Mostly Cloudy,12,12,9
21:26:08,Mostly Cloudy,12,12,9
21:28:09,Mostly Cloudy,12,12,9
21:30:09,Mostly Cloudy,12,12,9
21:32:09,Mostly Cloudy,12,12,9
21:34:08,Mostly Cloudy,12,12,9
21:36:09,Mostly Cloudy,12,12,9
21:38:09,Mostly Cloudy,12,12,9
21:40:09,Mostly Cloudy,12,12,9
21:42:08,Mostly Cloudy,12,12,9
21:44:09,Mostly Cloudy,12,12,9
21:46:08,Mostly Cloudy,12,12,9
21:48:09,Mostly Cloudy,12,12,9
21:50:09,Mostly Cloudy,12,12,9
21:52:08,Mostly Cloudy,12,12,9
21:54:09,Mostly Cloudy,12,12,9
21:56:09,Mostly Cloudy,12,12,9
21:58:09,Mostly Cloudy,12,12,9
22:00:08,Mostly Cloudy,12,12,9
22:02:09,Mostly Cloudy,12,12,9
22:04:09,Mostly Cloudy,12,12,9
22:06:09,Mostly Cloudy,12,12,9
22:08:08,Mostly Cloudy,12,12,9
22:10:09,Mostly Cloudy,12,12,9
22:12:09,Mostly Cloudy,12,12,9
22:14:08,Mostly Cloudy,12,12,12
22:16:09,Mostly Cloudy,12,12,12
22:18:09,Mostly Cloudy,12,12,12
22:20:08,Mostly Cloudy,12,12,12
22:22:09,Mostly Cloudy,12,12,12
22:24:09,Mostly Cloudy,12,12,12
22:26:09,Mostly Cloudy,12,12,12
22:28:08,Mostly Cloudy,12,12,12
22:30:09,Mostly Cloudy,12,12,12
22:32:09,Mostly Cloudy,12,12,12
22:34:08,Mostly Cloudy,12,12,12
22:36:09,Mostly Cloudy,12,12,12
22:38:09,Mostly Cloudy,12,12,12
22:40:08,Mostly Cloudy,12,12,12
22:42:09,Mostly Cloudy,12,12,12
22:44:09,Mostly Cloudy,12,12,12
22:46:09,Mostly Cloudy,12,12,12
22:48:08,Mostly Cloudy,12,12,12
22:50:09,Mostly Cloudy,12,12,12
22:52:09,Mostly Cloudy,12,12,12
22:54:08,Mostly Cloudy,12,12,12
22:56:09,Mostly Cloudy,12,12,12
22:58:09,Mostly Cloudy,12,12,12
23:00:08,Mostly Cloudy,12,12,12
23:02:08,Mostly Cloudy,12,12,12
23:04:09,Mostly Cloudy,12,12,12
23:06:09,Mostly Cloudy,12,12,12
23:08:08,Mostly Cloudy,12,12,12
23:10:08,Mostly Cloudy,12,12,12
23:12:09,Mostly Cloudy,12,12,12
23:14:09,Mostly Cloudy,12,12,16
23:16:08,Mostly Cloudy,12,12,16
23:18:09,Mostly Cloudy,12,12,16
23:20:09,Mostly Cloudy,12,12,16
23:22:08,Mostly Cloudy,12,12,16
23:24:09,Mostly Cloudy,12,12,16
23:26:09,Mostly Cloudy,12,12,16
23:28:09,Mostly Cloudy,12,12,16
23:30:09,Mostly Cloudy,12,12,16
23:32:08,Mostly Cloudy,12,12,16
23:34:09,Mostly Cloudy,12,12,16
23:36:09,Mostly Cloudy,12,12,16
23:38:08,Mostly Cloudy,12,12,16
23:40:08,Mostly Cloudy,12,12,16
23:42:09,Mostly Cloudy,12,12,16
23:44:09,Mostly Cloudy,12,12,16
23:46:09,Mostly Cloudy,12,12,16
23:48:09,Mostly Cloudy,12,12,16
23:50:09,Mostly Cloudy,12,12,16
23:52:08,Mostly Cloudy,12,12,16
23:54:08,Mostly Cloudy,12,12,16
23:56:09,Mostly Cloudy,12,12,16
23:58:08,Mostly Cloudy,12,12,16
