Time,Weather,Temperature,Feels_Like,Wind_Speed
00:00:09,Mostly Cloudy,12,12,28
00:02:09,Mostly Cloudy,12,12,28
00:04:09,Mostly Cloudy,12,12,28
00:06:09,Mostly Cloudy,12,12,28
00:08:09,Mostly Cloudy,12,12,28
00:10:09,Mostly Cloudy,12,12,28
00:12:08,Mostly Cloudy,12,12,28
00:14:08,Mostly Cloudy,12,12,28
00:16:09,Light Rain,12,12,28
00:18:08,Light Rain,12,12,28
00:20:09,Light Rain,12,12,28
00:22:09,Light Rain,12,12,28
00:24:08,Light Rain,12,12,28
00:26:09,Light Rain,12,12,28
00:28:09,Light Rain,12,12,28
00:30:09,Light Rain,12,12,28
00:32:09,Light Rain,12,12,28
00:34:09,Light Rain,12,12,28
00:36:08,Light Rain,12,12,28
00:38:08,Light Rain,12,12,28
00:40:09,Light Rain,12,12,28
00:42:09,Light Rain,12,12,28
00:44:08,Light Rain,12,12,28
00:46:09,Light Rain,12,12,28
00:48:09,Light Rain,12,12,28
00:50:08,Light Rain,12,12,28
00:52:08,Light Rain,12,12,28
00:54:09,Light Rain,12,12,28
00:56:09,Light Rain,12,12,28
00:58:09,Light Rain,12,12,28
01:00:17,Light Rain,12,12,28
01:02:08,Light Rain,12,12,28
01:04:09,Light Rain,12,12,28
01:06:09,Light Rain,12,12,28
01:08:09,Light Rain,12,12,28
01:10:09,Light Rain,12,12,32
01:12:09,Light Rain,12,12,32
01:14:09,Light Rain,12,12,32
01:16:09,Light Rain,12,12,32
01:18:09,Light Rain,12,12,32
01:20:08,Light Rain,12,12,32
01:22:09,Light Rain,12,12,32
01:24:09,Light Rain,12,12,32
01:26:08,Light Rain,12,12,32
01:28:09,Light Rain,12,12,32
01:30:09,Light Rain,12,12,32
01:32:09,Light Rain,12,12,32
01:34:08,Light Rain,12,12,32
01:36:09,Light Rain,12,12,32
01:38:09,Light Rain,12,12,32
01:40:09,Light Rain,12,12,32
01:42:08,Light Rain,12,12,32
01:44:09,Light Rain,12,12,32
01:46:09,Light Rain,12,12,32
01:48:08,Light Rain,12,12,32
01:50:09,Light Rain,12,12,32
01:52:09,Light Rain,12,12,32
01:54:09,Light Rain,12,12,32
01:56:09,Light Rain,12,12,32
01:58:09,Light Rain,12,12,32
02:00:09,Light Rain,12,12,32
02:02:09,Light Rain,12,12,32
02:04:09,Light Rain,12,12,32
02:06:09,Light Rain,12,12,32
02:08:09,Light Rain,12,12,32
02:10:09,Light Rain,12,12,32
02:12:09,Light Rain,12,12,32
02:14:09,Light Rain,12,12,32
02:16:09,Mostly Cloudy,12,12,27
02:18:09,Mostly Cloudy,12,12,27
02:20:09,Mostly Cloudy,12,12,27
02:22:09,Mostly Cloudy,12,12,27
02:24:09,Mostly Cloudy,12,12,27
02:26:09,Mostly Cloudy,12,12,27
02:28:09,Mostly Cloudy,12,12,27
02:30:08,Mostly Cloudy,12,12,27
02:32:09,Mostly Cloudy,12,12,27
02:34:09,Mostly Cloudy,12,12,27
02:36:08,Mostly Cloudy,12,12,27
02:38:08,Mostly Cloudy,12,12,27
02:40:09,Mostly Cloudy,12,12,27
02:42:09,Mostly Cloudy,12,12,27
02:44:09,Mostly Cloudy,12,12,27
02:46:09,Mostly Cloudy,12,12,27
02:48:09,Mostly Cloudy,12,12,27
02:50:08,Mostly Cloudy,12,12,27
02:52:09,Mostly Cloudy,12,12,27
02:54:09,Mostly Cloudy,12,12,27
02:56:08,Mostly Cloudy,12,12,27
02:58:09,Mostly Cloudy,12,12,27
03:00:09,Mostly Cloudy,12,12,27
03:02:08,Mostly Cloudy,12,12,27
03:04:09,Mostly Cloudy,12,12,27
03:06:08,Mostly Cloudy,12,12,27
03:08:09,Mostly Cloudy,12,12,27
03:10:09,Mostly Cloudy,12,12,27
03:12:08,Mostly Cloudy,12,12,27
03:14:08,Mostly Cloudy,12,12,27
03:16:09,Light Rain,12,12,32
03:18:08,Light Rain,12,12,32
03:20:09,Light Rain,12,12,32
03:22:09,Light Rain,12,12,32
03:24:08,Light Rain,12,12,32
03:26:08,Light Rain,12,12,32
03:28:09,Light Rain,12,12,32
03:30:09,Light Rain,12,12,32
03:32:08,Light Rain,12,12,32
03:34:09,Light Rain,12,12,32
03:36:08,Light Rain,12,12,32
03:38:08,Light Rain,12,12,32
03:40:09,Light Rain,12,12,32
03:42:08,Light Rain,12,12,32
03:44:08,Light Rain,12,12,32
03:46:09,Light Rain,12,12,32
03:48:09,Light Rain,12,12,32
03:50:08,Light Rain,12,12,32
03:52:09,Light Rain,12,12,32
03:54:09,Light Rain,12,12,32
03:56:08,Light Rain,12,12,32
03:58:08,Light Rain,12,12,32
04:00:09,Light Rain,12,12,32
04:02:09,Light Rain,12,12,32
04:04:09,Light Rain,12,12,32
04:06:09,Light Rain,12,12,32
04:08:09,Light Rain,12,12,32
04:10:09,Light Rain,12,12,32
04:12:09,Light Rain,12,12,32
04:14:09,Light Rain,12,12,32
04:16:08,Light Rain,12,12,28
04:18:09,Light Rain,12,12,28
04:20:08,Light Rain,12,12,28
04:22:09,Light Rain,12,12,28
04:24:09,Light Rain,12,12,28
04:26:08,Light Rain,12,12,28
04:28:08,Light Rain,12,12,28
04:30:09,Light Rain,12,12,28
04:32:09,Light Rain,12,12,28
04:34:08,Light Rain,12,12,28
04:36:09,Light Rain,12,12,28
04:38:09,Light Rain,12,12,28
04:40:09,Light Rain,12,12,28
04:42:09,Light Rain,12,12,28
04:44:09,Light Rain,12,12,28
04:46:08,Light Rain,12,12,28
04:48:09,Light Rain,12,12,28
04:50:09,Light Rain,12,12,28
04:52:09,Light Rain,12,12,28
04:54:09,Light Rain,12,12,28
04:56:09,Light Rain,12,12,28
04:58:08,Light Rain,12,12,28
05:00:09,Light Rain,12,12,28
05:02:09,Light Rain,12,12,28
05:04:09,Light Rain,12,12,28
05:06:09,Light Rain,12,12,28
05:08:09,Light Rain,12,12,28
05:10:09,Light Rain,12,12,28
05:12:08,Light Rain,12,12,28
05:14:09,Light Rain,12,12,28
05:16:09,Mostly Cloudy,12,12,28
05:18:09,Mostly Cloudy,12,12,28
05:20:09,Mostly Cloudy,12,12,28
05:22:08,Mostly Cloudy,12,12,28
05:24:09,Mostly Cloudy,12,12,28
05:26:09,Mostly Cloudy,12,12,28
05:28:09,Mostly Cloudy,12,12,28
05:30:09,Mostly Cloudy,12,12,28
05:32:09,Mostly Cloudy,12,12,28
05:34:08,Mostly Cloudy,12,12,28
05:36:09,Mostly Cloudy,12,12,28
05:38:09,Mostly Cloudy,12,12,28
05:40:09,Mostly Cloudy,12,12,28
05:42:09,Mostly Cloudy,12,12,28
05:44:09,Mostly Cloudy,12,12,28
05:46:09,Mostly Cloudy,12,12,28
05:48:08,Mostly Cloudy,12,12,28
05:50:08,Mostly Cloudy,12,12,28
05:52:09,Mostly Cloudy,12,12,28
05:54:09,Mostly Cloudy,12,12,28
05:56:09,Mostly Cloudy,12,12,28
05:58:08,Mostly Cloudy,12,12,28
06:00:08,Mostly Cloudy,12,12,28
06:02:09,Mostly Cloudy,12,12,28
06:04:09,Mostly Cloudy,12,12,28
06:06:08,Mostly Cloudy,12,12,28
06:08:09,Mostly Cloudy,12,12,28
06:10:09,Partly Cloudy,12,12,27
06:12:09,Partly Cloudy,12,12,27
06:14:09,Partly Cloudy,12,12,27
06:16:09,Partly Cloudy,12,12,27
06:18:09,Partly Cloudy,12,12,27
06:20:09,Partly Cloudy,12,12,27
06:22:08,Partly Cloudy,12,12,27
06:24:09,Partly Cloudy,12,12,27
06:26:09,Partly Cloudy,12,12,27
06:28:09,Partly Cloudy,12,12,27
06:30:09,Partly Cloudy,12,12,27
06:32:09,Partly Cloudy,12,12,27
06:34:09,Partly Cloudy,12,12,27
06:36:08,Partly Cloudy,12,12,27
06:38:09,Partly Cloudy,12,12,27
06:40:09,Partly Cloudy,12,12,27
06:42:08,Partly Cloudy,12,12,27
06:44:09,Partly Cloudy,12,12,27
06:46:09,Partly Cloudy,12,12,27
06:48:09,Partly Cloudy,12,12,27
06:50:09,Partly Cloudy,12,12,27
06:52:09,Partly Cloudy,12,12,27
06:54:08,Partly Cloudy,12,12,27
06:56:09,Partly Cloudy,12,12,27
06:58:09,Partly Cloudy,12,12,27
07:00:08,Partly Cloudy,12,12,27
07:02:08,Partly Cloudy,12,12,27
07:04:09,Partly Cloudy,12,12,27
07:06:09,Partly Cloudy,12,12,27
07:08:08,Partly Cloudy,12,12,27
07:10:08,Partly Cloudy,12,12,27
07:12:09,Partly Cloudy,12,12,27
07:14:09,Partly Cloudy,12,12,27
07:16:09,Partly Cloudy,12,12,28
07:18:09,Partly Cloudy,12,12,28
07:20:08,Partly Cloudy,12,12,28
07:22:08,Partly Cloudy,12,12,28
07:24:09,Partly Cloudy,12,12,28
07:26:08,Partly Cloudy,12,12,28
07:28:08,Partly Cloudy,12,12,28
07:30:09,Partly Cloudy,12,12,28
07:32:08,Partly Cloudy,12,12,28
07:34:08,Partly Cloudy,12,12,28
07:36:09,Partly Cloudy,12,12,28
07:38:09,Partly Cloudy,12,12,28
07:40:08,Partly Cloudy,12,12,28
07:42:09,Partly Cloudy,12,12,28
07:44:09,Partly Cloudy,12,12,28
07:46:09,Partly Cloudy,13,13,32
07:48:09,Partly Cloudy,13,13,32
07:50:09,Partly Cloudy,13,13,32
07:52:08,Partly Cloudy,13,13,32
07:54:09,Partly Cloudy,13,13,32
07:56:09,Partly Cloudy,13,13,32
07:58:09,Partly Cloudy,13,13,32
08:00:09,Partly Cloudy,13,13,32
08:02:09,Partly Cloudy,13,13,32
08:04:08,Partly Cloudy,13,13,32
08:06:08,Partly Cloudy,13,13,32
08:08:09,Partly Cloudy,13,13,32
08:10:09,Partly Cloudy / Windy,13,13,33
08:12:08,Partly Cloudy / Windy,13,13,33
08:14:09,Partly Cloudy / Windy,13,13,33
08:16:09,Partly Cloudy / Windy,13,13,33
08:18:09,Partly Cloudy / Windy,13,13,33
08:20:09,Partly Cloudy / Windy,13,13,33
08:22:08,Partly Cloudy / Windy,13,13,33
08:24:09,Partly Cloudy / Windy,13,13,33
08:26:09,Partly Cloudy / Windy,13,13,33
08:28:09,Partly Cloudy / Windy,13,13,33
08:30:09,Partly Cloudy / Windy,13,13,33
08:32:08,Partly Cloudy / Windy,13,13,33
08:34:09,Partly Cloudy / Windy,13,13,33
08:36:08,Partly Cloudy / Windy,13,13,33
08:38:09,Partly Cloudy / Windy,13,13,33
08:40:09,Partly Cloudy / Windy,13,13,33
08:42:08,Partly Cloudy / Windy,13,13,33
08:44:09,Partly Cloudy / Windy,13,13,33
08:46:09,Partly Cloudy / Windy,15,15,37
08:48:08,Partly Cloudy / Windy,15,15,37
08:50:09,Partly Cloudy / Windy,15,15,37
08:52:09,Partly Cloudy / Windy,15,15,37
08:54:09,Partly Cloudy / Windy,15,15,37
08:56:09,Partly Cloudy / Windy,15,15,37
08:58:09,Partly Cloudy / Windy,15,15,37
09:00:08,Partly Cloudy / Windy,15,15,37
09:02:09,Partly Cloudy / Windy,15,15,37
09:04:09,Partly Cloudy / Windy,15,15,37
09:06:08,Partly Cloudy / Windy,15,15,37
09:08:09,Partly Cloudy / Windy,15,15,37
09:10:09,Partly Cloudy / Windy,15,15,37
09:12:08,Partly Cloudy / Windy,15,15,37
09:14:08,Partly Cloudy / Windy,15,15,37
09:16:09,Partly Cloudy / Windy,13,13,37
09:18:08,Partly Cloudy / Windy,13,13,37
09:20:09,Partly Cloudy / Windy,13,13,37
09:22:09,Partly Cloudy / Windy,13,13,37
09:24:09,Partly Cloudy / Windy,13,13,37
09:26:09,Partly Cloudy / Windy,13,13,37
09:28:09,Partly Cloudy / Windy,13,13,37
09:30:09,Partly Cloudy / Windy,13,13,37
09:32:08,Partly Cloudy / Windy,13,13,37
09:34:09,Partly Cloudy / Windy,13,13,37
09:36:09,Partly Cloudy / Windy,13,13,37
09:38:08,Partly Cloudy / Windy,13,13,37
09:40:09,Partly Cloudy / Windy,13,13,37
09:42:09,Partly Cloudy / Windy,13,13,37
09:44:08,Partly Cloudy / Windy,13,13,37
09:46:09,Partly Cloudy,16,16,32
09:48:09,Partly Cloudy,16,16,32
09:50:08,Partly Cloudy,16,16,32
09:52:09,Partly Cloudy,16,16,32
09:54:09,Partly Cloudy,16,16,32
09:56:08,Partly Cloudy,16,16,32
09:58:08,Partly Cloudy,16,16,32
10:00:09,Partly Cloudy,16,16,32
10:02:09,Partly Cloudy,16,16,32
10:04:09,Partly Cloudy,16,16,32
10:06:09,Partly Cloudy,16,16,32
10:08:09,Partly Cloudy,16,16,32
10:10:09,Partly Cloudy / Windy,17,17,33
10:12:08,Partly Cloudy / Windy,17,17,33
10:14:08,Partly Cloudy / Windy,17,17,33
10:16:09,Partly Cloudy / Windy,17,17,33
10:18:08,Partly Cloudy / Windy,17,17,33
10:20:08,Partly Cloudy / Windy,17,17,33
10:22:09,Partly Cloudy / Windy,17,17,33
10:24:09,Partly Cloudy / Windy,17,17,33
10:26:08,Partly Cloudy / Windy,17,17,33
10:28:08,Partly Cloudy / Windy,17,17,33
10:30:09,Partly Cloudy / Windy,17,17,33
10:32:08,Partly Cloudy / Windy,17,17,33
10:34:08,Partly Cloudy / Windy,17,17,33
10:36:09,Partly Cloudy / Windy,17,17,33
10:38:09,Partly Cloudy / Windy,17,17,33
10:40:08,Mostly Cloudy,17,17,28
10:42:09,Mostly Cloudy,17,17,28
10:44:09,Mostly Cloudy,17,17,28
10:46:09,Mostly Cloudy,17,17,28
10:48:09,Mostly Cloudy,17,17,28
10:50:09,Mostly Cloudy,17,17,28
10:52:08,Mostly Cloudy,17,17,28
10:54:09,Mostly Cloudy,17,17,28
10:56:08,Mostly Cloudy,17,17,28
10:58:08,Mostly Cloudy,17,17,28
11:00:09,Mostly Cloudy,17,17,28
11:02:08,Mostly Cloudy,17,17,28
11:04:09,Mostly Cloudy,17,17,28
11:06:09,Mostly Cloudy,17,17,28
11:08:09,Mostly Cloudy,17,17,28
11:10:08,Mostly Cloudy,17,17,28
11:12:09,Mostly Cloudy,17,17,28
11:14:09,Mostly Cloudy,17,17,28
11:16:09,Mostly Cloudy,17,17,28
11:18:09,Mostly Cloudy,17,17,28
11:20:09,Mostly Cloudy,17,17,28
11:22:08,Mostly Cloudy,17,17,28
11:24:09,Mostly Cloudy,17,17,28
11:26:09,Mostly Cloudy,17,17,28
11:28:08,Mostly Cloudy,17,17,28
11:30:09,Mostly Cloudy,17,17,28
11:32:09,Mostly Cloudy,17,17,28
11:34:09,Mostly Cloudy,17,17,28
11:36:09,Mostly Cloudy,17,17,28
11:38:09,Mostly Cloudy,17,17,28
11:40:09,Mostly Cloudy,17,17,28
11:42:09,Mostly Cloudy,17,17,28
11:44:08,Mostly Cloudy,17,17,28
11:46:09,Mostly Cloudy,17,17,32
11:48:08,Mostly Cloudy,17,17,32
11:50:08,Mostly Cloudy,17,17,32
11:52:09,Mostly Cloudy,17,17,32
11:54:09,Mostly Cloudy,17,17,32
11:56:08,Mostly Cloudy,17,17,32
11:58:09,Mostly Cloudy,17,17,32
12:00:09,Mostly Cloudy,17,17,32
12:02:09,Mostly Cloudy,17,17,32
12:04:08,Mostly Cloudy,17,17,32
12:06:09,Mostly Cloudy,17,17,32
12:08:09,Mostly Cloudy,17,17,32
12:10:09,Mostly Cloudy,17,17,32
12:12:09,Mostly Cloudy,17,17,32
12:14:09,Mostly Cloudy,17,17,32
12:16:09,Mostly Cloudy / Windy,18,18,33
12:18:09,Mostly Cloudy / Windy,18,18,33
12:20:09,Mostly Cloudy / Windy,18,18,33
12:22:08,Mostly Cloudy / Windy,18,18,33
12:24:09,Mostly Cloudy / Windy,18,18,33
12:26:09,Mostly Cloudy / Windy,18,18,33
12:28:09,Mostly Cloudy / Windy,18,18,33
12:30:09,Mostly Cloudy / Windy,18,18,33
12:32:09,Mostly Cloudy / Windy,18,18,33
12:34:09,Mostly Cloudy / Windy,18,18,33
12:36:08,Mostly Cloudy / Windy,18,18,33
12:38:09,Mostly Cloudy / Windy,18,18,33
12:40:09,Mostly Cloudy,17,17,32
12:42:08,Mostly Cloudy,17,17,32
12:44:09,Mostly Cloudy,17,17,32
12:46:09,Mostly Cloudy,17,17,32
12:48:08,Mostly Cloudy,17,17,32
12:50:09,Mostly Cloudy,17,17,32
12:52:09,Mostly Cloudy,17,17,32
12:54:08,Mostly Cloudy,17,17,32
12:56:08,Mostly Cloudy,17,17,32
12:58:09,Mostly Cloudy,17,17,32
13:00:08,Mostly Cloudy,17,17,32
13:02:09,Mostly Cloudy,17,17,32
13:04:09,Mostly Cloudy,17,17,32
13:06:08,Mostly Cloudy,17,17,32
13:08:09,Mostly Cloudy,17,17,32
13:10:09,Mostly Cloudy,17,17,32
13:12:09,Mostly Cloudy,17,17,32
13:14:09,Mostly Cloudy,17,17,32
13:16:09,Mostly Cloudy,17,17,28
13:18:09,Mostly Cloudy,17,17,28
13:20:08,Mostly Cloudy,17,17,28
13:22:09,Mostly Cloudy,17,17,28
13:24:09,Mostly Cloudy,17,17,28
13:26:09,Mostly Cloudy,17,17,28
13:28:08,Mostly Cloudy,17,17,28
13:30:09,Mostly Cloudy,17,17,28
13:32:09,Mostly Cloudy,17,17,28
13:34:08,Mostly Cloudy,17,17,28
13:36:09,Mostly Cloudy,17,17,28
13:38:09,Mostly Cloudy,17,17,28
13:40:09,Mostly Cloudy,17,17,27
13:42:09,Mostly Cloudy,17,17,27
13:44:09,Mostly Cloudy,17,17,27
13:46:09,Mostly Cloudy,17,17,27
13:48:09,Mostly Cloudy,17,17,27
13:50:09,Mostly Cloudy,17,17,27
13:52:09,Mostly Cloudy,17,17,27
13:54:08,Mostly Cloudy,17,17,27
13:56:09,Mostly Cloudy,17,17,27
13:58:09,Mostly Cloudy,17,17,27
14:00:09,Mostly Cloudy,17,17,27
14:02:09,Mostly Cloudy,17,17,27
14:04:09,Mostly Cloudy,17,17,27
14:06:08,Mostly Cloudy,17,17,27
14:08:09,Mostly Cloudy,17,17,27
14:10:09,Light Rain Shower,16,16,27
14:12:09,Light Rain Shower,16,16,27
14:14:09,Light Rain Shower,16,16,27
14:16:09,Light Rain Shower,16,16,27
14:18:09,Light Rain Shower,16,16,27
14:20:09,Light Rain Shower,16,16,27
14:22:08,Light Rain Shower,16,16,27
14:24:09,Light Rain Shower,16,16,27
14:26:09,Light Rain Shower,16,16,27
14:28:09,Light Rain Shower,16,16,27
14:30:08,Light Rain Shower,16,16,27
14:32:09,Light Rain Shower,16,16,27
14:34:09,Light Rain Shower,16,16,27
14:36:09,Light Rain Shower,16,16,27
14:38:09,Light Rain Shower,16,16,27
14:40:09,Light Rain Shower,16,16,22
14:42:09,Light Rain Shower,16,16,22
14:44:09,Light Rain Shower,16,16,22
14:46:09,Light Rain Shower,16,16,22
14:48:09,Light Rain Shower,16,16,22
14:50:08,Light Rain Shower,16,16,22
14:52:09,Light Rain Shower,16,16,22
14:54:09,Light Rain Shower,16,16,22
14:56:08,Light Rain Shower,16,16,22
14:58:09,Light Rain Shower,16,16,22
15:00:09,Light Rain Shower,16,16,22
15:02:08,Light Rain Shower,16,16,22
15:04:09,Light Rain Shower,16,16,22
15:06:09,Light Rain Shower,16,16,22
15:08:09,Light Rain Shower,16,16,22
15:10:09,Light Rain Shower,16,16,20
15:12:09,Light Rain Shower,16,16,20
15:14:09,Light Rain Shower,16,16,20
15:16:09,Light Rain Shower,16,16,20
15:18:09,Light Rain Shower,16,16,20
15:20:09,Light Rain Shower,16,16,20
15:22:09,Light Rain Shower,16,16,20
15:24:08,Light Rain Shower,16,16,20
15:26:09,Light Rain Shower,16,16,20
15:28:08,Light Rain Shower,16,16,20
15:30:09,Light Rain Shower,16,16,20
15:32:09,Light Rain Shower,16,16,20
15:34:09,Light Rain Shower,16,16,20
15:36:08,Light Rain Shower,16,16,20
15:38:09,Light Rain Shower,16,16,20
15:40:09,Mostly Cloudy,16,16,16
15:42:08,Mostly Cloudy,16,16,16
15:44:08,Mostly Cloudy,16,16,16
15:46:09,Mostly Cloudy,16,16,16
15:48:08,Mostly Cloudy,16,16,16
15:50:09,Mostly Cloudy,16,16,16
15:52:09,Mostly Cloudy,16,16,16
15:54:09,Mostly Cloudy,16,16,16
15:56:08,Mostly Cloudy,16,16,16
15:58:09,Mostly Cloudy,16,16,16
16:00:09,Mostly Cloudy,16,16,16
16:02:08,Mostly Cloudy,16,16,16
16:04:08,Mostly Cloudy,16,16,16
16:06:09,Mostly Cloudy,16,16,16
16:08:09,Mostly Cloudy,16,16,16
16:10:08,Mostly Cloudy,16,16,16
16:12:09,Mostly Cloudy,16,16,16
16:14:09,Mostly Cloudy,16,16,16
16:16:08,Mostly Cloudy,17,17,22
16:18:09,Mostly Cloudy,17,17,22
16:20:08,Mostly Cloudy,17,17,22
16:22:09,Mostly Cloudy,17,17,22
16:24:09,Mostly Cloudy,17,17,22
16:26:08,Mostly Cloudy,17,17,22
16:28:09,Mostly Cloudy,17,17,22
16:30:08,Mostly Cloudy,17,17,22
16:32:09,Mostly Cloudy,17,17,22
16:34:09,Mostly Cloudy,17,17,22
16:36:08,Mostly Cloudy,17,17,22
16:38:09,Mostly Cloudy,17,17,22
16:40:09,Mostly Cloudy,17,17,22
16:42:09,Mostly Cloudy,17,17,22
16:44:08,Mostly Cloudy,17,17,22
16:46:09,Mostly Cloudy,17,17,22
16:48:09,Mostly Cloudy,17,17,22
16:50:09,Mostly Cloudy,17,17,22
16:52:09,Mostly Cloudy,17,17,22
16:54:08,Mostly Cloudy,17,17,22
16:56:09,Mostly Cloudy,17,17,22
16:58:09,Mostly Cloudy,17,17,22
17:00:08,Mostly Cloudy,17,17,22
17:02:09,Mostly Cloudy,17,17,22
17:04:09,Mostly Cloudy,17,17,22
17:06:08,Mostly Cloudy,17,17,22
17:08:09,Mostly Cloudy,17,17,22
17:10:09,Mostly Cloudy,17,17,22
17:12:08,Mostly Cloudy,17,17,22
17:14:09,Mostly Cloudy,17,17,22
17:16:09,Mostly Cloudy,17,17,22
17:18:09,Mostly Cloudy,17,17,22
17:20:09,Mostly Cloudy,17,17,22
17:22:09,Mostly Cloudy,17,17,22
17:24:08,Mostly Cloudy,17,17,22
17:26:08,Mostly Cloudy,17,17,22
17:28:09,Mostly Cloudy,17,17,22
17:30:09,Mostly Cloudy,17,17,22
17:32:08,Mostly Cloudy,17,17,22
17:34:08,Mostly Cloudy,17,17,22
17:36:09,Mostly Cloudy,17,17,22
17:38:09,Mostly Cloudy,17,17,22
17:40:08,Mostly Cloudy,17,17,22
17:42:09,Mostly Cloudy,17,17,22
17:44:09,Mostly Cloudy,17,17,22
17:46:08,Mostly Cloudy,17,17,22
17:48:09,Mostly Cloudy,17,17,22
17:50:09,Mostly Cloudy,17,17,22
17:52:08,Mostly Cloudy,17,17,22
17:54:09,Mostly Cloudy,17,17,22
17:56:09,Mostly Cloudy,17,17,22
17:58:09,Mostly Cloudy,17,17,22
18:00:08,Mostly Cloudy,17,17,22
18:02:09,Mostly Cloudy,17,17,22
18:04:09,Mostly Cloudy,17,17,22
18:06:08,Mostly Cloudy,17,17,22
18:08:09,Mostly Cloudy,17,17,22
18:10:09,Mostly Cloudy,17,17,22
18:12:09,Mostly Cloudy,17,17,22
18:14:08,Mostly Cloudy,17,17,22
18:16:09,Partly Cloudy,17,17,25
18:18:08,Partly Cloudy,17,17,25
18:20:08,Partly Cloudy,17,17,25
18:22:09,Partly Cloudy,17,17,25
18:24:09,Partly Cloudy,17,17,25
18:26:08,Partly Cloudy,17,17,25
18:28:09,Partly Cloudy,17,17,25
18:30:09,Partly Cloudy,17,17,25
18:32:08,Partly Cloudy,17,17,25
18:34:09,Partly Cloudy,17,17,25
18:36:09,Partly Cloudy,17,17,25
18:38:08,Partly Cloudy,17,17,25
18:40:08,Partly Cloudy,17,17,25
18:42:09,Partly Cloudy,17,17,25
18:44:09,Partly Cloudy,17,17,25
18:46:08,Partly Cloudy,17,17,25
18:48:09,Partly Cloudy,17,17,25
18:50:09,Partly Cloudy,17,17,25
18:52:09,Partly Cloudy,17,17,25
18:54:09,Partly Cloudy,17,17,25
18:56:09,Partly Cloudy,17,17,25
18:58:08,Partly Cloudy,17,17,25
19:00:09,Partly Cloudy,17,17,25
19:02:09,Partly Cloudy,17,17,25
19:04:08,Partly Cloudy,17,17,25
19:06:09,Partly Cloudy,17,17,25
19:08:09,Partly Cloudy,17,17,25
19:10:09,Partly Cloudy,16,16,32
19:12:09,Partly Cloudy,16,16,32
19:14:09,Partly Cloudy,16,16,32
19:16:08,Partly Cloudy,16,16,32
19:18:09,Partly Cloudy,16,16,32
19:20:08,Partly Cloudy,16,16,32
19:22:09,Partly Cloudy,16,16,32
19:24:09,Partly Cloudy,16,16,32
19:26:09,Partly Cloudy,16,16,32
19:28:08,Partly Cloudy,16,16,32
19:30:09,Partly Cloudy,16,16,32
19:32:09,Partly Cloudy,16,16,32
19:34:08,Partly Cloudy,16,16,32
19:36:09,Partly Cloudy,16,16,32
19:38:09,Partly Cloudy,16,16,32
19:40:08,Partly Cloudy,16,16,32
19:42:09,Partly Cloudy,16,16,32
19:44:09,Partly Cloudy,16,16,32
19:46:09,Partly Cloudy,16,16,32
19:48:09,Partly Cloudy,16,16,32
19:50:09,Partly Cloudy,16,16,32
19:52:09,Partly Cloudy,16,16,32
19:54:09,Partly Cloudy,16,16,32
19:56:09,Partly Cloudy,16,16,32
19:58:09,Partly Cloudy,16,16,32
20:00:08,Partly Cloudy,16,16,32
20:02:09,Partly Cloudy,16,16,32
20:04:09,Partly Cloudy,16,16,32
20:06:08,Partly Cloudy,16,16,32
20:08:08,Partly Cloudy,16,16,32
20:10:09,Mostly Cloudy,15,15,24
20:12:09,Mostly Cloudy,15,15,24
20:14:08,Mostly Cloudy,15,15,24
20:16:09,Mostly Cloudy,15,15,24
20:18:08,Mostly Cloudy,15,15,24
20:20:09,Mostly Cloudy,15,15,24
20:22:09,Mostly Cloudy,15,15,24
20:24:08,Mostly Cloudy,15,15,24
20:26:09,Mostly Cloudy,15,15,24
20:28:09,Mostly Cloudy,15,15,24
20:30:08,Mostly Cloudy,15,15,24
20:32:09,Mostly Cloudy,15,15,24
20:34:09,Mostly Cloudy,15,15,24
20:36:08,Mostly Cloudy,15,15,24
20:38:09,Mostly Cloudy,15,15,24
20:40:09,Mostly Cloudy,15,15,24
20:42:08,Mostly Cloudy,15,15,24
20:44:09,Mostly Cloudy,15,15,24
20:46:09,Mostly Cloudy,15,15,24
20:48:08,Mostly Cloudy,15,15,24
20:50:09,Mostly Cloudy,15,15,24
20:52:08,Mostly Cloudy,15,15,24
20:54:09,Mostly Cloudy,15,15,24
20:56:09,Mostly Cloudy,15,15,24
20:58:09,Mostly Cloudy,15,15,24
21:00:08,Mostly Cloudy,15,15,24
21:02:09,Mostly Cloudy,15,15,24
21:04:09,Mostly Cloudy,15,15,24
21:06:08,Mostly Cloudy,15,15,24
21:08:08,Mostly Cloudy,15,15,24
21:10:09,Fair,12,12,22
21:12:09,Fair,12,12,22
21:14:09,Fair,12,12,22
21:16:09,Fair,12,12,22
21:18:09,Fair,12,12,22
21:20:09,Fair,12,12,22
21:22:09,Fair,12,12,22
21:24:08,Fair,12,12,22
21:26:09,Fair,12,12,22
21:28:09,Fair,12,12,22
21:30:08,Fair,12,12,22
21:32:09,Fair,12,12,22
21:34:09,Fair,12,12,22
21:36:09,Fair,12,12,22
21:38:09,Fair,12,12,22
21:40:09,Fair,12,12,22
21:42:08,Fair,12,12,22
21:44:09,Fair,12,12,22
21:46:09,Fair,12,12,22
21:48:08,Fair,12,12,22
21:50:08,Fair,12,12,22
21:52:09,Fair,12,12,22
21:54:09,Fair,12,12,22
21:56:08,Fair,12,12,22
21:58:08,Fair,12,12,22
22:00:09,Fair,12,12,22
22:02:09,Fair,12,12,22
22:04:08,Fair,12,12,22
22:06:09,Fair,12,12,22
22:08:09,Fair,12,12,22
22:10:09,Mostly Cloudy,13,13,22
22:12:09,Mostly Cloudy,13,13,22
22:14:09,Mostly Cloudy,13,13,22
22:16:09,Mostly Cloudy,13,13,22
22:18:09,Mostly Cloudy,13,13,22
22:20:09,Mostly Cloudy,13,13,22
22:22:08,Mostly Cloudy,13,13,22
22:24:09,Mostly Cloudy,13,13,22
22:26:09,Mostly Cloudy,13,13,22
22:28:09,Mostly Cloudy,13,13,22
22:30:08,Mostly Cloudy,13,13,22
22:32:09,Mostly Cloudy,13,13,22
22:34:09,Mostly Cloudy,13,13,22
22:36:09,Mostly Cloudy,13,13,22
22:38:08,Mostly Cloudy,13,13,22
22:40:08,Mostly Cloudy,13,13,22
22:42:09,Mostly Cloudy,13,13,22
22:44:09,Mostly Cloudy,13,13,22
22:46:09,Mostly Cloudy,13,13,22
22:48:09,Mostly Cloudy,13,13,22
22:50:08,Mostly Cloudy,13,13,22
22:52:09,Mostly Cloudy,13,13,22
22:54:09,Mostly Cloudy,13,13,22
22:56:08,Mostly Cloudy,13,13,22
22:58:09,Mostly Cloudy,13,13,22
23:00:09,Mostly Cloudy,13,13,22
23:02:08,Mostly Cloudy,13,13,22
23:04:08,Mostly Cloudy,13,13,22
23:06:09,Mostly Cloudy,13,13,22
23:08:09,Mostly Cloudy,13,13,22
23:10:09,Mostly Cloudy,13,13,22
23:12:09,Mostly Cloudy,13,13,22
23:14:09,Mostly Cloudy,13,13,22
23:16:08,Mostly Cloudy,13,13,20
23:18:09,Mostly Cloudy,13,13,20
23:20:08,Mostly Cloudy,13,13,20
23:22:09,Mostly Cloudy,13,13,20
23:24:09,Mostly Cloudy,13,13,20
23:26:09,Mostly Cloudy,13,13,20
23:28:08,Mostly Cloudy,13,13,20
23:30:09,Mostly Cloudy,13,13,20
23:32:09,Mostly Cloudy,13,13,20
23:34:08,Mostly Cloudy,13,13,20
23:36:09,Mostly Cloudy,13,13,20
23:38:09,Mostly Cloudy,13,13,20
23:40:08,Mostly Cloudy,13,13,20
23:42:09,Mostly Cloudy,13,13,20
23:44:09,Mostly Cloudy,13,13,20
23:46:09,Mostly Cloudy,13,13,20
23:48:08,Mostly Cloudy,13,13,20
23:50:09,Mostly Cloudy,13,13,20
23:52:08,Mostly Cloudy,13,13,20
23:54:09,Mostly Cloudy,13,13,20
23:56:09,Mostly Cloudy,13,13,20
23:58:08,Mostly Cloudy,13,13,20
