Time,Weather,Temperature,Feels_Like,Wind_Speed
00:00:09,Mostly Cloudy,8,7,12
00:02:09,Mostly Cloudy,8,7,12
00:04:09,Mostly Cloudy,8,7,12
00:06:09,Mostly Cloudy,8,7,12
00:08:08,Mostly Cloudy,8,7,12
00:10:09,Mostly Cloudy,8,7,12
00:12:08,Mostly Cloudy,8,7,12
00:14:09,Mostly Cloudy,8,7,12
00:16:08,Mostly Cloudy,8,7,12
00:18:09,Light Rain,10,10,16
00:20:08,Light Rain,10,10,16
00:22:09,Light Rain,10,10,16
00:24:08,Light Rain,10,10,16
00:26:08,Light Rain,10,10,16
00:28:09,Light Rain,10,10,16
00:30:09,Light Rain,10,10,16
00:32:08,Light Rain,10,10,16
00:34:09,Light Rain,10,10,16
00:36:09,Light Rain,10,10,16
00:38:08,Light Rain,10,10,16
00:40:09,Light Rain,10,10,16
00:42:09,Light Rain,10,10,16
00:44:08,Light Rain,10,10,16
00:46:09,Light Rain,10,10,16
00:48:08,Light Rain,10,10,16
00:50:09,Light Rain,10,10,16
00:52:08,Light Rain,10,10,16
00:54:09,Light Rain,10,10,16
00:56:08,Light Rain,10,10,16
00:58:09,Light Rain,10,10,16
01:00:17,Light Rain,10,10,16
01:02:09,Light Rain,10,10,16
01:04:09,Light Rain,10,10,16
01:06:08,Light Rain,10,10,16
01:08:09,Light Rain,10,10,16
01:10:08,Light Rain,10,10,16
01:12:09,Light Rain,11,11,32
01:14:09,Light Rain,11,11,32
01:16:09,Light Rain,11,11,32
01:18:08,Light Rain,11,11,32
01:20:09,Light Rain,11,11,32
01:22:09,Light Rain,11,11,32
01:24:08,Light Rain,11,11,32
01:26:09,Light Rain,11,11,32
01:28:08,Light Rain,11,11,32
01:30:09,Light Rain,11,11,32
01:32:09,Light Rain,11,11,32
01:34:08,Light Rain,11,11,32
01:36:08,Light Rain,11,11,32
01:38:09,Light Rain,11,11,32
01:40:09,Light Rain,11,11,32
01:42:09,Light Rain,11,11,32
01:44:08,Light Rain,11,11,32
01:46:09,Light Rain,11,11,32
01:48:09,Light Rain,11,11,32
01:50:09,Light Rain,11,11,32
01:52:08,Light Rain,11,11,32
01:54:09,Light Rain,11,11,32
01:56:08,Light Rain,11,11,32
01:58:09,Light Rain,11,11,32
02:00:09,Light Rain,11,11,32
02:02:09,Light Rain,11,11,32
02:04:09,Light Rain,11,11,32
02:06:09,Light Rain,11,11,32
02:08:09,Light Rain,11,11,32
02:10:09,Light Rain,11,11,32
02:12:09,Mostly Cloudy,11,11,28
02:14:08,Mostly Cloudy,11,11,28
02:16:09,Mostly Cloudy,11,11,28
02:18:08,Mostly Cloudy,11,11,28
02:20:09,Mostly Cloudy,11,11,28
02:22:08,Mostly Cloudy,11,11,28
02:24:09,Mostly Cloudy,11,11,28
02:26:09,Mostly Cloudy,11,11,28
02:28:08,Mostly Cloudy,11,11,28
02:30:09,Mostly Cloudy,11,11,28
02:32:09,Mostly Cloudy,11,11,28
02:34:09,Mostly Cloudy,11,11,28
02:36:08,Mostly Cloudy,11,11,28
02:38:09,Mostly Cloudy,11,11,28
02:40:09,Mostly Cloudy,11,11,28
02:42:08,Mostly Cloudy,11,11,28
02:44:09,Mostly Cloudy,11,11,28
02:46:08,Mostly Cloudy,11,11,28
02:48:09,Mostly Cloudy,11,11,28
02:50:09,Mostly Cloudy,11,11,28
02:52:08,Mostly Cloudy,11,11,28
02:54:09,Mostly Cloudy,11,11,28
02:56:08,Mostly Cloudy,11,11,28
02:58:09,Mostly Cloudy,11,11,28
03:00:08,Mostly Cloudy,11,11,28
03:02:09,Mostly Cloudy,11,11,28
03:04:08,Mostly Cloudy,11,11,28
03:06:08,Mostly Cloudy,11,11,28
03:08:09,Mostly Cloudy,11,11,28
03:10:09,Mostly Cloudy,11,11,28
03:12:08,Light Rain,12,12,28
03:14:09,Light Rain,12,12,28
03:16:09,Light Rain,12,12,28
03:18:09,Light Rain,12,12,28
03:20:09,Light Rain,12,12,28
03:22:09,Light Rain,12,12,28
03:24:08,Light Rain,12,12,28
03:26:09,Light Rain,12,12,28
03:28:08,Light Rain,12,12,28
03:30:09,Light Rain,12,12,28
03:32:08,Light Rain,12,12,28
03:34:09,Light Rain,12,12,28
03:36:08,Light Rain,12,12,28
03:38:09,Light Rain,12,12,28
03:40:09,Light Rain,12,12,28
03:42:08,Light Rain,12,12,28
03:44:09,Light Rain,12,12,28
03:46:09,Light Rain,12,12,28
03:48:09,Light Rain,12,12,28
03:50:09,Light Rain,12,12,28
03:52:08,Light Rain,12,12,28
03:54:09,Light Rain,12,12,28
03:56:09,Light Rain,12,12,28
03:58:09,Light Rain,12,12,28
04:00:09,Light Rain,12,12,28
04:02:09,Light Rain,12,12,28
04:04:08,Light Rain,12,12,28
04:06:09,Light Rain,12,12,28
04:08:09,Light Rain,12,12,28
04:10:08,Light Rain,12,12,28
04:12:08,Mostly Cloudy,12,12,20
04:14:09,Mostly Cloudy,12,12,20
04:16:09,Mostly Cloudy,12,12,20
04:18:09,Mostly Cloudy,12,12,20
04:20:09,Mostly Cloudy,12,12,20
04:22:09,Mostly Cloudy,12,12,20
04:24:09,Mostly Cloudy,12,12,20
04:26:08,Mostly Cloudy,12,12,20
04:28:09,Mostly Cloudy,12,12,20
04:30:09,Mostly Cloudy,12,12,20
04:32:08,Mostly Cloudy,12,12,20
04:34:09,Mostly Cloudy,12,12,20
04:36:09,Mostly Cloudy,12,12,20
04:38:08,Mostly Cloudy,12,12,20
04:40:08,Mostly Cloudy,12,12,20
04:42:09,Mostly Cloudy,12,12,20
04:44:08,Mostly Cloudy,12,12,20
04:46:09,Mostly Cloudy,12,12,20
04:48:09,Mostly Cloudy,12,12,20
04:50:08,Mostly Cloudy,12,12,20
04:52:09,Mostly Cloudy,12,12,20
04:54:09,Mostly Cloudy,12,12,20
04:56:09,Mostly Cloudy,12,12,20
04:58:09,Mostly Cloudy,12,12,20
05:00:08,Mostly Cloudy,12,12,20
05:02:09,Mostly Cloudy,12,12,20
05:04:08,Mostly Cloudy,12,12,20
05:06:09,Mostly Cloudy,12,12,20
05:08:09,Mostly Cloudy,12,12,20
05:10:08,Mostly Cloudy,12,12,20
05:12:09,Mostly Cloudy,12,12,22
05:14:09,Mostly Cloudy,12,12,22
05:16:09,Mostly Cloudy,12,12,22
05:18:09,Mostly Cloudy,12,12,22
05:20:09,Mostly Cloudy,12,12,22
05:22:08,Mostly Cloudy,12,12,22
05:24:09,Mostly Cloudy,12,12,22
05:26:08,Mostly Cloudy,12,12,22
05:28:09,Mostly Cloudy,12,12,22
05:30:08,Mostly Cloudy,12,12,22
05:32:09,Mostly Cloudy,12,12,22
05:34:09,Mostly Cloudy,12,12,22
05:36:08,Mostly Cloudy,12,12,22
05:38:09,Mostly Cloudy,12,12,22
05:40:09,Mostly Cloudy,12,12,22
05:42:08,Mostly Cloudy,12,12,22
05:44:09,Mostly Cloudy,12,12,22
05:46:08,Mostly Cloudy,12,12,22
05:48:08,Mostly Cloudy,12,12,22
05:50:09,Mostly Cloudy,12,12,22
05:52:09,Mostly Cloudy,12,12,22
05:54:08,Mostly Cloudy,12,12,22
05:56:09,Mostly Cloudy,12,12,22
05:58:09,Mostly Cloudy,12,12,22
06:00:08,Mostly Cloudy,12,12,22
06:02:09,Mostly Cloudy,12,12,22
06:04:09,Mostly Cloudy,12,12,22
06:06:08,Mostly Cloudy,12,12,22
06:08:09,Mostly Cloudy,12,12,22
06:10:08,Mostly Cloudy,12,12,22
06:12:08,Partly Cloudy / Windy,12,12,38
06:14:09,Partly Cloudy / Windy,12,12,38
06:16:09,Partly Cloudy / Windy,12,12,38
06:18:09,Partly Cloudy / Windy,12,12,38
06:20:09,Partly Cloudy / Windy,12,12,38
06:22:09,Partly Cloudy / Windy,12,12,38
06:24:08,Partly Cloudy / Windy,12,12,38
06:26:08,Partly Cloudy / Windy,12,12,38
06:28:09,Partly Cloudy / Windy,12,12,38
06:30:09,Partly Cloudy / Windy,12,12,38
06:32:08,Partly Cloudy / Windy,12,12,38
06:34:09,Partly Cloudy / Windy,12,12,38
06:36:09,Partly Cloudy / Windy,12,12,38
06:38:08,Partly Cloudy / Windy,12,12,38
06:40:09,Partly Cloudy / Windy,12,12,38
06:42:08,Partly Cloudy / Windy,12,12,38
06:44:09,Partly Cloudy / Windy,12,12,38
06:46:09,Partly Cloudy / Windy,12,12,38
06:48:09,Partly Cloudy / Windy,12,12,38
06:50:09,Partly Cloudy / Windy,12,12,38
06:52:09,Partly Cloudy / Windy,12,12,38
06:54:08,Partly Cloudy / Windy,12,12,38
06:56:09,Partly Cloudy / Windy,12,12,38
06:58:09,Partly Cloudy / Windy,12,12,38
07:00:09,Partly Cloudy / Windy,12,12,38
07:02:09,Partly Cloudy / Windy,12,12,38
07:04:09,Partly Cloudy / Windy,12,12,38
07:06:08,Partly Cloudy / Windy,12,12,38
07:08:09,Partly Cloudy / Windy,12,12,38
07:10:09,Partly Cloudy / Windy,12,12,38
07:12:09,Partly Cloudy / Windy,12,12,38
07:14:09,Partly Cloudy / Windy,12,12,38
07:16:09,Partly Cloudy / Windy,12,12,38
07:18:09,Light Drizzle / Windy,11,11,40
07:20:09,Light Drizzle / Windy,11,11,40
07:22:08,Light Drizzle / Windy,11,11,40
07:24:09,Light Drizzle / Windy,11,11,40
07:26:09,Light Drizzle / Windy,11,11,40
07:28:08,Light Drizzle / Windy,11,11,40
07:30:09,Light Drizzle / Windy,11,11,40
07:32:09,Light Drizzle / Windy,11,11,40
07:34:09,Light Drizzle / Windy,11,11,40
07:36:08,Light Drizzle / Windy,11,11,40
07:38:08,Light Drizzle / Windy,11,11,40
07:40:09,Light Drizzle / Windy,11,11,40
07:42:08,Light Drizzle / Windy,11,11,40
07:44:09,Light Drizzle / Windy,11,11,40
07:46:09,Light Drizzle / Windy,11,11,40
07:48:08,Light Drizzle / Windy,11,11,40
07:50:09,Light Drizzle / Windy,11,11,40
07:52:08,Light Drizzle / Windy,11,11,40
07:54:09,Light Drizzle / Windy,11,11,40
07:56:09,Light Drizzle / Windy,11,11,40
07:58:09,Light Drizzle / Windy,11,11,40
08:00:09,Light Drizzle / Windy,11,11,40
08:02:08,Light Drizzle / Windy,11,11,40
08:04:08,Light Drizzle / Windy,11,11,40
08:06:09,Light Drizzle / Windy,11,11,40
08:08:09,Light Drizzle / Windy,11,11,40
08:10:08,Light Drizzle / Windy,11,11,40
08:12:09,Light Drizzle / Windy,11,11,45
08:14:09,Light Drizzle / Windy,11,11,45
08:16:08,Light Drizzle / Windy,11,11,45
08:18:09,Light Drizzle / Windy,11,11,45
08:20:08,Light Drizzle / Windy,11,11,45
08:22:09,Light Drizzle / Windy,11,11,45
08:24:09,Light Drizzle / Windy,11,11,45
08:26:08,Light Drizzle / Windy,11,11,45
08:28:09,Light Drizzle / Windy,11,11,45
08:30:08,Light Drizzle / Windy,11,11,45
08:32:09,Light Drizzle / Windy,11,11,45
08:34:09,Light Drizzle / Windy,11,11,45
08:36:08,Light Drizzle / Windy,11,11,45
08:38:09,Light Drizzle / Windy,11,11,45
08:40:09,Light Drizzle / Windy,11,11,45
08:42:09,Light Drizzle / Windy,11,11,48
08:44:09,Light Drizzle / Windy,11,11,48
08:46:09,Light Drizzle / Windy,11,11,48
08:48:09,Light Drizzle / Windy,11,11,48
08:50:08,Light Drizzle / Windy,11,11,48
08:52:09,Light Drizzle / Windy,11,11,48
08:54:08,Light Drizzle / Windy,11,11,48
08:56:09,Light Drizzle / Windy,11,11,48
08:58:09,Light Drizzle / Windy,11,11,48
09:00:09,Light Drizzle / Windy,11,11,48
09:02:09,Light Drizzle / Windy,11,11,48
09:04:09,Light Drizzle / Windy,11,11,48
09:06:09,Light Drizzle / Windy,11,11,48
09:08:09,Light Drizzle / Windy,11,11,48
09:10:09,Light Drizzle / Windy,11,11,48
09:12:09,Light Drizzle / Windy,12,12,49
09:14:09,Light Drizzle / Windy,12,12,49
09:16:08,Light Drizzle / Windy,12,12,49
09:18:09,Light Drizzle / Windy,12,12,49
09:20:09,Light Drizzle / Windy,12,12,49
09:22:08,Light Drizzle / Windy,12,12,49
09:24:08,Light Drizzle / Windy,12,12,49
09:26:09,Light Drizzle / Windy,12,12,49
09:28:09,Light Drizzle / Windy,12,12,49
09:30:09,Light Drizzle / Windy,12,12,49
09:32:09,Light Drizzle / Windy,12,12,49
09:34:08,Light Drizzle / Windy,12,12,49
09:36:09,Light Drizzle / Windy,12,12,49
09:38:08,Light Drizzle / Windy,12,12,49
09:40:08,Light Drizzle / Windy,12,12,49
09:42:09,Light Drizzle / Windy,12,12,49
09:44:09,Light Drizzle / Windy,12,12,49
09:46:08,Light Drizzle / Windy,12,12,49
09:48:09,Light Rain / Windy,12,12,41
09:50:09,Light Rain / Windy,12,12,41
09:52:09,Light Rain / Windy,12,12,41
09:54:08,Light Rain / Windy,12,12,41
09:56:09,Light Rain / Windy,12,12,41
09:58:09,Light Rain / Windy,12,12,41
10:00:08,Light Rain / Windy,12,12,41
10:02:09,Light Rain / Windy,12,12,41
10:04:09,Light Rain / Windy,12,12,41
10:06:08,Light Rain / Windy,12,12,41
10:08:09,Light Rain / Windy,12,12,41
10:10:09,Light Rain / Windy,12,12,41
10:12:09,Light Rain / Windy,11,11,41
10:14:09,Light Rain / Windy,11,11,41
10:16:09,Light Rain / Windy,11,11,41
10:18:09,Light Rain / Windy,11,11,41
10:20:09,Light Rain / Windy,11,11,41
10:22:09,Light Rain / Windy,11,11,41
10:24:08,Light Rain / Windy,11,11,41
10:26:09,Light Rain / Windy,11,11,41
10:28:09,Light Rain / Windy,11,11,41
10:30:09,Light Rain / Windy,11,11,41
10:32:09,Light Rain / Windy,11,11,41
10:34:09,Light Rain / Windy,11,11,41
10:36:09,Light Rain / Windy,11,11,41
10:38:09,Light Rain / Windy,11,11,41
10:40:09,Light Rain / Windy,11,11,41
10:42:09,Light Rain / Windy,11,11,41
10:44:08,Light Rain / Windy,10,10,40
10:46:08,Light Rain / Windy,10,10,40
10:48:09,Light Rain / Windy,10,10,40
10:50:08,Light Rain / Windy,10,10,40
10:52:08,Light Rain / Windy,10,10,40
10:54:09,Light Rain / Windy,10,10,40
10:56:09,Light Rain / Windy,10,10,40
10:58:09,Light Rain / Windy,10,10,40
11:00:08,Light Rain / Windy,10,10,40
11:02:09,Light Rain / Windy,10,10,40
11:04:09,Light Rain / Windy,10,10,40
11:06:09,Light Rain / Windy,10,10,40
11:08:09,Light Rain / Windy,10,10,40
11:10:09,Light Rain / Windy,10,10,40
11:12:08,Light Rain / Windy,10,10,40
11:14:09,Light Rain / Windy,10,10,40
11:16:08,Light Rain / Windy,10,10,40
11:18:09,Light Rain / Windy,10,10,40
11:20:09,Light Rain / Windy,10,10,40
11:22:09,Light Rain / Windy,10,10,40
11:24:09,Light Rain / Windy,10,10,40
11:26:08,Light Rain / Windy,10,10,40
11:28:09,Light Rain / Windy,10,10,40
11:30:08,Light Rain / Windy,10,10,40
11:32:09,Light Rain / Windy,10,10,40
11:34:08,Light Rain / Windy,10,10,40
11:36:08,Light Rain / Windy,10,10,40
11:38:09,Light Rain / Windy,10,10,40
11:40:08,Light Rain / Windy,10,10,40
11:42:09,Light Rain / Windy,11,11,45
11:44:08,Light Rain / Windy,11,11,45
11:46:09,Light Rain / Windy,11,11,45
11:48:09,Light Rain / Windy,11,11,45
11:50:08,Light Rain / Windy,11,11,45
11:52:09,Light Rain / Windy,11,11,45
11:54:08,Light Rain / Windy,11,11,45
11:56:08,Light Rain / Windy,11,11,45
11:58:09,Light Rain / Windy,11,11,45
12:00:09,Light Rain / Windy,11,11,45
12:02:09,Light Rain / Windy,11,11,45
12:04:09,Light Rain / Windy,11,11,45
12:06:08,Light Rain / Windy,11,11,45
12:08:09,Light Rain / Windy,11,11,45
12:10:09,Light Rain / Windy,11,11,45
12:12:08,Light Rain / Windy,10,10,38
12:14:09,Light Rain / Windy,10,10,38
12:16:08,Light Rain / Windy,10,10,38
12:18:09,Light Rain / Windy,10,10,38
12:20:09,Light Rain / Windy,10,10,38
12:22:08,Light Rain / Windy,10,10,38
12:24:09,Light Rain / Windy,10,10,38
12:26:08,Light Rain / Windy,10,10,38
12:28:08,Light Rain / Windy,10,10,38
12:30:08,Light Rain / Windy,10,10,38
12:32:09,Light Rain / Windy,10,10,38
12:34:08,Light Rain / Windy,10,10,38
12:36:09,Light Rain / Windy,10,10,38
12:38:08,Light Rain / Windy,10,10,38
12:40:09,Light Rain / Windy,10,10,38
12:42:08,Light Rain / Windy,10,10,45
12:44:09,Light Rain / Windy,10,10,45
12:46:09,Light Rain / Windy,10,10,45
12:48:08,Light Rain / Windy,10,10,45
12:50:09,Light Rain / Windy,10,10,45
12:52:09,Light Rain / Windy,10,10,45
12:54:09,Light Rain / Windy,10,10,45
12:56:09,Light Rain / Windy,10,10,45
12:58:09,Light Rain / Windy,10,10,45
13:00:09,Light Rain / Windy,10,10,45
13:02:09,Light Rain / Windy,10,10,45
13:04:09,Light Rain / Windy,10,10,45
13:06:08,Light Rain / Windy,10,10,45
13:08:09,Light Rain / Windy,10,10,45
13:10:09,Light Rain / Windy,10,10,45
13:12:08,Light Rain / Windy,11,11,48
13:14:09,Light Rain / Windy,11,11,48
13:16:09,Light Rain / Windy,11,11,48
13:18:08,Light Rain / Windy,11,11,48
13:20:09,Light Rain / Windy,11,11,48
13:22:09,Light Rain / Windy,11,11,48
13:24:08,Light Rain / Windy,11,11,48
13:26:09,Light Rain / Windy,11,11,48
13:28:09,Light Rain / Windy,11,11,48
13:30:09,Light Rain / Windy,11,11,48
13:32:09,Light Rain / Windy,11,11,48
13:34:08,Light Rain / Windy,11,11,48
13:36:09,Light Rain / Windy,11,11,48
13:38:08,Light Rain / Windy,11,11,48
13:40:09,Light Rain / Windy,11,11,48
13:42:09,Light Rain / Windy,10,10,51
13:44:09,Light Rain / Windy,10,10,51
13:46:09,Light Rain / Windy,10,10,51
13:48:08,Light Rain / Windy,10,10,51
13:50:09,Light Rain / Windy,10,10,51
13:52:09,Light Rain / Windy,10,10,51
13:54:08,Light Rain / Windy,10,10,51
13:56:09,Light Rain / Windy,10,10,51
13:58:09,Light Rain / Windy,10,10,51
14:00:09,Light Rain / Windy,10,10,51
14:02:09,Light Rain / Windy,10,10,51
14:04:09,Light Rain / Windy,10,10,51
14:06:09,Light Rain / Windy,10,10,51
14:08:09,Light Rain / Windy,10,10,51
14:10:08,Light Rain / Windy,10,10,51
14:12:08,Light Rain / Windy,10,10,57
14:14:09,Light Rain / Windy,10,10,57
14:16:08,Light Rain / Windy,10,10,57
14:18:09,Light Rain / Windy,10,10,57
14:20:09,Light Rain / Windy,10,10,57
14:22:09,Light Rain / Windy,10,10,57
14:24:09,Light Rain / Windy,10,10,57
14:26:08,Light Rain / Windy,10,10,57
14:28:08,Light Rain / Windy,10,10,57
14:30:09,Light Rain / Windy,10,10,57
14:32:09,Light Rain / Windy,10,10,57
14:34:08,Light Rain / Windy,10,10,57
14:36:08,Light Rain / Windy,10,10,57
14:38:09,Light Rain / Windy,10,10,57
14:40:09,Light Rain / Windy,10,10,57
14:42:08,Light Rain / Windy,10,10,46
14:44:09,Light Rain / Windy,10,10,46
14:46:09,Light Rain / Windy,10,10,46
14:48:09,Light Rain / Windy,10,10,46
14:50:08,Light Rain / Windy,10,10,46
14:52:09,Light Rain / Windy,10,10,46
14:54:09,Light Rain / Windy,10,10,46
14:56:09,Light Rain / Windy,10,10,46
14:58:09,Light Rain / Windy,10,10,46
15:00:09,Light Rain / Windy,10,10,46
15:02:09,Light Rain / Windy,10,10,46
15:04:09,Light Rain / Windy,10,10,46
15:06:09,Light Rain / Windy,10,10,46
15:08:08,Light Rain / Windy,10,10,46
15:10:09,Light Rain / Windy,10,10,46
15:12:08,Light Rain / Windy,10,10,56
15:14:09,Light Rain / Windy,10,10,56
15:16:09,Light Rain / Windy,10,10,56
15:18:08,Light Rain / Windy,10,10,56
15:20:09,Light Rain / Windy,10,10,56
15:22:09,Light Rain / Windy,10,10,56
15:24:08,Light Rain / Windy,10,10,56
15:26:09,Light Rain / Windy,10,10,56
15:28:08,Light Rain / Windy,10,10,56
15:30:09,Light Rain / Windy,10,10,56
15:32:09,Light Rain / Windy,10,10,56
15:34:08,Light Rain / Windy,10,10,56
15:36:09,Light Rain / Windy,10,10,56
15:38:09,Light Rain / Windy,10,10,56
15:40:09,Light Rain / Windy,10,10,56
15:42:09,Light Rain / Windy,10,10,56
15:44:09,Light Rain / Windy,10,10,56
15:46:09,Light Rain / Windy,10,10,56
15:48:08,Light Rain / Windy,10,10,53
15:50:09,Light Rain / Windy,10,10,53
15:52:09,Light Rain / Windy,10,10,53
15:54:08,Light Rain / Windy,10,10,53
15:56:09,Light Rain / Windy,10,10,53
15:58:08,Light Rain / Windy,10,10,53
16:00:09,Light Rain / Windy,10,10,53
16:02:08,Light Rain / Windy,10,10,53
16:04:09,Light Rain / Windy,10,10,53
16:06:09,Light Rain / Windy,10,10,53
16:08:08,Light Rain / Windy,10,10,53
16:10:09,Light Rain / Windy,10,10,53
16:12:08,Light Rain / Windy,10,10,51
16:14:09,Light Rain / Windy,10,10,51
16:16:09,Light Rain / Windy,10,10,51
16:18:09,Light Rain / Windy,10,10,51
16:20:09,Light Rain / Windy,10,10,51
16:22:09,Light Rain / Windy,10,10,51
16:24:08,Light Rain / Windy,10,10,51
16:26:09,Light Rain / Windy,10,10,51
16:28:08,Light Rain / Windy,10,10,51
16:30:09,Light Rain / Windy,10,10,51
16:32:09,Light Rain / Windy,10,10,51
16:34:09,Light Rain / Windy,10,10,51
16:36:09,Light Rain / Windy,10,10,51
16:38:08,Light Rain / Windy,10,10,51
16:40:09,Light Rain / Windy,10,10,51
16:42:08,Light Rain / Windy,10,10,51
16:44:09,Light Rain / Windy,10,10,51
16:46:09,Light Rain / Windy,10,10,51
16:48:09,Light Rain / Windy,10,10,46
16:50:09,Light Rain / Windy,10,10,46
16:52:08,Light Rain / Windy,10,10,46
16:54:09,Light Rain / Windy,10,10,46
16:56:08,Light Rain / Windy,10,10,46
16:58:08,Light Rain / Windy,10,10,46
17:00:09,Light Rain / Windy,10,10,46
17:02:09,Light Rain / Windy,10,10,46
17:04:09,Light Rain / Windy,10,10,46
17:06:09,Light Rain / Windy,10,10,46
17:08:08,Light Rain / Windy,10,10,46
17:10:08,Light Rain / Windy,10,10,46
17:12:09,Light Rain / Windy,10,10,46
17:14:09,Light Rain / Windy,10,10,46
17:16:09,Light Rain / Windy,10,10,46
17:18:09,Light Rain / Windy,10,10,46
17:20:09,Light Rain / Windy,10,10,46
17:22:08,Light Rain / Windy,10,10,46
17:24:09,Light Rain / Windy,10,10,46
17:26:08,Light Rain / Windy,10,10,46
17:28:08,Light Rain / Windy,10,10,46
17:30:09,Light Rain / Windy,10,10,46
17:32:08,Light Rain / Windy,10,10,46
17:34:09,Light Rain / Windy,10,10,46
17:36:09,Light Rain / Windy,10,10,46
17:38:09,Light Rain / Windy,10,10,46
17:40:09,Light Rain / Windy,10,10,46
17:42:09,Light Rain / Windy,10,10,46
17:44:08,Light Rain / Windy,10,10,46
17:46:09,Light Rain / Windy,10,10,46
17:48:09,Light Rain / Windy,10,10,46
17:50:09,Light Rain / Windy,10,10,46
17:52:09,Light Rain / Windy,10,10,46
17:54:09,Light Rain / Windy,10,10,46
17:56:08,Light Rain / Windy,10,10,46
17:58:09,Light Rain / Windy,10,10,46
18:00:09,Light Rain / Windy,10,10,46
18:02:08,Light Rain / Windy,10,10,46
18:04:09,Light Rain / Windy,10,10,46
18:06:09,Light Rain / Windy,10,10,46
18:08:09,Light Rain / Windy,10,10,46
18:10:09,Light Rain / Windy,10,10,46
18:12:08,Light Rain / Windy,10,10,46
18:14:09,Light Rain / Windy,10,10,46
18:16:09,Light Rain / Windy,10,10,46
18:18:09,Light Rain / Windy,10,10,48
18:20:09,Light Rain / Windy,10,10,48
18:22:08,Light Rain / Windy,10,10,48
18:24:09,Light Rain / Windy,10,10,48
18:26:08,Light Rain / Windy,10,10,48
18:28:08,Light Rain / Windy,10,10,48
18:30:09,Light Rain / Windy,10,10,48
18:32:08,Light Rain / Windy,10,10,48
18:34:09,Light Rain / Windy,10,10,48
18:36:09,Light Rain / Windy,10,10,48
18:38:08,Light Rain / Windy,10,10,48
18:40:08,Light Rain / Windy,10,10,48
18:42:09,Light Rain / Windy,10,10,48
18:44:08,Light Rain / Windy,10,10,48
18:46:09,Light Rain / Windy,10,10,48
18:48:09,Light Rain / Windy,10,10,48
18:50:08,Light Rain / Windy,10,10,48
18:52:09,Light Rain / Windy,10,10,48
18:54:09,Light Rain / Windy,10,10,48
18:56:08,Light Rain / Windy,10,10,48
18:58:09,Light Rain / Windy,10,10,48
19:00:09,Light Rain / Windy,10,10,48
19:02:09,Light Rain / Windy,10,10,48
19:04:09,Light Rain / Windy,10,10,48
19:06:08,Light Rain / Windy,10,10,48
19:08:09,Light Rain / Windy,10,10,48
19:10:08,Light Rain / Windy,10,10,48
19:12:08,Light Rain / Windy,10,10,37
19:14:09,Light Rain / Windy,10,10,37
19:16:08,Light Rain / Windy,10,10,37
19:18:09,Light Rain / Windy,10,10,37
19:20:08,Light Rain / Windy,10,10,37
19:22:09,Light Rain / Windy,10,10,37
19:24:08,Light Rain / Windy,10,10,37
19:26:09,Light Rain / Windy,10,10,37
19:28:09,Light Rain / Windy,10,10,37
19:30:09,Light Rain / Windy,10,10,37
19:32:09,Light Rain / Windy,10,10,37
19:34:08,Light Rain / Windy,10,10,37
19:36:09,Light Rain / Windy,10,10,37
19:38:08,Light Rain / Windy,10,10,37
19:40:08,Light Rain / Windy,10,10,37
19:42:09,Light Rain / Windy,10,10,37
19:44:09,Light Rain / Windy,10,10,37
19:46:08,Light Rain / Windy,10,10,37
19:48:08,Light Rain / Windy,10,10,37
19:50:09,Light Rain / Windy,10,10,37
19:52:09,Light Rain / Windy,10,10,37
19:54:08,Light Rain / Windy,10,10,37
19:56:09,Light Rain / Windy,10,10,37
19:58:09,Light Rain / Windy,10,10,37
20:00:08,Light Rain / Windy,10,10,37
20:02:09,Light Rain / Windy,10,10,37
20:04:08,Light Rain / Windy,10,10,37
20:06:09,Light Rain / Windy,10,10,37
20:08:09,Light Rain / Windy,10,10,37
20:10:09,Light Rain / Windy,10,10,37
20:12:09,Light Rain / Windy,10,10,37
20:14:09,Light Rain / Windy,10,10,37
20:16:09,Light Rain / Windy,10,10,37
20:18:08,Mostly Cloudy / Windy,10,10,33
20:20:09,Mostly Cloudy / Windy,10,10,33
20:22:08,Mostly Cloudy / Windy,10,10,33
20:24:09,Mostly Cloudy / Windy,10,10,33
20:26:08,Mostly Cloudy / Windy,10,10,33
20:28:09,Mostly Cloudy / Windy,10,10,33
20:30:09,Mostly Cloudy / Windy,10,10,33
20:32:08,Mostly Cloudy / Windy,10,10,33
20:34:09,Mostly Cloudy / Windy,10,10,33
20:36:09,Mostly Cloudy / Windy,10,10,33
20:38:09,Mostly Cloudy / Windy,10,10,33
20:40:08,Mostly Cloudy / Windy,10,10,33
20:42:09,Mostly Cloudy / Windy,10,10,33
20:44:08,Mostly Cloudy / Windy,10,10,33
20:46:08,Mostly Cloudy / Windy,10,10,33
20:48:08,Mostly Cloudy / Windy,10,10,33
20:50:09,Mostly Cloudy / Windy,10,10,33
20:52:09,Mostly Cloudy / Windy,10,10,33
20:54:08,Mostly Cloudy / Windy,10,10,33
20:56:09,Mostly Cloudy / Windy,10,10,33
20:58:09,Mostly Cloudy / Windy,10,10,33
21:00:09,Mostly Cloudy / Windy,10,10,33
21:02:08,Mostly Cloudy / Windy,10,10,33
21:04:09,Mostly Cloudy / Windy,10,10,33
21:06:09,Mostly Cloudy / Windy,10,10,33
21:08:08,Mostly Cloudy / Windy,10,10,33
21:10:08,Mostly Cloudy / Windy,10,10,33
21:12:09,Light Rain / Windy,10,10,35
21:14:08,Light Rain / Windy,10,10,35
21:16:08,Light Rain / Windy,10,10,35
21:18:09,Light Rain / Windy,10,10,35
21:20:09,Light Rain / Windy,10,10,35
21:22:09,Light Rain / Windy,10,10,35
21:24:08,Light Rain / Windy,10,10,35
21:26:09,Light Rain / Windy,10,10,35
21:28:08,Light Rain / Windy,10,10,35
21:30:09,Light Rain / Windy,10,10,35
21:32:09,Light Rain / Windy,10,10,35
21:34:08,Light Rain / Windy,10,10,35
21:36:09,Light Rain / Windy,10,10,35
21:38:09,Light Rain / Windy,10,10,35
21:40:08,Light Rain / Windy,10,10,35
21:42:09,Light Rain / Windy,10,10,35
21:44:08,Light Rain / Windy,10,10,35
21:46:09,Light Rain / Windy,10,10,35
21:48:09,Light Rain / Windy,10,10,35
21:50:08,Light Rain / Windy,10,10,35
21:52:09,Light Rain / Windy,10,10,35
21:54:09,Light Rain / Windy,10,10,35
21:56:08,Light Rain / Windy,10,10,35
21:58:09,Light Rain / Windy,10,10,35
22:00:08,Light Rain / Windy,10,10,35
22:02:09,Light Rain / Windy,10,10,35
22:04:08,Light Rain / Windy,10,10,35
22:06:09,Light Rain / Windy,10,10,35
22:08:09,Light Rain / Windy,10,10,35
22:10:08,Light Rain / Windy,10,10,35
22:12:09,Mostly Cloudy / Windy,10,10,38
22:14:09,Mostly Cloudy / Windy,10,10,38
22:16:08,Mostly Cloudy / Windy,10,10,38
22:18:09,Mostly Cloudy / Windy,10,10,38
22:20:09,Mostly Cloudy / Windy,10,10,38
22:22:08,Mostly Cloudy / Windy,10,10,38
22:24:08,Mostly Cloudy / Windy,10,10,38
22:26:09,Mostly Cloudy / Windy,10,10,38
22:28:09,Mostly Cloudy / Windy,10,10,38
22:30:09,Mostly Cloudy / Windy,10,10,38
22:32:08,Mostly Cloudy / Windy,10,10,38
22:34:09,Mostly Cloudy / Windy,10,10,38
22:36:08,Mostly Cloudy / Windy,10,10,38
22:38:08,Mostly Cloudy / Windy,10,10,38
22:40:09,Mostly Cloudy / Windy,10,10,38
22:42:08,Mostly Cloudy / Windy,10,10,38
22:44:09,Mostly Cloudy / Windy,10,10,38
22:46:09,Mostly Cloudy / Windy,10,10,38
22:48:08,Mostly Cloudy / Windy,10,10,38
22:50:09,Mostly Cloudy / Windy,10,10,38
22:52:09,Mostly Cloudy / Windy,10,10,38
22:54:08,Mostly Cloudy / Windy,10,10,38
22:56:09,Mostly Cloudy / Windy,10,10,38
22:58:08,Mostly Cloudy / Windy,10,10,38
23:00:09,Mostly Cloudy / Windy,10,10,38
23:02:09,Mostly Cloudy / Windy,10,10,38
23:04:09,Mostly Cloudy / Windy,10,10,38
23:06:08,Mostly Cloudy / Windy,10,10,38
23:08:09,Mostly Cloudy / Windy,10,10,38
23:10:09,Mostly Cloudy / Windy,10,10,38
23:12:08,Light Rain / Windy,8,5,35
23:14:09,Light Rain / Windy,8,5,35
23:16:09,Light Rain / Windy,8,5,35
23:18:08,Light Rain / Windy,8,5,35
23:20:09,Light Rain / Windy,8,5,35
23:22:09,Light Rain / Windy,8,5,35
23:24:09,Light Rain / Windy,8,5,35
23:26:09,Light Rain / Windy,8,5,35
23:28:08,Light Rain / Windy,8,5,35
23:30:09,Light Rain / Windy,8,5,35
23:32:09,Light Rain / Windy,8,5,35
23:34:08,Light Rain / Windy,8,5,35
23:36:09,Light Rain / Windy,8,5,35
23:38:09,Light Rain / Windy,8,5,35
23:40:08,Light Rain / Windy,8,5,35
23:42:09,Light Rain / Windy,8,5,35
23:44:08,Light Rain / Windy,8,5,35
23:46:09,Light Rain / Windy,8,5,35
23:48:08,Light Rain / Windy,8,5,35
23:50:09,Light Rain / Windy,8,5,35
23:52:09,Light Rain / Windy,8,5,35
23:54:09,Light Rain / Windy,8,5,35
23:56:09,Light Rain / Windy,8,5,35
23:58:09,Light Rain / Windy,8,5,35
