Time,Weather,Temperature,Feels_Like,Wind_Speed
00:00:09,Mostly Cloudy,12,12,8
00:02:08,Mostly Cloudy,12,12,8
00:04:09,Mostly Cloudy,12,12,8
00:06:09,Mostly Cloudy,12,12,8
00:08:09,Mostly Cloudy,12,12,8
00:10:08,Mostly Cloudy,12,12,8
00:12:09,Mostly Cloudy,12,12,8
00:14:09,Light Rain,12,12,11
00:16:08,Light Rain,12,12,11
00:18:09,Light Rain,12,12,11
00:20:09,Light Rain,12,12,11
00:22:08,Light Rain,12,12,11
00:24:09,Light Rain,12,12,11
00:26:09,Light Rain,12,12,11
00:28:08,Light Rain,12,12,11
00:30:08,Light Rain,12,12,11
00:32:09,Light Rain,12,12,11
00:34:09,Light Rain,12,12,11
00:36:08,Light Rain,12,12,11
00:38:09,Light Rain,12,12,11
00:40:08,Light Rain,12,12,11
00:42:09,Light Rain,12,12,11
00:44:09,Light Rain,12,12,11
00:46:09,Light Rain,12,12,11
00:48:08,Light Rain,12,12,11
00:50:08,Light Rain,12,12,11
00:52:09,Light Rain,12,12,11
00:54:08,Light Rain,12,12,11
00:56:09,Light Rain,12,12,11
00:58:08,Light Rain,12,12,11
01:00:16,Light Rain,12,12,11
01:02:09,Light Rain,12,12,11
01:04:09,Light Rain,12,12,11
01:06:08,Light Rain,12,12,11
01:08:09,Light Rain,12,12,11
01:10:09,Light Rain,12,12,11
01:12:09,Light Rain,12,12,11
01:14:08,Light Rain,12,12,12
01:16:09,Light Rain,12,12,12
01:18:08,Light Rain,12,12,12
01:20:08,Light Rain,12,12,12
01:22:09,Light Rain,12,12,12
01:24:09,Light Rain,12,12,12
01:26:09,Light Rain,12,12,12
01:28:09,Light Rain,12,12,12
01:30:09,Light Rain,12,12,12
01:32:09,Light Rain,12,12,12
01:34:09,Light Rain,12,12,12
01:36:08,Light Rain,12,12,12
01:38:08,Light Rain,12,12,12
01:40:09,Light Rain,12,12,12
01:42:09,Light Rain,12,12,12
01:44:08,Light Rain,12,12,12
01:46:08,Light Rain,12,12,12
01:48:09,Light Rain,12,12,12
01:50:09,Light Rain,12,12,12
01:52:08,Light Rain,12,12,12
01:54:09,Light Rain,12,12,12
01:56:09,Light Rain,12,12,12
01:58:08,Light Rain,12,12,12
02:00:09,Light Rain,12,12,12
02:02:09,Light Rain,12,12,12
02:04:09,Light Rain,12,12,12
02:06:08,Light Rain,12,12,12
02:08:08,Light Rain,12,12,12
02:10:09,Light Rain,12,12,12
02:12:09,Light Rain,12,12,12
02:14:08,Light Rain,11,11,16
02:16:09,Light Rain,11,11,16
02:18:09,Light Rain,11,11,16
02:20:08,Light Rain,11,11,16
02:22:09,Light Rain,11,11,16
02:24:09,Light Rain,11,11,16
02:26:09,Light Rain,11,11,16
02:28:08,Light Rain,11,11,16
02:30:09,Light Rain,11,11,16
02:32:09,Light Rain,11,11,16
02:34:09,Light Rain,11,11,16
02:36:08,Light Rain,11,11,16
02:38:09,Light Rain,11,11,16
02:40:08,Light Rain,11,11,16
02:42:09,Light Rain,11,11,16
02:44:09,Light Rain,11,11,16
02:46:08,Light Rain,11,11,16
02:48:09,Light Rain,11,11,16
02:50:09,Light Rain,11,11,16
02:52:09,Light Rain,11,11,16
02:54:08,Light Rain,11,11,16
02:56:09,Light Rain,11,11,16
02:58:09,Light Rain,11,11,16
03:00:08,Light Rain,11,11,16
03:02:09,Light Rain,11,11,16
03:04:09,Light Rain,11,11,16
03:06:09,Light Rain,11,11,16
03:08:08,Light Rain,11,11,16
03:10:09,Light Rain,11,11,16
03:12:09,Light Rain,11,11,16
03:14:09,Light Rain,12,12,27
03:16:09,Light Rain,12,12,27
03:18:09,Light Rain,12,12,27
03:20:09,Light Rain,12,12,27
03:22:08,Light Rain,12,12,27
03:24:09,Light Rain,12,12,27
03:26:09,Light Rain,12,12,27
03:28:08,Light Rain,12,12,27
03:30:09,Light Rain,12,12,27
03:32:09,Light Rain,12,12,27
03:34:08,Light Rain,12,12,27
03:36:09,Light Rain,12,12,27
03:38:09,Light Rain,12,12,27
03:40:08,Light Rain,12,12,27
03:42:08,Light Rain,12,12,27
03:44:09,Light Rain,12,12,27
03:46:09,Light Rain,12,12,27
03:48:09,Light Rain,12,12,27
03:50:08,Light Rain,12,12,27
03:52:09,Light Rain,12,12,27
03:54:09,Light Rain,12,12,27
03:56:08,Light Rain,12,12,27
03:58:09,Light Rain,12,12,27
04:00:09,Light Rain,12,12,27
04:02:09,Light Rain,12,12,27
04:04:09,Light Rain,12,12,27
04:06:09,Light Rain,12,12,27
04:08:09,Light Rain,12,12,27
04:10:08,Light Rain,12,12,27
04:12:09,Light Rain,12,12,27
04:14:09,Light Rain,12,12,27
04:16:08,Light Rain,12,12,27
04:18:09,Light Rain,12,12,27
04:20:08,Rain,11,11,22
04:22:09,Rain,11,11,22
04:24:09,Rain,11,11,22
04:26:09,Rain,11,11,22
04:28:09,Rain,11,11,22
04:30:09,Rain,11,11,22
04:32:09,Rain,11,11,22
04:34:08,Rain,11,11,22
04:36:09,Rain,11,11,22
04:38:09,Rain,11,11,22
04:40:08,Rain,11,11,22
04:42:09,Rain,11,11,22
04:44:09,Rain,11,11,22
04:46:08,Rain,11,11,22
04:48:09,Rain,11,11,22
04:50:09,Rain,11,11,22
04:52:09,Rain,11,11,22
04:54:08,Rain,11,11,22
04:56:08,Rain,11,11,22
04:58:09,Rain,11,11,22
05:00:09,Rain,11,11,22
05:02:08,Rain,11,11,22
05:04:09,Rain,11,11,22
05:06:08,Rain,11,11,22
05:08:08,Rain,11,11,22
05:10:09,Rain,11,11,22
05:12:09,Rain,11,11,22
05:14:08,Mostly Cloudy,12,12,4
05:16:09,Mostly Cloudy,12,12,4
05:18:08,Mostly Cloudy,12,12,4
05:20:08,Mostly Cloudy,12,12,4
05:22:09,Mostly Cloudy,12,12,4
05:24:09,Mostly Cloudy,12,12,4
05:26:08,Mostly Cloudy,12,12,4
05:28:09,Mostly Cloudy,12,12,4
05:30:09,Mostly Cloudy,12,12,4
05:32:09,Mostly Cloudy,12,12,4
05:34:09,Mostly Cloudy,12,12,4
05:36:09,Mostly Cloudy,12,12,4
05:38:09,Mostly Cloudy,12,12,4
05:40:08,Mostly Cloudy,12,12,4
05:42:09,Mostly Cloudy,12,12,4
05:44:09,Mostly Cloudy,12,12,4
05:46:08,Mostly Cloudy,12,12,4
05:48:09,Mostly Cloudy,12,12,4
05:50:09,Mostly Cloudy,12,12,4
05:52:08,Mostly Cloudy,12,12,4
05:54:09,Mostly Cloudy,12,12,4
05:56:09,Mostly Cloudy,12,12,4
05:58:08,Mostly Cloudy,12,12,4
06:00:09,Mostly Cloudy,12,12,4
06:02:09,Mostly Cloudy,12,12,4
06:04:09,Mostly Cloudy,12,12,4
06:06:09,Mostly Cloudy,12,12,4
06:08:09,Mostly Cloudy,12,12,4
06:10:09,Mostly Cloudy,12,12,4
06:12:09,Mostly Cloudy,12,12,4
06:14:09,Mostly Cloudy,12,12,4
06:16:08,Mostly Cloudy,12,12,4
06:18:09,Mostly Cloudy,12,12,4
06:20:09,Mostly Cloudy,13,13,14
06:22:09,Mostly Cloudy,13,13,14
06:24:09,Mostly Cloudy,13,13,14
06:26:09,Mostly Cloudy,13,13,14
06:28:09,Mostly Cloudy,13,13,14
06:30:09,Mostly Cloudy,13,13,14
06:32:09,Mostly Cloudy,13,13,14
06:34:09,Mostly Cloudy,13,13,14
06:36:09,Mostly Cloudy,13,13,14
06:38:08,Mostly Cloudy,13,13,14
06:40:09,Mostly Cloudy,13,13,14
06:42:09,Mostly Cloudy,13,13,14
06:44:09,Mostly Cloudy,13,13,14
06:46:08,Mostly Cloudy,13,13,14
06:48:09,Mostly Cloudy,13,13,14
06:50:09,Mostly Cloudy,13,13,14
06:52:08,Mostly Cloudy,13,13,14
06:54:09,Mostly Cloudy,13,13,14
06:56:09,Mostly Cloudy,13,13,14
06:58:09,Mostly Cloudy,13,13,14
07:00:08,Mostly Cloudy,13,13,14
07:02:09,Mostly Cloudy,13,13,14
07:04:08,Mostly Cloudy,13,13,14
07:06:09,Mostly Cloudy,13,13,14
07:08:09,Mostly Cloudy,13,13,14
07:10:08,Mostly Cloudy,13,13,14
07:12:09,Mostly Cloudy,13,13,14
07:14:09,Mostly Cloudy,13,13,14
07:16:08,Mostly Cloudy,13,13,14
07:18:09,Mostly Cloudy,13,13,14
07:20:09,Light Rain,13,13,24
07:22:08,Light Rain,13,13,24
07:24:09,Light Rain,13,13,24
07:26:09,Light Rain,13,13,24
07:28:08,Light Rain,13,13,24
07:30:09,Light Rain,13,13,24
07:32:09,Light Rain,13,13,24
07:34:09,Light Rain,13,13,24
07:36:08,Light Rain,13,13,24
07:38:09,Light Rain,13,13,24
07:40:09,Light Rain,13,13,24
07:42:08,Light Rain,13,13,24
07:44:09,Mostly Cloudy,12,12,24
07:46:09,Mostly Cloudy,12,12,24
07:48:09,Mostly Cloudy,12,12,24
07:50:08,Mostly Cloudy,12,12,24
07:52:09,Mostly Cloudy,12,12,24
07:54:09,Mostly Cloudy,12,12,24
07:56:09,Mostly Cloudy,12,12,24
07:58:08,Mostly Cloudy,12,12,24
08:00:09,Mostly Cloudy,12,12,24
08:02:09,Mostly Cloudy,12,12,24
08:04:09,Mostly Cloudy,12,12,24
08:06:08,Mostly Cloudy,12,12,24
08:08:09,Mostly Cloudy,12,12,24
08:10:09,Mostly Cloudy,12,12,24
08:12:08,Mostly Cloudy,12,12,24
08:14:08,Mostly Cloudy,12,12,25
08:16:09,Mostly Cloudy,12,12,25
08:18:08,Mostly Cloudy,12,12,25
08:20:08,Mostly Cloudy,12,12,25
08:22:09,Mostly Cloudy,12,12,25
08:24:09,Mostly Cloudy,12,12,25
08:26:08,Mostly Cloudy,12,12,25
08:28:09,Mostly Cloudy,12,12,25
08:30:09,Mostly Cloudy,12,12,25
08:32:08,Mostly Cloudy,12,12,25
08:34:09,Mostly Cloudy,12,12,25
08:36:09,Mostly Cloudy,12,12,25
08:38:09,Mostly Cloudy,12,12,25
08:40:08,Mostly Cloudy,12,12,25
08:42:09,Mostly Cloudy,12,12,25
08:44:09,Mostly Cloudy,12,12,20
08:46:08,Mostly Cloudy,12,12,20
08:48:09,Mostly Cloudy,12,12,20
08:50:09,Mostly Cloudy,12,12,20
08:52:09,Mostly Cloudy,12,12,20
08:54:09,Mostly Cloudy,12,12,20
08:56:09,Mostly Cloudy,12,12,20
08:58:09,Mostly Cloudy,12,12,20
09:00:09,Mostly Cloudy,12,12,20
09:02:09,Mostly Cloudy,12,12,20
09:04:09,Mostly Cloudy,12,12,20
09:06:09,Mostly Cloudy,12,12,20
09:08:09,Mostly Cloudy,12,12,20
09:10:09,Mostly Cloudy,12,12,20
09:12:09,Mostly Cloudy,12,12,20
09:14:09,Mostly Cloudy,12,12,16
09:16:08,Mostly Cloudy,12,12,16
09:18:09,Mostly Cloudy,12,12,16
09:20:08,Mostly Cloudy,12,12,16
09:22:09,Mostly Cloudy,12,12,16
09:24:09,Mostly Cloudy,12,12,16
09:26:08,Mostly Cloudy,12,12,16
09:28:09,Mostly Cloudy,12,12,16
09:30:09,Mostly Cloudy,12,12,16
09:32:08,Mostly Cloudy,12,12,16
09:34:09,Mostly Cloudy,12,12,16
09:36:08,Mostly Cloudy,12,12,16
09:38:09,Mostly Cloudy,12,12,16
09:40:09,Mostly Cloudy,12,12,16
09:42:09,Mostly Cloudy,12,12,16
09:44:08,Mostly Cloudy,12,12,16
09:46:09,Mostly Cloudy,12,12,16
09:48:09,Mostly Cloudy,12,12,16
09:50:08,Mostly Cloudy,12,12,16
09:52:09,Mostly Cloudy,12,12,16
09:54:09,Mostly Cloudy,12,12,16
09:56:09,Mostly Cloudy,12,12,16
09:58:09,Mostly Cloudy,12,12,16
10:00:09,Mostly Cloudy,12,12,16
10:02:09,Mostly Cloudy,12,12,16
10:04:09,Mostly Cloudy,12,12,16
10:06:09,Mostly Cloudy,12,12,16
10:08:09,Mostly Cloudy,12,12,16
10:10:08,Mostly Cloudy,12,12,16
10:12:09,Mostly Cloudy,12,12,16
10:14:09,Mostly Cloudy,12,12,22
10:16:08,Mostly Cloudy,12,12,22
10:18:09,Mostly Cloudy,12,12,22
10:20:09,Mostly Cloudy,12,12,22
10:22:09,Mostly Cloudy,12,12,22
10:24:09,Mostly Cloudy,12,12,22
10:26:09,Mostly Cloudy,12,12,22
10:28:09,Mostly Cloudy,12,12,22
10:30:09,Mostly Cloudy,12,12,22
10:32:09,Mostly Cloudy,12,12,22
10:34:09,Mostly Cloudy,12,12,22
10:36:09,Mostly Cloudy,12,12,22
10:38:08,Mostly Cloudy,12,12,22
10:40:09,Mostly Cloudy,12,12,22
10:42:09,Mostly Cloudy,12,12,22
10:44:08,Mostly Cloudy,12,12,19
10:46:09,Mostly Cloudy,12,12,19
10:48:08,Mostly Cloudy,12,12,19
10:50:08,Mostly Cloudy,12,12,19
10:52:09,Mostly Cloudy,12,12,19
10:54:09,Mostly Cloudy,12,12,19
10:56:09,Mostly Cloudy,12,12,19
10:58:09,Mostly Cloudy,12,12,19
11:00:09,Mostly Cloudy,12,12,19
11:02:08,Mostly Cloudy,12,12,19
11:04:09,Mostly Cloudy,12,12,19
11:06:09,Mostly Cloudy,12,12,19
11:08:09,Mostly Cloudy,12,12,19
11:10:09,Mostly Cloudy,12,12,19
11:12:08,Mostly Cloudy,12,12,19
11:14:08,Mostly Cloudy,13,13,20
11:16:09,Mostly Cloudy,13,13,20
11:18:09,Mostly Cloudy,13,13,20
11:20:08,Mostly Cloudy,13,13,20
11:22:09,Mostly Cloudy,13,13,20
11:24:09,Mostly Cloudy,13,13,20
11:26:09,Mostly Cloudy,13,13,20
11:28:09,Mostly Cloudy,13,13,20
11:30:09,Mostly Cloudy,13,13,20
11:32:09,Mostly Cloudy,13,13,20
11:34:09,Mostly Cloudy,13,13,20
11:36:09,Mostly Cloudy,13,13,20
11:38:09,Mostly Cloudy,15,15,22
11:40:08,Mostly Cloudy,15,15,22
11:42:08,Mostly Cloudy,15,15,22
11:44:09,Mostly Cloudy,15,15,22
11:46:09,Mostly Cloudy,15,15,22
11:48:08,Mostly Cloudy,15,15,22
11:50:09,Mostly Cloudy,15,15,22
11:52:09,Mostly Cloudy,15,15,22
11:54:09,Mostly Cloudy,15,15,22
11:56:09,Mostly Cloudy,15,15,22
11:58:09,Mostly Cloudy,15,15,22
12:00:09,Mostly Cloudy,15,15,22
12:02:09,Mostly Cloudy,15,15,22
12:04:09,Mostly Cloudy,15,15,22
12:06:08,Mostly Cloudy,15,15,22
12:08:09,Mostly Cloudy,15,15,22
12:10:09,Mostly Cloudy,15,15,22
12:12:09,Mostly Cloudy,15,15,22
12:14:09,Mostly Cloudy,15,15,27
12:16:08,Mostly Cloudy,15,15,27
12:18:09,Mostly Cloudy,15,15,27
12:20:09,Mostly Cloudy,15,15,27
12:22:08,Mostly Cloudy,15,15,27
12:24:09,Mostly Cloudy,15,15,27
12:26:09,Mostly Cloudy,15,15,27
12:28:08,Mostly Cloudy,15,15,27
12:30:09,Mostly Cloudy,15,15,27
12:32:09,Mostly Cloudy,15,15,27
12:34:09,Mostly Cloudy,15,15,27
12:36:09,Mostly Cloudy,15,15,27
12:38:09,Mostly Cloudy,15,15,27
12:40:09,Mostly Cloudy,15,15,27
12:42:09,Mostly Cloudy,15,15,27
12:44:09,Mostly Cloudy,15,15,27
12:46:08,Mostly Cloudy,15,15,27
12:48:09,Mostly Cloudy,15,15,27
12:50:09,Mostly Cloudy,15,15,20
12:52:08,Mostly Cloudy,15,15,20
12:54:09,Mostly Cloudy,15,15,20
12:56:09,Mostly Cloudy,15,15,20
12:58:09,Mostly Cloudy,15,15,20
13:00:09,Mostly Cloudy,15,15,20
13:02:09,Mostly Cloudy,15,15,20
13:04:08,Mostly Cloudy,15,15,20
13:06:09,Mostly Cloudy,15,15,20
13:08:09,Mostly Cloudy,16,16,19
13:10:08,Mostly Cloudy,16,16,19
13:12:09,Mostly Cloudy,16,16,19
13:14:09,Mostly Cloudy,16,16,19
13:16:08,Mostly Cloudy,16,16,19
13:18:09,Mostly Cloudy,16,16,19
13:20:08,Mostly Cloudy,16,16,19
13:22:09,Mostly Cloudy,16,16,19
13:24:09,Mostly Cloudy,16,16,19
13:26:09,Mostly Cloudy,16,16,19
13:28:09,Mostly Cloudy,16,16,19
13:30:09,Mostly Cloudy,16,16,19
13:32:09,Mostly Cloudy,16,16,19
13:34:09,Mostly Cloudy,16,16,19
13:36:08,Mostly Cloudy,16,16,19
13:38:09,Mostly Cloudy,17,17,22
13:40:09,Mostly Cloudy,17,17,22
13:42:09,Mostly Cloudy,17,17,22
13:44:09,Mostly Cloudy,17,17,22
13:46:09,Mostly Cloudy,17,17,22
13:48:09,Mostly Cloudy,17,17,22
13:50:09,Mostly Cloudy,17,17,22
13:52:09,Mostly Cloudy,17,17,22
13:54:09,Mostly Cloudy,17,17,22
13:56:08,Mostly Cloudy,17,17,22
13:58:09,Mostly Cloudy,17,17,22
14:00:09,Mostly Cloudy,17,17,22
14:02:08,Mostly Cloudy,17,17,22
14:04:09,Mostly Cloudy,17,17,22
14:06:09,Mostly Cloudy,17,17,22
14:08:08,Mostly Cloudy,17,17,22
14:10:09,Mostly Cloudy,17,17,22
14:12:09,Mostly Cloudy,17,17,22
14:14:09,Mostly Cloudy,17,17,24
14:16:09,Mostly Cloudy,17,17,24
14:18:09,Mostly Cloudy,17,17,24
14:20:08,Mostly Cloudy,17,17,24
14:22:09,Mostly Cloudy,17,17,24
14:24:09,Mostly Cloudy,17,17,24
14:26:09,Mostly Cloudy,17,17,24
14:28:09,Mostly Cloudy,17,17,24
14:30:09,Mostly Cloudy,17,17,24
14:32:09,Mostly Cloudy,17,17,24
14:34:09,Mostly Cloudy,17,17,24
14:36:09,Mostly Cloudy,17,17,24
14:38:09,Mostly Cloudy,17,17,24
14:40:08,Mostly Cloudy,17,17,24
14:42:08,Mostly Cloudy,17,17,24
14:44:09,Mostly Cloudy,17,17,24
14:46:09,Mostly Cloudy,17,17,24
14:48:08,Mostly Cloudy,17,17,24
14:50:09,Partly Cloudy,17,17,25
14:52:09,Partly Cloudy,17,17,25
14:54:08,Partly Cloudy,17,17,25
14:56:08,Partly Cloudy,17,17,25
14:58:09,Partly Cloudy,17,17,25
15:00:09,Partly Cloudy,17,17,25
15:02:08,Partly Cloudy,17,17,25
15:04:09,Partly Cloudy,17,17,25
15:06:09,Partly Cloudy,17,17,25
15:08:08,Partly Cloudy,17,17,25
15:10:09,Partly Cloudy,17,17,25
15:12:08,Partly Cloudy,17,17,25
15:14:09,Mostly Cloudy,17,17,25
15:16:09,Mostly Cloudy,17,17,25
15:18:08,Mostly Cloudy,17,17,25
15:20:09,Mostly Cloudy,17,17,25
15:22:09,Mostly Cloudy,17,17,25
15:24:08,Mostly Cloudy,17,17,25
15:26:09,Mostly Cloudy,17,17,25
15:28:09,Mostly Cloudy,17,17,25
15:30:09,Mostly Cloudy,17,17,25
15:32:08,Mostly Cloudy,17,17,25
15:34:09,Mostly Cloudy,17,17,25
15:36:09,Mostly Cloudy,17,17,25
15:38:08,Mostly Cloudy,17,17,25
15:40:09,Mostly Cloudy,17,17,25
15:42:09,Mostly Cloudy,17,17,25
15:44:08,Mostly Cloudy,16,16,27
15:46:09,Mostly Cloudy,16,16,27
15:48:09,Mostly Cloudy,16,16,27
15:50:09,Mostly Cloudy,16,16,27
15:52:08,Mostly Cloudy,16,16,27
15:54:09,Mostly Cloudy,16,16,27
15:56:09,Mostly Cloudy,16,16,27
15:58:08,Mostly Cloudy,16,16,27
16:00:09,Mostly Cloudy,16,16,27
16:02:09,Mostly Cloudy,16,16,27
16:04:09,Mostly Cloudy,16,16,27
16:06:09,Mostly Cloudy,16,16,27
16:08:09,Mostly Cloudy,16,16,27
16:10:09,Mostly Cloudy,16,16,27
16:12:09,Mostly Cloudy,16,16,27
16:14:09,Mostly Cloudy,16,16,24
16:16:08,Mostly Cloudy,16,16,24
16:18:09,Mostly Cloudy,16,16,24
16:20:09,Mostly Cloudy,16,16,24
16:22:08,Mostly Cloudy,16,16,24
16:24:09,Mostly Cloudy,16,16,24
16:26:09,Mostly Cloudy,16,16,24
16:28:08,Mostly Cloudy,16,16,24
16:30:09,Mostly Cloudy,16,16,24
16:32:09,Mostly Cloudy,16,16,24
16:34:08,Mostly Cloudy,16,16,24
16:36:09,Mostly Cloudy,16,16,24
16:38:08,Mostly Cloudy,16,16,24
16:40:09,Mostly Cloudy,16,16,24
16:42:09,Mostly Cloudy,16,16,24
16:44:08,Mostly Cloudy,16,16,24
16:46:09,Mostly Cloudy,16,16,24
16:48:09,Mostly Cloudy,16,16,24
16:50:09,Mostly Cloudy,16,16,24
16:52:09,Mostly Cloudy,16,16,24
16:54:09,Mostly Cloudy,16,16,24
16:56:09,Mostly Cloudy,16,16,24
16:58:09,Mostly Cloudy,16,16,24
17:00:09,Mostly Cloudy,16,16,24
17:02:09,Mostly Cloudy,16,16,24
17:04:09,Mostly Cloudy,16,16,24
17:06:09,Mostly Cloudy,16,16,24
17:08:09,Mostly Cloudy,15,15,27
17:10:09,Mostly Cloudy,15,15,27
17:12:09,Mostly Cloudy,15,15,27
17:14:09,Mostly Cloudy,15,15,27
17:16:08,Mostly Cloudy,15,15,27
17:18:09,Mostly Cloudy,15,15,27
17:20:09,Mostly Cloudy,15,15,27
17:22:08,Mostly Cloudy,15,15,27
17:24:09,Mostly Cloudy,15,15,27
17:26:09,Mostly Cloudy,15,15,27
17:28:08,Mostly Cloudy,15,15,27
17:30:09,Mostly Cloudy,15,15,27
17:32:09,Mostly Cloudy,15,15,27
17:34:09,Mostly Cloudy,15,15,27
17:36:09,Mostly Cloudy,15,15,27
17:38:08,Mostly Cloudy,15,15,27
17:40:09,Mostly Cloudy,15,15,27
17:42:09,Mostly Cloudy,15,15,27
17:44:09,Mostly Cloudy,15,15,27
17:46:08,Mostly Cloudy,15,15,27
17:48:08,Mostly Cloudy,15,15,27
17:50:09,Mostly Cloudy,15,15,27
17:52:09,Mostly Cloudy,15,15,27
17:54:09,Mostly Cloudy,15,15,27
17:56:09,Mostly Cloudy,15,15,27
17:58:09,Mostly Cloudy,15,15,27
18:00:09,Mostly Cloudy,15,15,27
18:02:08,Mostly Cloudy,15,15,27
18:04:09,Mostly Cloudy,15,15,27
18:06:09,Mostly Cloudy,15,15,27
18:08:09,Mostly Cloudy,15,15,27
18:10:09,Mostly Cloudy,15,15,27
18:12:09,Mostly Cloudy,15,15,27
18:14:09,Mostly Cloudy,15,15,25
18:16:09,Mostly Cloudy,15,15,25
18:18:09,Mostly Cloudy,15,15,25
18:20:09,Mostly Cloudy,15,15,25
18:22:08,Mostly Cloudy,15,15,25
18:24:09,Mostly Cloudy,15,15,25
18:26:09,Mostly Cloudy,15,15,25
18:28:09,Mostly Cloudy,15,15,25
18:30:08,Mostly Cloudy,15,15,25
18:32:08,Mostly Cloudy,15,15,25
18:34:09,Mostly Cloudy,15,15,25
18:36:09,Mostly Cloudy,15,15,25
18:38:09,Mostly Cloudy,15,15,25
18:40:09,Mostly Cloudy,15,15,25
18:42:08,Mostly Cloudy,15,15,25
18:44:09,Mostly Cloudy,15,15,25
18:46:09,Mostly Cloudy,15,15,25
18:48:09,Mostly Cloudy,15,15,25
18:50:09,Mostly Cloudy,15,15,25
18:52:09,Mostly Cloudy,15,15,25
18:54:09,Mostly Cloudy,15,15,25
18:56:09,Mostly Cloudy,15,15,25
18:58:09,Mostly Cloudy,15,15,25
19:00:09,Mostly Cloudy,15,15,25
19:02:08,Mostly Cloudy,15,15,25
19:04:09,Mostly Cloudy,15,15,25
19:06:09,Mostly Cloudy,15,15,25
19:08:09,Mostly Cloudy,15,15,25
19:10:09,Mostly Cloudy,15,15,25
19:12:09,Mostly Cloudy,15,15,25
19:14:09,Fair,15,15,20
19:16:08,Fair,15,15,20
19:18:09,Fair,15,15,20
19:20:08,Fair,15,15,20
19:22:09,Fair,15,15,20
19:24:09,Fair,15,15,20
19:26:08,Fair,15,15,20
19:28:09,Fair,15,15,20
19:30:09,Fair,15,15,20
19:32:08,Fair,15,15,20
19:34:09,Fair,15,15,20
19:36:09,Fair,15,15,20
19:38:08,Fair,15,15,20
19:40:09,Fair,15,15,20
19:42:09,Fair,15,15,20
19:44:09,Fair,15,15,20
19:46:09,Fair,15,15,20
19:48:09,Fair,15,15,20
19:50:08,Fair,15,15,20
19:52:09,Fair,15,15,20
19:54:09,Fair,15,15,20
19:56:09,Fair,15,15,20
19:58:09,Fair,15,15,20
20:00:09,Fair,15,15,20
20:02:08,Fair,15,15,20
20:04:09,Fair,15,15,20
20:06:09,Fair,15,15,20
20:08:08,Fair,15,15,20
20:10:08,Fair,15,15,20
20:12:09,Fair,15,15,20
20:14:09,Fair,12,12,22
20:16:08,Fair,12,12,22
20:18:09,Fair,12,12,22
20:20:09,Fair,12,12,22
20:22:08,Fair,12,12,22
20:24:08,Fair,12,12,22
20:26:09,Fair,12,12,22
20:28:09,Fair,12,12,22
20:30:09,Fair,12,12,22
20:32:09,Fair,12,12,22
20:34:09,Fair,12,12,22
20:36:09,Fair,12,12,22
20:38:09,Fair,12,12,22
20:40:08,Fair,12,12,22
20:42:09,Fair,12,12,22
20:44:09,Fair,12,12,22
20:46:09,Fair,12,12,22
20:48:08,Fair,12,12,22
20:50:09,Fair,12,12,22
20:52:09,Fair,12,12,22
20:54:09,Fair,12,12,22
20:56:08,Fair,12,12,22
20:58:09,Fair,12,12,22
21:00:08,Fair,12,12,22
21:02:09,Fair,12,12,22
21:04:09,Fair,12,12,22
21:06:08,Fair,12,12,22
21:08:08,Fair,12,12,22
21:10:08,Fair,12,12,22
21:12:09,Fair,12,12,22
21:14:09,Fair,12,12,16
21:16:09,Fair,12,12,16
21:18:08,Fair,12,12,16
21:20:09,Fair,12,12,16
21:22:09,Fair,12,12,16
21:24:08,Fair,12,12,16
21:26:09,Fair,12,12,16
21:28:09,Fair,12,12,16
21:30:08,Fair,12,12,16
21:32:09,Fair,12,12,16
21:34:09,Fair,12,12,16
21:36:09,Fair,12,12,16
21:38:08,Fair,12,12,16
21:40:09,Fair,12,12,16
21:42:09,Fair,12,12,16
21:44:08,Fair,12,12,16
21:46:09,Fair,12,12,16
21:48:08,Fair,12,12,16
21:50:09,Fair,12,12,16
21:52:09,Fair,12,12,16
21:54:08,Fair,12,12,16
21:56:09,Fair,12,12,16
21:58:09,Fair,12,12,16
22:00:08,Fair,12,12,16
22:02:09,Fair,12,12,16
22:04:09,Fair,12,12,16
22:06:08,Fair,12,12,16
22:08:09,Fair,12,12,16
22:10:09,Fair,12,12,16
22:12:09,Fair,12,12,16
22:14:08,Fair,12,12,14
22:16:09,Fair,12,12,14
22:18:09,Fair,12,12,14
22:20:08,Fair,12,12,14
22:22:09,Fair,12,12,14
22:24:09,Fair,12,12,14
22:26:09,Fair,12,12,14
22:28:08,Fair,12,12,14
22:30:08,Fair,12,12,14
22:32:09,Fair,12,12,14
22:34:08,Fair,12,12,14
22:36:09,Fair,12,12,14
22:38:09,Fair,12,12,14
22:40:09,Fair,12,12,14
22:42:09,Fair,12,12,14
22:44:09,Fair,12,12,14
22:46:09,Fair,12,12,14
22:48:09,Fair,12,12,14
22:50:08,Fair,12,12,14
22:52:09,Fair,12,12,14
22:54:09,Fair,12,12,14
22:56:08,Fair,12,12,14
22:58:08,Fair,12,12,14
23:00:09,Fair,12,12,14
23:02:09,Fair,12,12,14
23:04:08,Fair,12,12,14
23:06:09,Fair,12,12,14
23:08:09,Fair,12,12,14
23:10:08,Fair,12,12,14
23:12:09,Fair,12,12,14
23:14:09,Fair,12,12,11
23:16:08,Fair,12,12,11
23:18:09,Fair,12,12,11
23:20:09,Fair,12,12,11
23:22:08,Fair,12,12,11
23:24:09,Fair,12,12,11
23:26:09,Fair,12,12,11
23:28:08,Fair,12,12,11
23:30:09,Fair,12,12,11
23:32:09,Fair,12,12,11
23:34:08,Fair,12,12,11
23:36:09,Fair,12,12,11
23:38:09,Fair,12,12,11
23:40:08,Fair,12,12,11
23:42:09,Fair,12,12,11
23:44:09,Fair,12,12,11
23:46:09,Fair,12,12,11
23:48:08,Fair,12,12,11
23:50:09,Fair,12,12,11
23:52:09,Fair,12,12,11
23:54:08,Fair,12,12,11
23:56:09,Fair,12,12,11
23:58:09,Fair,12,12,11
