Time,Weather,Temperature,Feels_Like,Wind_Speed
00:00:09,Mostly Cloudy,11,11,8
00:02:08,Mostly Cloudy,11,11,8
00:04:09,Mostly Cloudy,11,11,8
00:06:09,Mostly Cloudy,11,11,8
00:08:09,Mostly Cloudy,11,11,8
00:10:08,Mostly Cloudy,11,11,8
00:12:09,Mostly Cloudy,11,11,8
00:14:09,Mostly Cloudy,11,11,8
00:16:09,Mostly Cloudy,11,11,8
00:18:09,Mostly Cloudy,11,11,8
00:20:09,Mostly Cloudy,11,11,8
00:22:09,Mostly Cloudy,11,11,8
00:24:08,Mostly Cloudy,11,11,8
00:26:08,Mostly Cloudy,11,11,8
00:28:09,Mostly Cloudy,11,11,8
00:30:09,Mostly Cloudy,11,11,8
00:32:09,Mostly Cloudy,11,11,8
00:34:09,Mostly Cloudy,11,11,8
00:36:08,Mostly Cloudy,11,11,8
00:38:09,Mostly Cloudy,11,11,8
00:40:09,Mostly Cloudy,11,11,8
00:42:08,Mostly Cloudy,11,11,8
00:44:09,Mostly Cloudy,11,11,8
00:46:09,Mostly Cloudy,11,11,8
00:48:08,Mostly Cloudy,11,11,8
00:50:08,Mostly Cloudy,11,11,8
00:52:09,Mostly Cloudy,11,11,8
00:54:09,Mostly Cloudy,11,11,8
00:56:08,Mostly Cloudy,11,11,8
00:58:09,Mostly Cloudy,11,11,8
01:00:17,Mostly Cloudy,11,11,8
01:02:08,Mostly Cloudy,11,11,8
01:04:09,Mostly Cloudy,11,11,8
01:06:09,Mostly Cloudy,11,11,8
01:08:08,Mostly Cloudy,11,11,8
01:10:09,Mostly Cloudy,11,11,8
01:12:09,Mostly Cloudy,11,11,8
01:14:08,Mostly Cloudy,10,10,8
01:16:09,Mostly Cloudy,10,10,8
01:18:08,Mostly Cloudy,10,10,8
01:20:08,Mostly Cloudy,10,10,8
01:22:09,Mostly Cloudy,10,10,8
01:24:09,Mostly Cloudy,10,10,8
01:26:09,Mostly Cloudy,10,10,8
01:28:08,Mostly Cloudy,10,10,8
01:30:09,Mostly Cloudy,10,10,8
01:32:08,Mostly Cloudy,10,10,8
01:34:09,Mostly Cloudy,10,10,8
01:36:09,Mostly Cloudy,10,10,8
01:38:09,Mostly Cloudy,10,10,8
01:40:09,Mostly Cloudy,10,10,8
01:42:09,Mostly Cloudy,10,10,8
01:44:09,Mostly Cloudy,10,10,8
01:46:09,Mostly Cloudy,10,10,8
01:48:09,Mostly Cloudy,10,10,8
01:50:09,Mostly Cloudy,10,10,8
01:52:09,Mostly Cloudy,10,10,8
01:54:09,Mostly Cloudy,10,10,8
01:56:09,Mostly Cloudy,10,10,8
01:58:08,Mostly Cloudy,10,10,8
02:00:09,Mostly Cloudy,10,10,8
02:02:09,Mostly Cloudy,10,10,8
02:04:08,Mostly Cloudy,10,10,8
02:06:09,Mostly Cloudy,10,10,8
02:08:09,Mostly Cloudy,10,10,8
02:10:08,Mostly Cloudy,10,10,8
02:12:09,Mostly Cloudy,10,10,8
02:14:09,Fair,7,6,8
02:16:09,Fair,7,6,8
02:18:09,Fair,7,6,8
02:20:09,Fair,7,6,8
02:22:09,Fair,7,6,8
02:24:08,Fair,7,6,8
02:26:09,Fair,7,6,8
02:28:09,Fair,7,6,8
02:30:09,Fair,7,6,8
02:32:08,Fair,7,6,8
02:34:09,Fair,7,6,8
02:36:09,Fair,7,6,8
02:38:09,Fair,7,6,8
02:40:09,Fair,7,6,8
02:42:08,Fair,7,6,8
02:44:08,Fair,7,6,8
02:46:09,Fair,7,6,8
02:48:09,Fair,7,6,8
02:50:09,Fair,7,6,8
02:52:09,Fair,7,6,8
02:54:09,Fair,7,6,8
02:56:08,Fair,7,6,8
02:58:09,Fair,7,6,8
03:00:09,Fair,7,6,8
03:02:09,Fair,7,6,8
03:04:08,Fair,7,6,8
03:06:09,Fair,7,6,8
03:08:09,Fair,7,6,8
03:10:08,Fair,7,6,8
03:12:08,Fair,7,6,8
03:14:09,Fair,7,5,8
03:16:09,Fair,7,5,8
03:18:08,Fair,7,5,8
03:20:09,Fair,7,5,8
03:22:09,Fair,7,5,8
03:24:09,Fair,7,5,8
03:26:08,Fair,7,5,8
03:28:09,Fair,7,5,8
03:30:09,Fair,7,5,8
03:32:08,Fair,7,5,8
03:34:09,Fair,7,5,8
03:36:09,Fair,7,5,8
03:38:08,Fair,7,5,8
03:40:09,Fair,7,5,8
03:42:09,Fair,7,5,8
03:44:09,Fair,7,5,8
03:46:09,Fair,7,5,8
03:48:09,Fair,7,5,8
03:50:09,Fair,7,5,8
03:52:08,Fair,7,5,8
03:54:09,Fair,7,5,8
03:56:09,Fair,7,5,8
03:58:08,Fair,7,5,8
04:00:09,Fair,7,5,8
04:02:09,Fair,7,5,8
04:04:08,Fair,7,5,8
04:06:09,Fair,7,5,8
04:08:09,Fair,6,4,8
04:10:08,Fair,6,4,8
04:12:09,Fair,6,4,8
04:14:09,Fair,6,4,8
04:16:08,Fair,6,4,8
04:18:09,Fair,6,4,8
04:20:09,Fair,6,4,8
04:22:09,Fair,6,4,8
04:24:09,Fair,6,4,8
04:26:09,Fair,6,4,8
04:28:08,Fair,6,4,8
04:30:09,Fair,6,4,8
04:32:09,Fair,6,4,8
04:34:09,Fair,6,4,8
04:36:08,Fair,6,4,8
04:38:09,Fair,6,4,8
04:40:09,Fair,6,4,8
04:42:09,Fair,6,4,8
04:44:08,Fair,6,4,8
04:46:09,Fair,6,4,8
04:48:09,Fair,6,4,8
04:50:09,Fair,6,4,8
04:52:08,Fair,6,4,8
04:54:09,Fair,6,4,8
04:56:09,Fair,6,4,8
04:58:09,Fair,6,4,8
05:00:08,Fair,6,4,8
05:02:09,Fair,6,4,8
05:04:09,Fair,6,4,8
05:06:09,Fair,6,4,8
05:08:08,Fair,6,4,8
05:10:08,Fair,6,4,8
05:12:09,Fair,6,4,8
05:14:09,Fair,6,4,8
05:16:08,Fair,6,4,8
05:18:09,Fair,6,4,8
05:20:09,Mostly Cloudy,7,7,1
05:22:08,Mostly Cloudy,7,7,1
05:24:09,Mostly Cloudy,7,7,1
05:26:09,Mostly Cloudy,7,7,1
05:28:09,Mostly Cloudy,7,7,1
05:30:08,Mostly Cloudy,7,7,1
05:32:09,Mostly Cloudy,7,7,1
05:34:09,Mostly Cloudy,7,7,1
05:36:08,Mostly Cloudy,7,7,1
05:38:08,Mostly Cloudy,7,7,1
05:40:09,Mostly Cloudy,7,7,1
05:42:09,Mostly Cloudy,7,7,1
05:44:08,Mostly Cloudy,7,7,1
05:46:09,Mostly Cloudy,7,7,1
05:48:09,Mostly Cloudy,7,7,1
05:50:09,Mostly Cloudy,7,7,1
05:52:09,Mostly Cloudy,7,7,1
05:54:09,Mostly Cloudy,7,7,1
05:56:09,Mostly Cloudy,7,7,1
05:58:08,Mostly Cloudy,7,7,1
06:00:09,Mostly Cloudy,7,7,1
06:02:09,Mostly Cloudy,7,7,1
06:04:08,Mostly Cloudy,7,7,1
06:06:09,Mostly Cloudy,7,7,1
06:08:09,Mostly Cloudy,7,7,1
06:10:09,Mostly Cloudy,7,7,1
06:12:09,Mostly Cloudy,7,7,1
06:14:08,Mostly Cloudy,8,8,calm
06:16:09,Mostly Cloudy,8,8,calm
06:18:09,Mostly Cloudy,8,8,calm
06:20:09,Mostly Cloudy,8,8,calm
06:22:08,Mostly Cloudy,8,8,calm
06:24:08,Mostly Cloudy,8,8,calm
06:26:08,Mostly Cloudy,8,8,calm
06:28:09,Mostly Cloudy,8,8,calm
06:30:09,Mostly Cloudy,8,8,calm
06:32:08,Mostly Cloudy,8,8,calm
06:34:09,Mostly Cloudy,8,8,calm
06:36:09,Mostly Cloudy,8,8,calm
06:38:09,Mostly Cloudy,8,8,calm
06:40:08,Mostly Cloudy,8,8,calm
06:42:09,Mostly Cloudy,8,8,calm
06:44:09,Mostly Cloudy,8,8,calm
06:46:08,Mostly Cloudy,8,8,calm
06:48:09,Mostly Cloudy,8,8,calm
06:50:08,Mostly Cloudy,8,8,calm
06:52:09,Mostly Cloudy,8,8,calm
06:54:09,Mostly Cloudy,8,8,calm
06:56:08,Mostly Cloudy,8,8,calm
06:58:09,Mostly Cloudy,8,8,calm
07:00:09,Mostly Cloudy,8,8,calm
07:02:09,Mostly Cloudy,8,8,calm
07:04:09,Mostly Cloudy,8,8,calm
07:06:09,Mostly Cloudy,8,8,calm
07:08:08,Mostly Cloudy,11,11,8
07:10:09,Mostly Cloudy,11,11,8
07:12:09,Mostly Cloudy,11,11,8
07:14:09,Mostly Cloudy,11,11,8
07:16:09,Mostly Cloudy,11,11,8
07:18:09,Mostly Cloudy,11,11,8
07:20:09,Mostly Cloudy,11,11,8
07:22:09,Mostly Cloudy,11,11,8
07:24:09,Mostly Cloudy,11,11,8
07:26:09,Mostly Cloudy,11,11,8
07:28:09,Mostly Cloudy,11,11,8
07:30:08,Mostly Cloudy,11,11,8
07:32:09,Mostly Cloudy,11,11,8
07:34:09,Mostly Cloudy,11,11,8
07:36:08,Mostly Cloudy,11,11,8
07:38:09,Mostly Cloudy,11,11,8
07:40:09,Mostly Cloudy,11,11,8
07:42:08,Mostly Cloudy,11,11,8
07:44:09,Mostly Cloudy,11,11,8
07:46:09,Mostly Cloudy,11,11,8
07:48:09,Mostly Cloudy,11,11,8
07:50:09,Mostly Cloudy,11,11,8
07:52:09,Mostly Cloudy,11,11,8
07:54:09,Mostly Cloudy,11,11,8
07:56:08,Mostly Cloudy,11,11,8
07:58:09,Mostly Cloudy,11,11,8
08:00:09,Mostly Cloudy,11,11,8
08:02:08,Mostly Cloudy,11,11,8
08:04:08,Mostly Cloudy,11,11,8
08:06:09,Mostly Cloudy,11,11,8
08:08:09,Mostly Cloudy,11,11,8
08:10:08,Mostly Cloudy,11,11,8
08:12:09,Mostly Cloudy,11,11,8
08:14:09,Mostly Cloudy,11,11,8
08:16:09,Mostly Cloudy,11,11,8
08:18:09,Mostly Cloudy,11,11,8
08:20:09,Mostly Cloudy,12,12,4
08:22:08,Mostly Cloudy,12,12,4
08:24:09,Mostly Cloudy,12,12,4
08:26:09,Mostly Cloudy,12,12,4
08:28:08,Mostly Cloudy,12,12,4
08:30:09,Mostly Cloudy,12,12,4
08:32:09,Mostly Cloudy,12,12,4
08:34:08,Mostly Cloudy,12,12,4
08:36:09,Mostly Cloudy,12,12,4
08:38:09,Mostly Cloudy,12,12,4
08:40:08,Mostly Cloudy,12,12,4
08:42:08,Mostly Cloudy,12,12,4
08:44:09,Mostly Cloudy,12,12,4
08:46:09,Mostly Cloudy,12,12,4
08:48:09,Mostly Cloudy,12,12,4
08:50:08,Mostly Cloudy,12,12,4
08:52:09,Mostly Cloudy,12,12,4
08:54:09,Mostly Cloudy,12,12,4
08:56:09,Mostly Cloudy,12,12,4
08:58:09,Mostly Cloudy,12,12,4
09:00:09,Mostly Cloudy,12,12,4
09:02:09,Mostly Cloudy,12,12,4
09:04:08,Mostly Cloudy,12,12,4
09:06:08,Mostly Cloudy,12,12,4
09:08:09,Mostly Cloudy,15,15,4
09:10:09,Mostly Cloudy,15,15,4
09:12:09,Mostly Cloudy,15,15,4
09:14:08,Mostly Cloudy,15,15,4
09:16:09,Mostly Cloudy,15,15,4
09:18:09,Mostly Cloudy,15,15,4
09:20:08,Mostly Cloudy,15,15,4
09:22:09,Mostly Cloudy,15,15,4
09:24:09,Mostly Cloudy,15,15,4
09:26:08,Mostly Cloudy,15,15,4
09:28:09,Mostly Cloudy,15,15,4
09:30:09,Mostly Cloudy,15,15,4
09:32:09,Mostly Cloudy,15,15,4
09:34:08,Mostly Cloudy,15,15,4
09:36:08,Mostly Cloudy,15,15,4
09:38:09,Mostly Cloudy,15,15,4
09:40:08,Mostly Cloudy,15,15,4
09:42:09,Mostly Cloudy,15,15,4
09:44:09,Mostly Cloudy,15,15,4
09:46:09,Mostly Cloudy,15,15,4
09:48:08,Mostly Cloudy,15,15,4
09:50:09,Mostly Cloudy,15,15,4
09:52:09,Mostly Cloudy,15,15,4
09:54:08,Mostly Cloudy,15,15,4
09:56:09,Mostly Cloudy,15,15,4
09:58:09,Mostly Cloudy,15,15,4
10:00:09,Mostly Cloudy,15,15,4
10:02:08,Mostly Cloudy,15,15,4
10:04:09,Mostly Cloudy,15,15,4
10:06:09,Mostly Cloudy,15,15,4
10:08:09,Mostly Cloudy,15,15,4
10:10:09,Mostly Cloudy,15,15,4
10:12:09,Mostly Cloudy,15,15,4
10:14:08,Mostly Cloudy,15,15,8
10:16:09,Mostly Cloudy,15,15,8
10:18:09,Mostly Cloudy,15,15,8
10:20:08,Mostly Cloudy,15,15,8
10:22:09,Mostly Cloudy,15,15,8
10:24:08,Mostly Cloudy,15,15,8
10:26:09,Mostly Cloudy,15,15,8
10:28:08,Mostly Cloudy,15,15,8
10:30:08,Mostly Cloudy,15,15,8
10:32:09,Mostly Cloudy,15,15,8
10:34:09,Mostly Cloudy,15,15,8
10:36:08,Mostly Cloudy,15,15,8
10:38:09,Mostly Cloudy,15,15,8
10:40:09,Mostly Cloudy,15,15,8
10:42:09,Mostly Cloudy,15,15,8
10:44:09,Mostly Cloudy,15,15,8
10:46:09,Mostly Cloudy,15,15,8
10:48:09,Mostly Cloudy,15,15,8
10:50:08,Mostly Cloudy,15,15,8
10:52:09,Mostly Cloudy,15,15,8
10:54:09,Mostly Cloudy,15,15,8
10:56:09,Mostly Cloudy,15,15,8
10:58:09,Mostly Cloudy,15,15,8
11:00:09,Mostly Cloudy,15,15,8
11:02:09,Mostly Cloudy,15,15,8
11:04:08,Mostly Cloudy,15,15,8
11:06:09,Mostly Cloudy,15,15,8
11:08:09,Mostly Cloudy,15,15,8
11:10:09,Mostly Cloudy,15,15,8
11:12:08,Mostly Cloudy,15,15,8
11:14:08,Mostly Cloudy,17,17,8
11:16:09,Mostly Cloudy,17,17,8
11:18:08,Mostly Cloudy,17,17,8
11:20:09,Mostly Cloudy,17,17,8
11:22:09,Mostly Cloudy,17,17,8
11:24:08,Mostly Cloudy,17,17,8
11:26:09,Mostly Cloudy,17,17,8
11:28:09,Mostly Cloudy,17,17,8
11:30:08,Mostly Cloudy,17,17,8
11:32:09,Mostly Cloudy,17,17,8
11:34:09,Mostly Cloudy,17,17,8
11:36:08,Mostly Cloudy,17,17,8
11:38:09,Mostly Cloudy,17,17,8
11:40:09,Mostly Cloudy,17,17,8
11:42:09,Mostly Cloudy,17,17,8
11:44:08,Mostly Cloudy,17,17,8
11:46:09,Mostly Cloudy,17,17,8
11:48:09,Mostly Cloudy,17,17,8
11:50:09,Mostly Cloudy,17,17,8
11:52:09,Mostly Cloudy,17,17,8
11:54:09,Mostly Cloudy,17,17,8
11:56:09,Mostly Cloudy,17,17,8
11:58:08,Mostly Cloudy,17,17,8
12:00:08,Mostly Cloudy,17,17,8
12:02:08,Mostly Cloudy,17,17,8
12:04:09,Mostly Cloudy,17,17,8
12:06:09,Mostly Cloudy,17,17,8
12:08:09,Mostly Cloudy,17,17,8
12:10:09,Mostly Cloudy,17,17,8
12:12:08,Mostly Cloudy,17,17,8
12:20:08,Mostly Cloudy,17,17,11
12:22:09,Mostly Cloudy,17,17,11
12:24:09,Mostly Cloudy,17,17,11
12:26:09,Mostly Cloudy,17,17,11
12:28:09,Mostly Cloudy,17,17,11
12:30:09,Mostly Cloudy,17,17,11
12:32:09,Mostly Cloudy,17,17,11
12:34:09,Mostly Cloudy,17,17,11
12:36:08,Mostly Cloudy,17,17,11
12:38:08,Mostly Cloudy,17,17,11
12:40:09,Mostly Cloudy,17,17,11
12:42:08,Mostly Cloudy,17,17,11
12:44:08,Mostly Cloudy,17,17,11
12:46:09,Mostly Cloudy,17,17,11
12:48:09,Mostly Cloudy,17,17,11
12:50:08,Mostly Cloudy,17,17,11
12:52:09,Mostly Cloudy,17,17,11
12:54:09,Mostly Cloudy,17,17,11
12:56:08,Mostly Cloudy,17,17,11
12:58:08,Mostly Cloudy,17,17,11
13:00:09,Mostly Cloudy,17,17,11
13:02:09,Mostly Cloudy,17,17,11
13:04:08,Mostly Cloudy,17,17,11
13:06:09,Mostly Cloudy,17,17,11
13:08:09,Mostly Cloudy,17,17,8
13:10:08,Mostly Cloudy,17,17,8
13:12:08,Mostly Cloudy,17,17,8
13:14:09,Mostly Cloudy,17,17,8
13:16:09,Mostly Cloudy,17,17,8
13:18:08,Mostly Cloudy,17,17,8
13:20:09,Mostly Cloudy,17,17,8
13:22:09,Mostly Cloudy,17,17,8
13:24:08,Mostly Cloudy,17,17,8
13:26:09,Mostly Cloudy,17,17,8
13:28:09,Mostly Cloudy,17,17,8
13:30:08,Mostly Cloudy,17,17,8
13:32:09,Mostly Cloudy,17,17,8
13:34:09,Mostly Cloudy,17,17,8
13:36:08,Mostly Cloudy,17,17,8
13:38:09,Mostly Cloudy,17,17,8
13:40:09,Mostly Cloudy,17,17,8
13:42:08,Mostly Cloudy,17,17,8
13:44:08,Mostly Cloudy,17,17,8
13:46:09,Mostly Cloudy,17,17,8
13:48:09,Mostly Cloudy,17,17,8
13:50:09,Mostly Cloudy,17,17,8
13:52:09,Mostly Cloudy,17,17,8
13:54:09,Mostly Cloudy,17,17,8
13:56:08,Mostly Cloudy,17,17,8
13:58:09,Mostly Cloudy,17,17,8
14:00:09,Mostly Cloudy,17,17,8
14:02:09,Mostly Cloudy,17,17,8
14:04:08,Mostly Cloudy,17,17,8
14:06:09,Mostly Cloudy,17,17,8
14:08:09,Mostly Cloudy,17,17,8
14:10:09,Mostly Cloudy,17,17,8
14:12:09,Mostly Cloudy,17,17,8
14:14:09,Mostly Cloudy,17,17,9
14:16:08,Mostly Cloudy,17,17,9
14:18:09,Mostly Cloudy,17,17,9
14:20:09,Mostly Cloudy,17,17,9
14:22:09,Mostly Cloudy,17,17,9
14:24:09,Mostly Cloudy,17,17,9
14:26:09,Mostly Cloudy,17,17,9
14:28:09,Mostly Cloudy,17,17,9
14:30:09,Mostly Cloudy,17,17,9
14:32:09,Mostly Cloudy,17,17,9
14:34:08,Mostly Cloudy,17,17,9
14:36:09,Mostly Cloudy,17,17,9
14:38:09,Mostly Cloudy,17,17,9
14:40:09,Mostly Cloudy,17,17,9
14:42:09,Mostly Cloudy,17,17,9
14:44:09,Mostly Cloudy,17,17,9
14:46:09,Mostly Cloudy,17,17,9
14:48:09,Mostly Cloudy,17,17,9
14:50:08,Mostly Cloudy,17,17,9
14:52:09,Mostly Cloudy,17,17,9
14:54:09,Mostly Cloudy,17,17,9
14:56:09,Mostly Cloudy,17,17,9
14:58:09,Mostly Cloudy,17,17,9
15:00:09,Mostly Cloudy,17,17,9
15:02:08,Mostly Cloudy,17,17,9
15:04:09,Mostly Cloudy,17,17,9
15:06:09,Mostly Cloudy,17,17,9
15:08:08,Mostly Cloudy,17,17,11
15:10:09,Mostly Cloudy,17,17,11
15:12:09,Mostly Cloudy,17,17,11
15:14:08,Mostly Cloudy,17,17,11
15:16:09,Mostly Cloudy,17,17,11
15:18:09,Mostly Cloudy,17,17,11
15:20:08,Mostly Cloudy,17,17,11
15:22:09,Mostly Cloudy,17,17,11
15:24:09,Mostly Cloudy,17,17,11
15:26:08,Mostly Cloudy,17,17,11
15:28:09,Mostly Cloudy,17,17,11
15:30:09,Mostly Cloudy,17,17,11
15:32:08,Mostly Cloudy,17,17,11
15:34:09,Mostly Cloudy,17,17,11
15:36:09,Mostly Cloudy,17,17,11
15:38:09,Mostly Cloudy,17,17,11
15:40:09,Mostly Cloudy,17,17,11
15:42:09,Mostly Cloudy,17,17,11
15:44:09,Mostly Cloudy,17,17,11
15:46:09,Mostly Cloudy,17,17,11
15:48:08,Mostly Cloudy,17,17,11
15:50:09,Mostly Cloudy,17,17,11
15:52:09,Mostly Cloudy,17,17,11
15:54:09,Mostly Cloudy,17,17,11
15:56:09,Mostly Cloudy,17,17,11
15:58:09,Mostly Cloudy,17,17,11
16:00:08,Mostly Cloudy,17,17,11
16:02:09,Mostly Cloudy,17,17,11
16:04:09,Mostly Cloudy,17,17,11
16:06:08,Mostly Cloudy,17,17,11
16:08:09,Mostly Cloudy,17,17,11
16:10:09,Mostly Cloudy,17,17,11
16:12:08,Mostly Cloudy,17,17,11
16:14:09,Mostly Cloudy,17,17,11
16:16:09,Mostly Cloudy,17,17,11
16:18:08,Mostly Cloudy,17,17,11
16:20:08,Mostly Cloudy,17,17,11
16:22:09,Mostly Cloudy,17,17,11
16:24:09,Mostly Cloudy,17,17,11
16:26:08,Mostly Cloudy,17,17,11
16:28:08,Mostly Cloudy,17,17,11
16:30:09,Mostly Cloudy,17,17,11
16:32:09,Mostly Cloudy,17,17,11
16:34:08,Mostly Cloudy,17,17,11
16:36:09,Mostly Cloudy,17,17,11
16:38:09,Mostly Cloudy,17,17,11
16:40:09,Mostly Cloudy,17,17,11
16:42:08,Mostly Cloudy,17,17,11
16:44:09,Mostly Cloudy,17,17,11
16:46:09,Mostly Cloudy,17,17,11
16:48:09,Mostly Cloudy,17,17,11
16:50:09,Mostly Cloudy,17,17,11
16:52:09,Mostly Cloudy,17,17,11
16:54:09,Mostly Cloudy,17,17,11
16:56:09,Mostly Cloudy,17,17,11
16:58:08,Mostly Cloudy,17,17,11
17:00:09,Mostly Cloudy,17,17,11
17:02:09,Mostly Cloudy,17,17,11
17:04:08,Mostly Cloudy,17,17,11
17:06:09,Mostly Cloudy,17,17,11
17:08:09,Mostly Cloudy,17,17,11
17:10:08,Mostly Cloudy,17,17,11
17:12:09,Mostly Cloudy,17,17,11
17:14:09,Mostly Cloudy,17,17,11
17:16:09,Mostly Cloudy,17,17,11
17:18:09,Mostly Cloudy,17,17,11
17:20:08,Mostly Cloudy,17,17,16
17:22:09,Mostly Cloudy,17,17,16
17:24:09,Mostly Cloudy,17,17,16
17:26:09,Mostly Cloudy,17,17,16
17:28:08,Mostly Cloudy,17,17,16
17:30:09,Mostly Cloudy,17,17,16
17:32:09,Mostly Cloudy,17,17,16
17:34:09,Mostly Cloudy,17,17,16
17:36:08,Mostly Cloudy,17,17,16
17:38:09,Mostly Cloudy,17,17,16
17:40:09,Mostly Cloudy,17,17,16
17:42:09,Mostly Cloudy,17,17,16
17:44:08,Mostly Cloudy,17,17,16
17:46:09,Mostly Cloudy,17,17,16
17:48:09,Mostly Cloudy,17,17,16
17:50:09,Mostly Cloudy,17,17,16
17:52:09,Mostly Cloudy,17,17,16
17:54:08,Mostly Cloudy,17,17,16
17:56:09,Mostly Cloudy,17,17,16
17:58:09,Mostly Cloudy,17,17,16
18:00:09,Mostly Cloudy,17,17,16
18:02:09,Mostly Cloudy,17,17,16
18:04:08,Mostly Cloudy,17,17,16
18:06:09,Mostly Cloudy,17,17,16
18:08:09,Mostly Cloudy,17,17,16
18:10:08,Mostly Cloudy,17,17,16
18:12:09,Mostly Cloudy,17,17,16
18:14:09,Mostly Cloudy,17,17,16
18:16:08,Mostly Cloudy,17,17,16
18:18:09,Mostly Cloudy,17,17,16
18:20:09,Mostly Cloudy,17,17,16
18:22:09,Mostly Cloudy,17,17,16
18:24:08,Mostly Cloudy,17,17,16
18:26:09,Mostly Cloudy,17,17,16
18:28:09,Mostly Cloudy,17,17,16
18:30:08,Mostly Cloudy,17,17,16
18:32:09,Mostly Cloudy,17,17,16
18:34:09,Mostly Cloudy,17,17,16
18:36:09,Mostly Cloudy,17,17,16
18:38:08,Mostly Cloudy,17,17,16
18:40:08,Mostly Cloudy,17,17,16
18:42:09,Mostly Cloudy,17,17,16
18:44:09,Mostly Cloudy,17,17,16
18:46:09,Mostly Cloudy,17,17,16
18:48:09,Mostly Cloudy,17,17,16
18:50:09,Mostly Cloudy,17,17,16
18:52:09,Mostly Cloudy,17,17,16
18:54:09,Mostly Cloudy,17,17,16
18:56:09,Mostly Cloudy,17,17,16
18:58:08,Mostly Cloudy,17,17,16
19:00:09,Mostly Cloudy,17,17,16
19:02:09,Mostly Cloudy,17,17,16
19:04:09,Mostly Cloudy,17,17,16
19:06:08,Mostly Cloudy,17,17,16
19:08:09,Mostly Cloudy,17,17,16
19:10:09,Mostly Cloudy,17,17,16
19:12:09,Mostly Cloudy,17,17,16
19:14:09,Mostly Cloudy,17,17,16
19:16:09,Mostly Cloudy,17,17,16
19:18:09,Mostly Cloudy,16,16,12
19:20:08,Mostly Cloudy,16,16,12
19:22:09,Mostly Cloudy,16,16,12
19:24:09,Mostly Cloudy,16,16,12
19:26:08,Mostly Cloudy,16,16,12
19:28:08,Mostly Cloudy,16,16,12
19:30:09,Mostly Cloudy,16,16,12
19:32:09,Mostly Cloudy,16,16,12
19:34:08,Mostly Cloudy,16,16,12
19:36:09,Mostly Cloudy,16,16,12
19:38:09,Mostly Cloudy,16,16,12
19:40:09,Mostly Cloudy,16,16,12
19:42:08,Mostly Cloudy,16,16,12
19:44:09,Mostly Cloudy,16,16,12
19:46:09,Mostly Cloudy,16,16,12
19:48:09,Mostly Cloudy,16,16,12
19:50:08,Mostly Cloudy,16,16,12
19:52:09,Mostly Cloudy,16,16,12
19:54:09,Mostly Cloudy,16,16,12
19:56:08,Mostly Cloudy,16,16,12
19:58:09,Mostly Cloudy,16,16,12
20:00:09,Mostly Cloudy,16,16,12
20:02:08,Mostly Cloudy,16,16,12
20:04:09,Mostly Cloudy,16,16,12
20:06:09,Mostly Cloudy,16,16,12
20:08:08,Mostly Cloudy,16,16,12
20:10:08,Mostly Cloudy,16,16,12
20:12:09,Mostly Cloudy,16,16,12
20:14:08,Mostly Cloudy,16,16,12
20:16:09,Mostly Cloudy,16,16,12
20:18:09,Mostly Cloudy,15,15,4
20:20:09,Mostly Cloudy,15,15,4
20:22:09,Mostly Cloudy,15,15,4
20:24:09,Mostly Cloudy,15,15,4
20:26:09,Mostly Cloudy,15,15,4
20:28:09,Mostly Cloudy,15,15,4
20:30:09,Mostly Cloudy,15,15,4
20:32:09,Mostly Cloudy,15,15,4
20:34:09,Mostly Cloudy,15,15,4
20:36:08,Mostly Cloudy,15,15,4
20:38:09,Mostly Cloudy,15,15,4
20:40:09,Mostly Cloudy,15,15,4
20:42:08,Mostly Cloudy,15,15,4
20:44:09,Mostly Cloudy,15,15,4
20:46:09,Mostly Cloudy,15,15,4
20:48:09,Mostly Cloudy,15,15,4
20:50:08,Mostly Cloudy,15,15,4
20:52:09,Mostly Cloudy,15,15,4
20:54:09,Mostly Cloudy,15,15,4
20:56:09,Mostly Cloudy,15,15,4
20:58:08,Mostly Cloudy,15,15,4
21:00:08,Mostly Cloudy,15,15,4
21:02:09,Mostly Cloudy,15,15,4
21:04:09,Mostly Cloudy,15,15,4
21:06:08,Mostly Cloudy,15,15,4
21:08:09,Mostly Cloudy,15,15,4
21:10:09,Mostly Cloudy,15,15,4
21:12:09,Mostly Cloudy,15,15,4
21:14:09,Mostly Cloudy,15,15,4
21:16:09,Mostly Cloudy,15,15,4
21:18:08,Mostly Cloudy,13,13,24
21:20:08,Mostly Cloudy,13,13,24
21:22:09,Mostly Cloudy,13,13,24
21:24:09,Mostly Cloudy,13,13,24
21:26:09,Mostly Cloudy,13,13,24
21:28:08,Mostly Cloudy,13,13,24
21:30:09,Mostly Cloudy,13,13,24
21:32:09,Mostly Cloudy,13,13,24
21:34:09,Mostly Cloudy,13,13,24
21:36:08,Mostly Cloudy,13,13,24
21:38:09,Mostly Cloudy,13,13,24
21:40:09,Mostly Cloudy,13,13,24
21:42:09,Mostly Cloudy,13,13,24
21:44:09,Mostly Cloudy,13,13,24
21:46:09,Mostly Cloudy,13,13,24
21:48:08,Mostly Cloudy,13,13,24
21:50:09,Mostly Cloudy,13,13,24
21:52:09,Mostly Cloudy,13,13,24
21:54:08,Mostly Cloudy,13,13,24
21:56:09,Mostly Cloudy,13,13,24
21:58:09,Mostly Cloudy,13,13,24
22:00:09,Mostly Cloudy,13,13,24
22:02:08,Mostly Cloudy,13,13,24
22:04:09,Mostly Cloudy,13,13,24
22:06:09,Mostly Cloudy,13,13,24
22:08:09,Mostly Cloudy,13,13,24
22:10:09,Mostly Cloudy,13,13,24
22:12:09,Mostly Cloudy,13,13,24
22:14:09,Mostly Cloudy,13,13,24
22:16:09,Mostly Cloudy,13,13,24
22:18:09,Mostly Cloudy,13,13,11
22:20:09,Mostly Cloudy,13,13,11
22:22:09,Mostly Cloudy,13,13,11
22:24:08,Mostly Cloudy,13,13,11
22:26:09,Mostly Cloudy,13,13,11
22:28:08,Mostly Cloudy,13,13,11
22:30:09,Mostly Cloudy,13,13,11
22:32:09,Mostly Cloudy,13,13,11
22:34:08,Mostly Cloudy,13,13,11
22:36:08,Mostly Cloudy,13,13,11
22:38:09,Mostly Cloudy,13,13,11
22:40:09,Mostly Cloudy,13,13,11
22:42:08,Mostly Cloudy,13,13,11
22:44:09,Mostly Cloudy,13,13,11
22:46:09,Mostly Cloudy,13,13,11
22:48:09,Mostly Cloudy,13,13,11
22:50:08,Mostly Cloudy,13,13,11
22:52:09,Mostly Cloudy,13,13,11
22:54:09,Mostly Cloudy,13,13,11
22:56:08,Mostly Cloudy,13,13,11
22:58:09,Mostly Cloudy,13,13,11
23:00:09,Mostly Cloudy,13,13,11
23:02:08,Mostly Cloudy,13,13,11
23:04:09,Mostly Cloudy,13,13,11
23:06:08,Mostly Cloudy,13,13,11
23:08:09,Mostly Cloudy,13,13,11
23:10:09,Mostly Cloudy,13,13,11
23:12:09,Rain,12,12,8
23:14:08,Rain,12,12,8
23:16:09,Rain,12,12,8
23:18:09,Rain,12,12,8
23:20:09,Rain,12,12,8
23:22:09,Rain,12,12,8
23:24:09,Rain,12,12,8
23:26:08,Rain,12,12,8
23:28:09,Rain,12,12,8
23:30:09,Rain,12,12,8
23:32:08,Rain,12,12,8
23:34:09,Rain,12,12,8
23:36:09,Rain,12,12,8
23:38:08,Rain,12,12,8
23:40:09,Rain,12,12,8
23:42:09,Rain,12,12,8
23:44:08,Rain,12,12,8
23:46:09,Rain,12,12,8
23:48:09,Rain,12,12,8
23:50:08,Rain,12,12,8
23:52:09,Rain,12,12,8
23:54:09,Rain,12,12,8
23:56:09,Rain,12,12,8
23:58:08,Rain,12,12,8
