Time,Weather,Temperature,Feels_Like,Wind_Speed
00:00:08,Mostly Cloudy,7,7,4
00:02:09,Mostly Cloudy,7,7,4
00:04:09,Mostly Cloudy,7,7,4
00:06:09,Mostly Cloudy,7,7,4
00:08:08,Mostly Cloudy,7,7,4
00:10:09,Mostly Cloudy,7,7,4
00:12:09,Mostly Cloudy,7,7,4
00:14:09,Mostly Cloudy,7,5,8
00:16:09,Mostly Cloudy,7,5,8
00:18:08,Mostly Cloudy,7,5,8
00:20:09,Mostly Cloudy,7,5,8
00:22:09,Mostly Cloudy,7,5,8
00:24:09,Mostly Cloudy,7,5,8
00:26:08,Mostly Cloudy,7,5,8
00:28:09,Mostly Cloudy,7,5,8
00:30:09,Mostly Cloudy,7,5,8
00:32:09,Mostly Cloudy,7,5,8
00:34:09,Mostly Cloudy,7,5,8
00:36:09,Mostly Cloudy,7,5,8
00:38:09,Mostly Cloudy,7,5,8
00:40:09,Mostly Cloudy,7,5,8
00:42:08,Mostly Cloudy,7,5,8
00:44:08,Mostly Cloudy,7,5,8
00:46:09,Mostly Cloudy,7,5,8
00:48:09,Mostly Cloudy,7,5,8
00:50:09,Mostly Cloudy,7,5,8
00:52:09,Mostly Cloudy,7,5,8
00:54:08,Mostly Cloudy,7,5,8
00:56:08,Mostly Cloudy,7,5,8
00:58:09,Mostly Cloudy,7,5,8
01:00:16,Mostly Cloudy,7,5,8
01:02:09,Mostly Cloudy,7,5,8
01:04:08,Mostly Cloudy,7,5,8
01:06:09,Mostly Cloudy,7,5,8
01:08:09,Mostly Cloudy,7,5,8
01:10:09,Mostly Cloudy,7,5,8
01:12:09,Mostly Cloudy,7,5,8
01:14:08,Mostly Cloudy,7,7,4
01:16:09,Mostly Cloudy,7,7,4
01:18:09,Mostly Cloudy,7,7,4
01:20:08,Mostly Cloudy,7,7,4
01:22:09,Mostly Cloudy,7,7,4
01:24:09,Mostly Cloudy,7,7,4
01:26:08,Mostly Cloudy,7,7,4
01:28:08,Mostly Cloudy,7,7,4
01:30:09,Mostly Cloudy,7,7,4
01:32:08,Mostly Cloudy,7,7,4
01:34:09,Mostly Cloudy,7,7,4
01:36:09,Mostly Cloudy,7,7,4
01:38:09,Mostly Cloudy,7,7,4
01:40:09,Mostly Cloudy,7,7,4
01:42:08,Mostly Cloudy,7,7,4
01:44:08,Mostly Cloudy,7,7,4
01:46:09,Mostly Cloudy,7,7,4
01:48:09,Mostly Cloudy,7,7,4
01:50:08,Mostly Cloudy,7,7,4
01:52:09,Mostly Cloudy,7,7,4
01:54:09,Mostly Cloudy,7,7,4
01:56:09,Mostly Cloudy,7,7,4
01:58:08,Mostly Cloudy,7,7,4
02:00:08,Mostly Cloudy,7,7,4
02:02:09,Mostly Cloudy,7,7,4
02:04:08,Mostly Cloudy,7,7,4
02:06:08,Mostly Cloudy,7,7,4
02:08:09,Mostly Cloudy,7,7,4
02:10:09,Mostly Cloudy,7,7,4
02:12:08,Mostly Cloudy,7,7,4
02:14:09,Mostly Cloudy,7,7,4
02:16:09,Mostly Cloudy,7,7,4
02:18:08,Mostly Cloudy,7,7,4
02:20:09,Mostly Cloudy,7,7,4
02:22:09,Mostly Cloudy,7,7,4
02:24:09,Mostly Cloudy,7,7,4
02:26:09,Mostly Cloudy,7,7,4
02:28:09,Mostly Cloudy,7,7,4
02:30:09,Mostly Cloudy,7,7,4
02:32:08,Mostly Cloudy,7,7,4
02:34:09,Mostly Cloudy,7,7,4
02:36:09,Mostly Cloudy,7,7,4
02:38:08,Mostly Cloudy,7,7,4
02:40:09,Mostly Cloudy,7,7,4
02:42:09,Mostly Cloudy,7,7,4
02:44:08,Mostly Cloudy,7,7,4
02:46:09,Mostly Cloudy,7,7,4
02:48:09,Mostly Cloudy,7,7,4
02:50:08,Mostly Cloudy,7,7,4
02:52:09,Mostly Cloudy,7,7,4
02:54:09,Mostly Cloudy,7,7,4
02:56:09,Mostly Cloudy,7,7,4
02:58:09,Mostly Cloudy,7,7,4
03:00:09,Mostly Cloudy,7,7,4
03:02:09,Mostly Cloudy,7,7,4
03:04:08,Mostly Cloudy,7,7,4
03:06:08,Mostly Cloudy,7,7,4
03:08:09,Mostly Cloudy,7,7,4
03:10:08,Mostly Cloudy,7,7,4
03:12:09,Mostly Cloudy,7,7,4
03:14:09,Mostly Cloudy,7,5,8
03:16:09,Mostly Cloudy,7,5,8
03:18:08,Mostly Cloudy,7,5,8
03:20:09,Mostly Cloudy,7,5,8
03:22:09,Mostly Cloudy,7,5,8
03:24:09,Mostly Cloudy,7,5,8
03:26:09,Mostly Cloudy,7,5,8
03:28:08,Mostly Cloudy,7,5,8
03:30:09,Mostly Cloudy,7,5,8
03:32:09,Mostly Cloudy,7,5,8
03:34:09,Mostly Cloudy,7,5,8
03:36:09,Mostly Cloudy,7,5,8
03:38:09,Mostly Cloudy,7,5,8
03:40:08,Mostly Cloudy,7,5,8
03:42:09,Mostly Cloudy,7,5,8
03:44:09,Mostly Cloudy,7,5,8
03:46:09,Mostly Cloudy,7,5,8
03:48:08,Mostly Cloudy,7,5,8
03:50:08,Mostly Cloudy,7,5,8
03:52:09,Mostly Cloudy,7,5,8
03:54:09,Mostly Cloudy,7,5,8
03:56:08,Mostly Cloudy,7,5,8
03:58:08,Mostly Cloudy,7,5,8
04:00:09,Mostly Cloudy,7,5,8
04:02:09,Mostly Cloudy,7,5,8
04:04:09,Mostly Cloudy,7,5,8
04:06:09,Mostly Cloudy,7,5,8
04:08:09,Mostly Cloudy,7,5,8
04:10:08,Mostly Cloudy,7,5,8
04:12:09,Mostly Cloudy,7,5,8
04:14:09,Mostly Cloudy,7,5,8
04:16:09,Mostly Cloudy,7,5,8
04:18:08,Mostly Cloudy,7,5,8
04:20:09,Mostly Cloudy,7,5,8
04:22:09,Mostly Cloudy,7,5,8
04:24:08,Mostly Cloudy,7,5,8
04:26:09,Mostly Cloudy,7,5,8
04:28:09,Mostly Cloudy,7,5,8
04:30:08,Mostly Cloudy,7,5,8
04:32:09,Mostly Cloudy,7,5,8
04:34:09,Mostly Cloudy,7,5,8
04:36:09,Mostly Cloudy,7,5,8
04:38:09,Mostly Cloudy,7,5,8
04:40:09,Mostly Cloudy,7,5,8
04:42:09,Mostly Cloudy,7,5,8
04:44:08,Mostly Cloudy,7,5,8
04:46:08,Mostly Cloudy,7,5,8
04:48:09,Mostly Cloudy,7,5,8
04:50:09,Mostly Cloudy,7,5,8
04:52:08,Mostly Cloudy,7,5,8
04:54:09,Mostly Cloudy,7,5,8
04:56:09,Mostly Cloudy,7,5,8
04:58:09,Mostly Cloudy,7,5,8
05:00:09,Mostly Cloudy,7,5,8
05:02:09,Mostly Cloudy,7,5,8
05:04:09,Mostly Cloudy,7,5,8
05:06:09,Mostly Cloudy,7,5,8
05:08:08,Mostly Cloudy,7,5,8
05:10:08,Mostly Cloudy,7,5,8
05:12:09,Mostly Cloudy,7,7,3
05:14:09,Mostly Cloudy,7,7,3
05:16:09,Mostly Cloudy,7,7,3
05:18:08,Mostly Cloudy,7,7,3
05:20:09,Mostly Cloudy,7,7,3
05:22:09,Mostly Cloudy,7,7,3
05:24:09,Mostly Cloudy,7,7,3
05:26:08,Mostly Cloudy,7,7,3
05:28:09,Mostly Cloudy,7,7,3
05:30:09,Mostly Cloudy,7,7,3
05:32:08,Mostly Cloudy,7,7,3
05:34:08,Mostly Cloudy,7,7,3
05:36:09,Mostly Cloudy,7,7,3
05:38:09,Mostly Cloudy,7,7,3
05:40:08,Mostly Cloudy,7,7,3
05:42:09,Mostly Cloudy,7,7,3
05:44:09,Mostly Cloudy,7,7,3
05:46:08,Mostly Cloudy,7,7,3
05:48:08,Mostly Cloudy,7,7,3
05:50:09,Mostly Cloudy,7,7,3
05:52:09,Mostly Cloudy,7,7,3
05:54:09,Mostly Cloudy,7,7,3
05:56:08,Mostly Cloudy,7,7,3
05:58:09,Mostly Cloudy,7,7,3
06:00:09,Mostly Cloudy,7,7,3
06:02:09,Mostly Cloudy,7,7,3
06:04:08,Mostly Cloudy,7,7,3
06:06:08,Mostly Cloudy,7,7,3
06:08:09,Mostly Cloudy,7,7,3
06:10:09,Mostly Cloudy,7,7,3
06:12:09,Mostly Cloudy,7,7,3
06:14:08,Mostly Cloudy,7,7,3
06:16:08,Mostly Cloudy,7,7,3
06:18:09,Mostly Cloudy,6,6,1
06:20:09,Mostly Cloudy,6,6,1
06:22:08,Mostly Cloudy,6,6,1
06:24:09,Mostly Cloudy,6,6,1
06:26:08,Mostly Cloudy,6,6,1
06:28:08,Mostly Cloudy,6,6,1
06:30:09,Mostly Cloudy,6,6,1
06:32:09,Mostly Cloudy,6,6,1
06:34:08,Mostly Cloudy,6,6,1
06:36:09,Mostly Cloudy,6,6,1
06:38:09,Mostly Cloudy,6,6,1
06:40:09,Mostly Cloudy,6,6,1
06:42:08,Mostly Cloudy,6,6,1
06:44:08,Mostly Cloudy,6,6,1
06:46:09,Mostly Cloudy,6,6,1
06:48:09,Mostly Cloudy,6,6,1
06:50:09,Mostly Cloudy,6,6,1
06:52:08,Mostly Cloudy,6,6,1
06:54:09,Mostly Cloudy,6,6,1
06:56:09,Mostly Cloudy,6,6,1
06:58:08,Mostly Cloudy,6,6,1
07:00:08,Mostly Cloudy,6,6,1
07:02:09,Mostly Cloudy,6,6,1
07:04:09,Mostly Cloudy,6,6,1
07:06:09,Mostly Cloudy,6,6,1
07:08:08,Mostly Cloudy,6,6,1
07:10:09,Mostly Cloudy,6,6,1
07:12:09,Mostly Cloudy,7,7,4
07:14:08,Mostly Cloudy,7,7,4
07:16:08,Mostly Cloudy,7,7,4
07:18:09,Mostly Cloudy,7,7,4
07:20:08,Mostly Cloudy,7,7,4
07:22:09,Mostly Cloudy,7,7,4
07:24:09,Mostly Cloudy,7,7,4
07:26:08,Mostly Cloudy,7,7,4
07:28:09,Mostly Cloudy,7,7,4
07:30:09,Mostly Cloudy,7,7,4
07:32:08,Mostly Cloudy,7,7,4
07:34:09,Mostly Cloudy,7,7,4
07:36:09,Mostly Cloudy,7,7,4
07:38:08,Mostly Cloudy,7,7,4
07:40:09,Mostly Cloudy,7,7,4
07:42:09,Mostly Cloudy,7,7,4
07:44:09,Mostly Cloudy,7,7,4
07:46:08,Mostly Cloudy,7,7,4
07:48:09,Mostly Cloudy,7,7,4
07:50:09,Mostly Cloudy,7,7,4
07:52:09,Mostly Cloudy,7,7,4
07:54:08,Mostly Cloudy,7,7,4
07:56:09,Mostly Cloudy,7,7,4
07:58:09,Mostly Cloudy,7,7,4
08:00:09,Mostly Cloudy,7,7,4
08:02:08,Mostly Cloudy,7,7,4
08:04:09,Mostly Cloudy,7,7,4
08:06:09,Mostly Cloudy,7,7,4
08:08:09,Mostly Cloudy,7,7,4
08:10:09,Mostly Cloudy,7,7,4
08:12:09,Mostly Cloudy,7,7,4
08:14:08,Mostly Cloudy,7,7,4
08:16:09,Mostly Cloudy,7,7,4
08:18:09,Mostly Cloudy,7,7,4
08:20:09,Mostly Cloudy,7,7,4
08:22:09,Mostly Cloudy,7,7,4
08:24:09,Mostly Cloudy,7,7,4
08:26:09,Mostly Cloudy,7,7,4
08:28:09,Mostly Cloudy,7,7,4
08:30:08,Mostly Cloudy,7,7,4
08:32:09,Mostly Cloudy,7,7,4
08:34:09,Mostly Cloudy,7,7,4
08:36:09,Mostly Cloudy,7,7,4
08:38:08,Mostly Cloudy,7,7,4
08:40:09,Mostly Cloudy,7,7,4
08:42:09,Mostly Cloudy,7,7,4
08:44:08,Mostly Cloudy,7,7,4
08:46:09,Mostly Cloudy,7,7,4
08:48:09,Mostly Cloudy,7,5,9
08:50:08,Mostly Cloudy,7,5,9
08:52:09,Mostly Cloudy,7,5,9
08:54:09,Mostly Cloudy,7,5,9
08:56:08,Mostly Cloudy,7,5,9
08:58:08,Mostly Cloudy,7,5,9
09:00:09,Mostly Cloudy,7,5,9
09:02:09,Mostly Cloudy,7,5,9
09:04:09,Mostly Cloudy,7,5,9
09:06:09,Mostly Cloudy,7,5,9
09:08:08,Mostly Cloudy,7,5,9
09:10:08,Mostly Cloudy,7,5,9
09:12:09,Mostly Cloudy,7,5,8
09:14:09,Mostly Cloudy,7,5,8
09:16:09,Mostly Cloudy,7,5,8
09:18:09,Mostly Cloudy,7,5,8
09:20:09,Mostly Cloudy,7,5,8
09:22:09,Mostly Cloudy,7,5,8
09:24:08,Mostly Cloudy,7,5,8
09:26:09,Mostly Cloudy,7,5,8
09:28:08,Mostly Cloudy,7,5,8
09:30:08,Mostly Cloudy,7,5,8
09:32:09,Mostly Cloudy,7,5,8
09:34:09,Mostly Cloudy,7,5,8
09:36:08,Mostly Cloudy,7,5,8
09:38:09,Mostly Cloudy,7,5,8
09:40:09,Mostly Cloudy,7,5,8
09:42:08,Mostly Cloudy,7,6,9
09:44:09,Mostly Cloudy,7,6,9
09:46:09,Mostly Cloudy,7,6,9
09:48:08,Mostly Cloudy,7,6,9
09:50:09,Mostly Cloudy,7,6,9
09:52:09,Mostly Cloudy,7,6,9
09:54:08,Mostly Cloudy,7,6,9
09:56:09,Mostly Cloudy,7,6,9
09:58:09,Mostly Cloudy,7,6,9
10:00:09,Mostly Cloudy,7,6,9
10:02:08,Mostly Cloudy,7,6,9
10:04:08,Mostly Cloudy,7,6,9
10:06:09,Mostly Cloudy,7,6,9
10:08:09,Mostly Cloudy,7,6,9
10:10:08,Mostly Cloudy,7,6,9
10:12:08,Mostly Cloudy,7,6,8
10:14:09,Mostly Cloudy,7,6,8
10:16:09,Mostly Cloudy,7,6,8
10:18:08,Mostly Cloudy,7,6,8
10:20:09,Mostly Cloudy,7,6,8
10:22:09,Mostly Cloudy,7,6,8
10:24:09,Mostly Cloudy,7,6,8
10:26:09,Mostly Cloudy,7,6,8
10:28:09,Mostly Cloudy,7,6,8
10:30:08,Mostly Cloudy,7,6,8
10:32:09,Mostly Cloudy,7,6,8
10:34:09,Mostly Cloudy,7,6,8
10:36:09,Mostly Cloudy,7,6,8
10:38:08,Mostly Cloudy,7,6,8
10:40:08,Mostly Cloudy,7,6,8
10:42:09,Mostly Cloudy,7,6,8
10:44:09,Mostly Cloudy,7,6,8
10:46:08,Mostly Cloudy,7,6,8
10:48:09,Mostly Cloudy,7,7,4
10:50:09,Mostly Cloudy,7,7,4
10:52:08,Mostly Cloudy,7,7,4
10:54:09,Mostly Cloudy,7,7,4
10:56:09,Mostly Cloudy,7,7,4
10:58:09,Mostly Cloudy,7,7,4
11:00:09,Mostly Cloudy,7,7,4
11:02:09,Mostly Cloudy,7,7,4
11:04:09,Mostly Cloudy,7,7,4
11:06:08,Mostly Cloudy,7,7,4
11:08:09,Mostly Cloudy,7,7,4
11:10:09,Mostly Cloudy,7,7,4
11:12:08,Mostly Cloudy,7,7,4
11:14:09,Mostly Cloudy,7,7,4
11:16:09,Partly Cloudy,8,8,4
11:18:08,Partly Cloudy,8,8,4
11:20:09,Partly Cloudy,8,8,4
11:22:09,Partly Cloudy,8,8,4
11:24:09,Partly Cloudy,8,8,4
11:26:09,Partly Cloudy,8,8,4
11:28:09,Partly Cloudy,8,8,4
11:30:08,Partly Cloudy,8,8,4
11:32:09,Partly Cloudy,8,8,4
11:34:09,Partly Cloudy,8,8,4
11:36:08,Partly Cloudy,8,8,4
11:38:08,Partly Cloudy,8,8,4
11:40:08,Fair,10,10,8
11:42:09,Fair,10,10,8
11:44:09,Fair,10,10,8
11:46:09,Fair,10,10,8
11:48:08,Fair,10,10,8
11:50:09,Fair,10,10,8
11:52:09,Fair,10,10,8
11:54:08,Fair,10,10,8
11:56:09,Fair,10,10,8
11:58:09,Fair,10,10,8
12:00:09,Fair,10,10,8
12:02:09,Fair,10,10,8
12:04:08,Fair,10,10,8
12:06:09,Fair,10,10,8
12:08:09,Fair,10,10,8
12:10:08,Fair,11,11,8
12:12:09,Fair,11,11,8
12:14:09,Fair,11,11,8
12:16:09,Fair,11,11,8
12:18:09,Fair,11,11,8
12:20:09,Fair,11,11,8
12:22:09,Fair,11,11,8
12:24:08,Fair,11,11,8
12:26:08,Fair,11,11,8
12:28:09,Fair,11,11,8
12:30:09,Fair,11,11,8
12:32:08,Fair,11,11,8
12:34:08,Fair,11,11,8
12:36:09,Fair,11,11,8
12:38:09,Fair,11,11,8
12:40:09,Fair,11,11,8
12:42:09,Fair,11,11,8
12:44:09,Fair,11,11,8
12:46:09,Fair,11,11,8
12:48:09,Fair,11,11,8
12:50:08,Fair,11,11,8
12:52:08,Fair,11,11,8
12:54:09,Fair,11,11,8
12:56:09,Fair,11,11,8
12:58:09,Fair,11,11,8
13:00:08,Fair,11,11,8
13:02:09,Fair,11,11,8
13:04:09,Fair,11,11,8
13:06:08,Fair,11,11,8
13:08:09,Fair,11,11,8
13:10:09,Fair,11,11,4
13:12:08,Fair,11,11,4
13:14:09,Fair,11,11,4
13:16:09,Fair,11,11,4
13:18:09,Fair,11,11,4
13:20:09,Fair,11,11,4
13:22:09,Fair,11,11,4
13:24:08,Fair,11,11,4
13:26:09,Fair,11,11,4
13:28:09,Fair,11,11,4
13:30:09,Fair,11,11,4
13:32:09,Fair,11,11,4
13:34:09,Fair,11,11,4
13:36:09,Fair,11,11,4
13:38:08,Fair,11,11,4
13:40:08,Fair,12,12,4
13:42:09,Fair,12,12,4
13:44:09,Fair,12,12,4
13:46:09,Fair,12,12,4
13:48:08,Fair,12,12,4
13:50:09,Fair,12,12,4
13:52:09,Fair,12,12,4
13:54:08,Fair,12,12,4
13:56:09,Fair,12,12,4
13:58:09,Fair,12,12,4
14:00:09,Fair,12,12,4
14:02:09,Fair,12,12,4
14:04:09,Fair,12,12,4
14:06:09,Fair,12,12,4
14:08:09,Fair,12,12,4
14:10:08,Fair,12,12,4
14:12:09,Fair,12,12,4
14:14:09,Fair,12,12,4
14:16:09,Fair,12,12,8
14:18:09,Fair,12,12,8
14:20:09,Fair,12,12,8
14:22:09,Fair,12,12,8
14:24:08,Fair,12,12,8
14:26:09,Fair,12,12,8
14:28:09,Fair,12,12,8
14:30:09,Fair,12,12,8
14:32:08,Fair,12,12,8
14:34:08,Fair,12,12,8
14:36:09,Fair,12,12,8
14:38:09,Fair,12,12,8
14:40:08,Fair,12,12,9
14:42:08,Fair,12,12,9
14:44:09,Fair,12,12,9
14:46:09,Fair,12,12,9
14:48:08,Fair,12,12,9
14:50:08,Fair,12,12,9
14:52:09,Fair,12,12,9
14:54:09,Fair,12,12,9
14:56:08,Fair,12,12,9
14:58:08,Fair,12,12,9
15:00:09,Fair,12,12,9
15:02:08,Fair,12,12,9
15:04:08,Fair,12,12,9
15:06:09,Fair,12,12,9
15:08:09,Fair,12,12,9
15:10:09,Fair,12,12,9
15:12:09,Fair,12,12,9
15:14:09,Fair,12,12,9
15:16:08,Fair,12,12,8
15:18:09,Fair,12,12,8
15:20:08,Fair,12,12,8
15:22:08,Fair,12,12,8
15:24:09,Fair,12,12,8
15:26:09,Fair,12,12,8
15:28:08,Fair,12,12,8
15:30:09,Fair,12,12,8
15:32:09,Fair,12,12,8
15:34:09,Fair,12,12,8
15:36:09,Fair,12,12,8
15:38:09,Fair,12,12,8
15:40:09,Fair,12,12,8
15:42:09,Fair,12,12,8
15:44:09,Fair,12,12,8
15:46:08,Fair,12,12,4
15:48:09,Fair,12,12,4
15:50:09,Fair,12,12,4
15:52:09,Fair,12,12,4
15:54:08,Fair,12,12,4
15:56:08,Fair,12,12,4
15:58:09,Fair,12,12,4
16:00:09,Fair,12,12,4
16:02:08,Fair,12,12,4
16:04:08,Fair,12,12,4
16:06:09,Fair,12,12,4
16:08:09,Fair,12,12,4
16:10:09,Fair,12,12,4
16:12:09,Fair,12,12,4
16:14:08,Fair,12,12,4
16:16:08,Fair,12,12,9
16:18:09,Fair,12,12,9
16:20:09,Fair,12,12,9
16:22:09,Fair,12,12,9
16:24:08,Fair,12,12,9
16:26:09,Fair,12,12,9
16:28:09,Fair,12,12,9
16:30:09,Fair,12,12,9
16:32:08,Fair,12,12,9
16:34:08,Fair,12,12,9
16:36:09,Fair,12,12,9
16:38:09,Fair,12,12,9
16:40:09,Fair,12,12,9
16:42:08,Fair,12,12,9
16:44:09,Fair,12,12,9
16:46:09,Fair,12,12,9
16:48:08,Fair,12,12,9
16:50:09,Fair,12,12,9
16:52:09,Fair,12,12,9
16:54:09,Fair,12,12,9
16:56:09,Fair,12,12,9
16:58:08,Fair,12,12,9
17:00:09,Fair,12,12,9
17:02:09,Fair,12,12,9
17:04:09,Fair,12,12,9
17:06:09,Fair,12,12,9
17:08:09,Fair,12,12,9
17:10:09,Fair,12,12,9
17:12:09,Fair,12,12,9
17:14:09,Fair,12,12,9
17:16:08,Fair,12,12,9
17:18:09,Fair,12,12,9
17:20:08,Fair,12,12,9
17:22:08,Fair,12,12,9
17:24:09,Fair,12,12,9
17:26:08,Fair,12,12,9
17:28:08,Fair,12,12,9
17:30:09,Fair,12,12,9
17:32:09,Fair,12,12,9
17:34:09,Fair,12,12,9
17:36:08,Fair,12,12,9
17:38:09,Fair,12,12,9
17:40:09,Fair,12,12,9
17:42:09,Fair,12,12,9
17:44:09,Fair,12,12,9
17:46:09,Fair,12,12,9
17:48:09,Fair,12,12,9
17:50:09,Fair,12,12,9
17:52:08,Fair,12,12,9
17:54:09,Fair,12,12,9
17:56:09,Fair,12,12,9
17:58:09,Fair,12,12,9
18:00:08,Fair,12,12,9
18:02:08,Fair,12,12,9
18:04:09,Fair,12,12,9
18:06:09,Fair,12,12,9
18:08:09,Fair,12,12,9
18:10:08,Fair,12,12,9
18:12:09,Fair,12,12,9
18:14:09,Fair,12,12,4
18:16:09,Fair,12,12,4
18:18:09,Fair,12,12,4
18:20:08,Fair,12,12,4
18:22:09,Fair,12,12,4
18:24:09,Fair,12,12,4
18:26:08,Fair,12,12,4
18:28:08,Fair,12,12,4
18:30:09,Fair,12,12,4
18:32:09,Fair,12,12,4
18:34:09,Fair,12,12,4
18:36:09,Fair,12,12,4
18:38:09,Fair,12,12,4
18:40:09,Fair,12,12,4
18:42:09,Fair,12,12,4
18:44:08,Fair,12,12,4
18:46:09,Fair,12,12,4
18:48:09,Fair,12,12,4
18:50:09,Fair,12,12,4
18:52:08,Fair,12,12,4
18:54:09,Fair,12,12,4
18:56:08,Fair,12,12,4
18:58:08,Fair,12,12,4
19:00:09,Fair,12,12,4
19:02:09,Fair,12,12,4
19:04:08,Fair,12,12,4
19:06:08,Fair,12,12,4
19:08:09,Fair,12,12,4
19:10:09,Fair,12,12,4
19:12:09,Fair,12,12,4
19:14:09,Fair,12,12,4
19:16:09,Fair,12,12,4
19:18:08,Fair,10,10,9
19:20:08,Fair,10,10,9
19:22:09,Fair,10,10,9
19:24:09,Fair,10,10,9
19:26:09,Fair,10,10,9
19:28:08,Fair,10,10,9
19:30:09,Fair,10,10,9
19:32:08,Fair,10,10,9
19:34:09,Fair,10,10,9
19:36:09,Fair,10,10,9
19:38:08,Fair,10,10,9
19:40:08,Fair,10,10,9
19:42:08,Fair,10,10,9
19:44:09,Fair,10,10,9
19:46:09,Fair,10,10,9
19:48:09,Fair,10,10,9
19:50:09,Fair,10,10,9
19:52:08,Fair,10,10,9
19:54:08,Fair,10,10,9
19:56:09,Fair,10,10,9
19:58:09,Fair,10,10,9
20:00:08,Fair,10,10,9
20:02:08,Fair,10,10,9
20:04:09,Fair,10,10,9
20:06:09,Fair,10,10,9
20:08:08,Fair,10,10,9
20:10:09,Fair,10,10,9
20:12:09,Fair,7,6,9
20:14:08,Fair,7,6,9
20:16:09,Fair,7,6,9
20:18:09,Fair,7,6,9
20:20:08,Fair,7,6,9
20:22:09,Fair,7,6,9
20:24:09,Fair,7,6,9
20:26:09,Fair,7,6,9
20:28:08,Fair,7,6,9
20:30:08,Fair,7,6,9
20:32:09,Fair,7,6,9
20:34:09,Fair,7,6,9
20:36:09,Fair,7,6,9
20:38:08,Fair,7,6,9
20:40:08,Fair,7,6,9
20:42:09,Fair,7,6,9
20:44:09,Fair,7,6,9
20:46:08,Fair,7,6,9
20:48:09,Fair,7,6,9
20:50:09,Fair,7,6,9
20:52:09,Fair,7,6,9
20:54:08,Fair,7,6,9
20:56:09,Fair,7,6,9
20:58:09,Fair,7,6,9
21:00:09,Fair,7,6,9
21:02:08,Fair,7,6,9
21:04:09,Fair,7,6,9
21:06:09,Fair,7,6,9
21:08:09,Fair,7,6,9
21:10:09,Fair,7,6,9
21:12:08,Fair,7,7,1
21:14:08,Fair,7,7,1
21:16:09,Fair,7,7,1
21:18:09,Fair,7,7,1
21:20:08,Fair,7,7,1
21:22:08,Fair,7,7,1
21:24:09,Fair,7,7,1
21:26:09,Fair,7,7,1
21:28:09,Fair,7,7,1
21:30:09,Fair,7,7,1
21:32:08,Fair,7,7,1
21:34:09,Fair,7,7,1
21:36:09,Fair,7,7,1
21:38:09,Fair,7,7,1
21:40:08,Fair,7,7,1
21:42:08,Fair,7,7,1
21:44:09,Fair,7,7,1
21:46:08,Fair,7,7,1
21:48:08,Fair,7,7,1
21:50:09,Fair,7,7,1
21:52:09,Fair,7,7,1
21:54:09,Fair,7,7,1
21:56:09,Fair,7,7,1
21:58:08,Fair,7,7,1
22:00:09,Fair,7,7,1
22:02:09,Fair,7,7,1
22:04:09,Fair,7,7,1
22:06:08,Fair,7,7,1
22:08:09,Fair,7,7,1
22:10:09,Fair,7,7,1
22:12:08,Fair,7,7,1
22:14:09,Fair,7,7,1
22:16:09,Fair,7,7,1
22:18:08,Fair,6,6,1
22:20:09,Fair,6,6,1
22:22:09,Fair,6,6,1
22:24:09,Fair,6,6,1
22:26:08,Fair,6,6,1
22:28:09,Fair,6,6,1
22:30:09,Fair,6,6,1
22:32:09,Fair,6,6,1
22:34:09,Fair,6,6,1
22:36:08,Fair,6,6,1
22:38:08,Fair,6,6,1
22:40:09,Fair,6,6,1
22:42:09,Fair,6,6,1
22:44:09,Fair,6,6,1
22:46:08,Fair,6,6,1
22:48:08,Fair,6,6,1
22:50:09,Fair,6,6,1
22:52:09,Fair,6,6,1
22:54:08,Fair,6,6,1
22:56:08,Fair,6,6,1
22:58:09,Fair,6,6,1
23:00:09,Fair,6,6,1
23:02:08,Fair,6,6,1
23:04:09,Fair,6,6,1
23:06:09,Fair,6,6,1
23:08:08,Fair,6,6,1
23:10:09,Fair,6,6,1
23:12:09,Fair,6,6,1
23:14:09,Fair,6,6,1
23:16:09,Fair,6,6,1
23:18:08,Fair,7,5,11
23:20:09,Fair,7,5,11
23:22:09,Fair,7,5,11
23:24:08,Fair,7,5,11
23:26:09,Fair,7,5,11
23:28:09,Fair,7,5,11
23:30:09,Fair,7,5,11
23:32:08,Fair,7,5,11
23:34:09,Fair,7,5,11
23:36:09,Fair,7,5,11
23:38:08,Fair,7,5,11
23:40:09,Fair,7,5,11
23:42:09,Fair,7,5,11
23:44:09,Fair,7,5,11
23:46:09,Fair,7,5,11
23:48:08,Fair,7,5,11
23:50:09,Fair,7,5,11
23:52:09,Fair,7,5,11
23:54:09,Fair,7,5,11
23:56:09,Fair,7,5,11
23:58:08,Fair,7,5,11
