Time,Weather,Temperature,Feels_Like,Wind_Speed
00:00:08,Light Rain,12,12,12
00:02:09,Light Rain,12,12,12
00:04:09,Light Rain,12,12,12
00:06:09,Light Rain,12,12,12
00:08:08,Light Rain,12,12,12
00:10:09,Light Rain,12,12,12
00:12:09,Light Rain,12,12,12
00:14:09,Mostly Cloudy,12,12,19
00:16:08,Mostly Cloudy,12,12,19
00:18:09,Mostly Cloudy,12,12,19
00:20:09,Mostly Cloudy,12,12,19
00:22:08,Mostly Cloudy,12,12,19
00:24:09,Mostly Cloudy,12,12,19
00:26:09,Mostly Cloudy,12,12,19
00:28:09,Mostly Cloudy,12,12,19
00:30:08,Mostly Cloudy,12,12,19
00:32:08,Mostly Cloudy,12,12,19
00:34:09,Mostly Cloudy,12,12,19
00:36:09,Mostly Cloudy,12,12,19
00:38:08,Mostly Cloudy,12,12,19
00:40:09,Mostly Cloudy,12,12,19
00:42:09,Mostly Cloudy,12,12,19
00:44:08,Mostly Cloudy,12,12,19
00:46:08,Mostly Cloudy,12,12,19
00:48:09,Mostly Cloudy,12,12,19
00:50:09,Mostly Cloudy,12,12,19
00:52:09,Mostly Cloudy,12,12,19
00:54:08,Mostly Cloudy,12,12,19
00:56:08,Mostly Cloudy,12,12,19
00:58:09,Mostly Cloudy,12,12,19
01:00:17,Mostly Cloudy,12,12,19
01:02:08,Mostly Cloudy,12,12,19
01:04:09,Mostly Cloudy,12,12,19
01:06:09,Mostly Cloudy,12,12,19
01:08:08,Light Rain,12,12,16
01:10:09,Light Rain,12,12,16
01:12:09,Light Rain,12,12,16
01:14:09,Light Rain,12,12,16
01:16:08,Light Rain,12,12,16
01:18:09,Light Rain,12,12,16
01:20:09,Light Rain,12,12,16
01:22:08,Light Rain,12,12,16
01:24:09,Light Rain,12,12,16
01:26:09,Light Rain,12,12,16
01:28:09,Light Rain,12,12,16
01:30:08,Light Rain,12,12,16
01:32:09,Light Rain,12,12,16
01:34:09,Light Rain,12,12,16
01:36:09,Light Rain,12,12,16
01:38:08,Light Rain,12,12,16
01:40:09,Light Rain,12,12,16
01:42:09,Light Rain,12,12,16
01:44:08,Light Rain,12,12,16
01:46:09,Light Rain,12,12,16
01:48:09,Light Rain,12,12,16
01:50:08,Light Rain,12,12,16
01:52:09,Light Rain,12,12,16
01:54:09,Light Rain,12,12,16
01:56:08,Light Rain,12,12,16
01:58:09,Light Rain,12,12,16
02:00:09,Light Rain,12,12,16
02:02:09,Light Rain,12,12,16
02:04:09,Light Rain,12,12,16
02:06:09,Light Rain,12,12,16
02:08:09,Light Rain,12,12,16
02:10:09,Light Rain,12,12,16
02:12:08,Light Rain,12,12,16
02:14:08,Light Rain,12,12,16
02:16:09,Light Rain,12,12,16
02:18:09,Light Rain,12,12,16
02:20:08,Light Rain,12,12,14
02:22:09,Light Rain,12,12,14
02:24:09,Light Rain,12,12,14
02:26:09,Light Rain,12,12,14
02:28:08,Light Rain,12,12,14
02:30:09,Light Rain,12,12,14
02:32:09,Light Rain,12,12,14
02:34:09,Light Rain,12,12,14
02:36:09,Light Rain,12,12,14
02:38:09,Light Rain,12,12,14
02:40:08,Light Rain,12,12,14
02:42:08,Light Rain,12,12,14
02:44:09,Light Rain,12,12,14
02:46:09,Light Rain,12,12,14
02:48:08,Light Rain,12,12,14
02:50:08,Light Rain,12,12,14
02:52:09,Light Rain,12,12,14
02:54:09,Light Rain,12,12,14
02:56:09,Light Rain,12,12,14
02:58:08,Light Rain,12,12,14
03:00:09,Light Rain,12,12,14
03:02:09,Light Rain,12,12,14
03:04:08,Light Rain,12,12,14
03:06:09,Light Rain,12,12,14
03:08:08,Light Rain,12,12,14
03:10:09,Light Rain,12,12,14
03:12:09,Light Rain,12,12,14
03:14:08,Light Rain,13,13,16
03:16:09,Light Rain,13,13,16
03:18:08,Light Rain,13,13,16
03:20:09,Light Rain,13,13,16
03:22:09,Light Rain,13,13,16
03:24:09,Light Rain,13,13,16
03:26:08,Light Rain,13,13,16
03:28:09,Light Rain,13,13,16
03:30:09,Light Rain,13,13,16
03:32:09,Light Rain,13,13,16
03:34:09,Light Rain,13,13,16
03:36:09,Light Rain,13,13,16
03:38:08,Light Rain,13,13,16
03:40:09,Light Rain,13,13,16
03:42:09,Light Rain,13,13,16
03:44:09,Light Rain,13,13,16
03:46:09,Light Rain,13,13,16
03:48:09,Light Rain,13,13,16
03:50:09,Light Rain,13,13,16
03:52:08,Light Rain,13,13,16
03:54:09,Light Rain,13,13,16
03:56:09,Light Rain,13,13,16
03:58:09,Light Rain,13,13,16
04:00:09,Light Rain,13,13,16
04:02:08,Light Rain,13,13,16
04:04:09,Light Rain,13,13,16
04:06:09,Light Rain,13,13,16
04:08:08,Mostly Cloudy,15,15,27
04:10:09,Mostly Cloudy,15,15,27
04:12:09,Mostly Cloudy,15,15,27
04:14:09,Mostly Cloudy,15,15,27
04:16:09,Mostly Cloudy,15,15,27
04:18:09,Mostly Cloudy,15,15,27
04:20:08,Mostly Cloudy,15,15,27
04:22:09,Mostly Cloudy,15,15,27
04:24:09,Mostly Cloudy,15,15,27
04:26:08,Mostly Cloudy,15,15,27
04:28:09,Mostly Cloudy,15,15,27
04:30:09,Mostly Cloudy,15,15,27
04:32:09,Mostly Cloudy,15,15,27
04:34:09,Mostly Cloudy,15,15,27
04:36:08,Mostly Cloudy,15,15,27
04:38:09,Mostly Cloudy,15,15,27
04:40:09,Mostly Cloudy,15,15,27
04:42:09,Mostly Cloudy,15,15,27
04:44:08,Mostly Cloudy,15,15,27
04:46:09,Mostly Cloudy,15,15,27
04:48:09,Mostly Cloudy,15,15,27
04:50:09,Mostly Cloudy,15,15,27
04:52:09,Mostly Cloudy,15,15,27
04:54:09,Mostly Cloudy,15,15,27
04:56:09,Mostly Cloudy,15,15,27
04:58:08,Mostly Cloudy,15,15,27
05:00:08,Mostly Cloudy,15,15,27
05:02:09,Mostly Cloudy,15,15,27
05:04:08,Mostly Cloudy,15,15,27
05:06:09,Mostly Cloudy,15,15,27
05:08:09,Mostly Cloudy / Windy,15,15,40
05:10:09,Mostly Cloudy / Windy,15,15,40
05:12:09,Mostly Cloudy / Windy,15,15,40
05:14:09,Mostly Cloudy / Windy,15,15,40
05:16:09,Mostly Cloudy / Windy,15,15,40
05:18:09,Mostly Cloudy / Windy,15,15,40
05:20:09,Mostly Cloudy / Windy,15,15,40
05:22:08,Mostly Cloudy / Windy,15,15,40
05:24:09,Mostly Cloudy / Windy,15,15,40
05:26:09,Mostly Cloudy / Windy,15,15,40
05:28:09,Mostly Cloudy / Windy,15,15,40
05:30:08,Mostly Cloudy / Windy,15,15,40
05:32:09,Mostly Cloudy / Windy,15,15,40
05:34:08,Mostly Cloudy / Windy,15,15,40
05:36:09,Mostly Cloudy / Windy,15,15,40
05:38:09,Mostly Cloudy / Windy,15,15,40
05:40:08,Mostly Cloudy / Windy,15,15,40
05:42:09,Mostly Cloudy / Windy,15,15,40
05:44:09,Mostly Cloudy / Windy,15,15,40
05:46:08,Mostly Cloudy / Windy,15,15,40
05:48:08,Mostly Cloudy / Windy,15,15,40
05:50:09,Mostly Cloudy / Windy,15,15,40
05:52:08,Mostly Cloudy / Windy,15,15,40
05:54:08,Mostly Cloudy / Windy,15,15,40
05:56:09,Mostly Cloudy / Windy,15,15,40
05:58:08,Mostly Cloudy / Windy,15,15,40
06:00:08,Mostly Cloudy / Windy,15,15,40
06:02:09,Mostly Cloudy / Windy,15,15,40
06:04:09,Mostly Cloudy / Windy,15,15,40
06:06:09,Mostly Cloudy / Windy,15,15,40
06:08:08,Mostly Cloudy,15,15,27
06:10:09,Mostly Cloudy,15,15,27
06:12:09,Mostly Cloudy,15,15,27
06:14:09,Mostly Cloudy,15,15,27
06:16:08,Mostly Cloudy,15,15,27
06:18:09,Mostly Cloudy,15,15,27
06:20:09,Mostly Cloudy,15,15,27
06:22:08,Mostly Cloudy,15,15,27
06:24:09,Mostly Cloudy,15,15,27
06:26:08,Mostly Cloudy,15,15,27
06:28:09,Mostly Cloudy,15,15,27
06:30:09,Mostly Cloudy,15,15,27
06:32:08,Mostly Cloudy,15,15,27
06:34:09,Mostly Cloudy,15,15,27
06:36:09,Mostly Cloudy,15,15,27
06:38:09,Mostly Cloudy,15,15,27
06:40:09,Mostly Cloudy,15,15,27
06:42:09,Mostly Cloudy,15,15,27
06:44:09,Mostly Cloudy,15,15,27
06:46:09,Mostly Cloudy,15,15,27
06:48:09,Mostly Cloudy,15,15,27
06:50:08,Mostly Cloudy,15,15,27
06:52:08,Mostly Cloudy,15,15,27
06:54:09,Mostly Cloudy,15,15,27
06:56:09,Mostly Cloudy,15,15,27
06:58:09,Mostly Cloudy,15,15,27
07:00:09,Mostly Cloudy,15,15,27
07:02:09,Mostly Cloudy,15,15,27
07:04:09,Mostly Cloudy,15,15,27
07:06:09,Mostly Cloudy,15,15,27
07:08:09,Mostly Cloudy,15,15,27
07:10:09,Mostly Cloudy,15,15,27
07:12:09,Mostly Cloudy,15,15,27
07:14:08,Mostly Cloudy,15,15,27
07:16:08,Mostly Cloudy,16,16,24
07:18:08,Mostly Cloudy,16,16,24
07:20:09,Mostly Cloudy,16,16,24
07:22:09,Mostly Cloudy,16,16,24
07:24:08,Mostly Cloudy,16,16,24
07:26:08,Mostly Cloudy,16,16,24
07:28:09,Mostly Cloudy,16,16,24
07:30:09,Mostly Cloudy,16,16,24
07:32:08,Mostly Cloudy,16,16,24
07:34:09,Mostly Cloudy,16,16,24
07:36:09,Mostly Cloudy,16,16,24
07:38:09,Mostly Cloudy,16,16,24
07:40:08,Mostly Cloudy,16,16,24
07:42:09,Mostly Cloudy,16,16,24
07:44:09,Mostly Cloudy,16,16,24
07:46:09,Mostly Cloudy,16,16,24
07:48:08,Mostly Cloudy,16,16,24
07:50:09,Mostly Cloudy,16,16,24
07:52:09,Mostly Cloudy,16,16,24
07:54:08,Mostly Cloudy,16,16,24
07:56:08,Mostly Cloudy,16,16,24
07:58:09,Mostly Cloudy,16,16,24
08:00:09,Mostly Cloudy,16,16,24
08:02:08,Mostly Cloudy,16,16,24
08:04:09,Mostly Cloudy,16,16,24
08:06:09,Mostly Cloudy,16,16,24
08:08:09,Mostly Cloudy,16,16,24
08:10:09,Mostly Cloudy,16,16,24
08:12:09,Mostly Cloudy,16,16,24
08:14:08,Mostly Cloudy,16,16,24
08:16:09,Mostly Cloudy,16,16,24
08:18:09,Mostly Cloudy,16,16,24
08:20:09,Mostly Cloudy,16,16,24
08:22:09,Mostly Cloudy,16,16,24
08:24:09,Mostly Cloudy,16,16,24
08:26:09,Mostly Cloudy,16,16,24
08:28:08,Mostly Cloudy,16,16,24
08:30:09,Mostly Cloudy,16,16,24
08:32:09,Mostly Cloudy,16,16,24
08:34:09,Mostly Cloudy,16,16,24
08:36:09,Mostly Cloudy,16,16,24
08:38:09,Mostly Cloudy,16,16,24
08:40:09,Mostly Cloudy,16,16,24
08:42:08,Mostly Cloudy,16,16,24
08:44:09,Mostly Cloudy,16,16,24
08:46:09,Mostly Cloudy,16,16,24
08:48:08,Mostly Cloudy,16,16,24
08:50:08,Mostly Cloudy,16,16,24
08:52:09,Mostly Cloudy,16,16,24
08:54:09,Mostly Cloudy,16,16,24
08:56:09,Mostly Cloudy,16,16,24
08:58:09,Mostly Cloudy,16,16,24
09:00:09,Mostly Cloudy,16,16,24
09:02:08,Mostly Cloudy,16,16,24
09:04:08,Mostly Cloudy,16,16,24
09:06:09,Mostly Cloudy,16,16,24
09:08:09,Mostly Cloudy,17,17,28
09:10:09,Mostly Cloudy,17,17,28
09:12:09,Mostly Cloudy,17,17,28
09:14:09,Mostly Cloudy,17,17,28
09:16:09,Mostly Cloudy,17,17,28
09:18:09,Mostly Cloudy,17,17,28
09:20:09,Mostly Cloudy,17,17,28
09:22:09,Mostly Cloudy,17,17,28
09:24:09,Mostly Cloudy,17,17,28
09:26:08,Mostly Cloudy,17,17,28
09:28:09,Mostly Cloudy,17,17,28
09:30:09,Mostly Cloudy,17,17,28
09:32:08,Mostly Cloudy,17,17,28
09:34:09,Mostly Cloudy,17,17,28
09:36:09,Mostly Cloudy,17,17,28
09:38:08,Mostly Cloudy,17,17,28
09:40:09,Mostly Cloudy,17,17,28
09:42:08,Mostly Cloudy,17,17,28
09:44:08,Mostly Cloudy,17,17,28
09:46:09,Mostly Cloudy,17,17,28
09:48:09,Mostly Cloudy,17,17,28
09:50:08,Mostly Cloudy,17,17,28
09:52:09,Mostly Cloudy,17,17,28
09:54:09,Mostly Cloudy,17,17,28
09:56:09,Mostly Cloudy,17,17,28
09:58:08,Mostly Cloudy,17,17,28
10:00:09,Mostly Cloudy,17,17,28
10:02:09,Mostly Cloudy,17,17,28
10:04:08,Mostly Cloudy,17,17,28
10:06:09,Mostly Cloudy,17,17,28
10:08:09,Mostly Cloudy,17,17,28
10:10:09,Mostly Cloudy,17,17,28
10:12:09,Mostly Cloudy,17,17,28
10:14:09,Mostly Cloudy,17,17,32
10:16:08,Mostly Cloudy,17,17,32
10:18:09,Mostly Cloudy,17,17,32
10:20:09,Mostly Cloudy,17,17,32
10:22:09,Mostly Cloudy,17,17,32
10:24:08,Mostly Cloudy,17,17,32
10:26:08,Mostly Cloudy,17,17,32
10:28:09,Mostly Cloudy,17,17,32
10:30:09,Mostly Cloudy,17,17,32
10:32:08,Mostly Cloudy,17,17,32
10:34:08,Mostly Cloudy,17,17,32
10:36:09,Mostly Cloudy,17,17,32
10:38:09,Mostly Cloudy,17,17,32
10:40:08,Mostly Cloudy,17,17,32
10:42:09,Mostly Cloudy,17,17,32
10:44:09,Mostly Cloudy,17,17,32
10:46:09,Mostly Cloudy,17,17,32
10:48:08,Mostly Cloudy,17,17,32
10:50:08,Mostly Cloudy,17,17,32
10:52:09,Mostly Cloudy,17,17,32
10:54:09,Mostly Cloudy,17,17,32
10:56:09,Mostly Cloudy,17,17,32
10:58:09,Mostly Cloudy,17,17,32
11:00:08,Mostly Cloudy,17,17,32
11:02:09,Mostly Cloudy,17,17,32
11:04:09,Mostly Cloudy,17,17,32
11:06:08,Mostly Cloudy,17,17,32
11:08:09,Mostly Cloudy,17,17,32
11:10:09,Mostly Cloudy,17,17,32
11:12:09,Mostly Cloudy,17,17,32
11:14:09,Mostly Cloudy / Windy,17,17,38
11:16:08,Mostly Cloudy / Windy,17,17,38
11:18:09,Mostly Cloudy / Windy,17,17,38
11:20:09,Mostly Cloudy / Windy,17,17,38
11:22:09,Mostly Cloudy / Windy,17,17,38
11:24:09,Mostly Cloudy / Windy,17,17,38
11:26:09,Mostly Cloudy / Windy,17,17,38
11:28:08,Mostly Cloudy / Windy,17,17,38
11:30:08,Mostly Cloudy / Windy,17,17,38
11:32:09,Mostly Cloudy / Windy,17,17,38
11:34:09,Mostly Cloudy / Windy,17,17,38
11:36:09,Mostly Cloudy / Windy,17,17,38
11:38:09,Mostly Cloudy / Windy,17,17,38
11:40:09,Mostly Cloudy / Windy,17,17,38
11:42:08,Mostly Cloudy / Windy,17,17,38
11:44:09,Mostly Cloudy / Windy,17,17,38
11:46:09,Mostly Cloudy / Windy,17,17,38
11:48:08,Mostly Cloudy / Windy,17,17,38
11:50:09,Mostly Cloudy / Windy,17,17,38
11:52:08,Mostly Cloudy / Windy,17,17,38
11:54:09,Mostly Cloudy / Windy,17,17,38
11:56:09,Mostly Cloudy / Windy,17,17,38
11:58:08,Mostly Cloudy / Windy,17,17,38
12:00:09,Mostly Cloudy / Windy,17,17,38
12:02:09,Mostly Cloudy / Windy,17,17,38
12:04:08,Mostly Cloudy / Windy,17,17,38
12:06:09,Mostly Cloudy / Windy,17,17,38
12:08:09,Mostly Cloudy / Windy,17,17,38
12:10:09,Mostly Cloudy / Windy,17,17,38
12:12:08,Mostly Cloudy / Windy,17,17,38
12:14:09,Mostly Cloudy / Windy,17,17,37
12:16:09,Mostly Cloudy / Windy,17,17,37
12:18:09,Mostly Cloudy / Windy,17,17,37
12:20:09,Mostly Cloudy / Windy,17,17,37
12:22:08,Mostly Cloudy / Windy,17,17,37
12:24:08,Mostly Cloudy / Windy,17,17,37
12:26:09,Mostly Cloudy / Windy,17,17,37
12:28:09,Mostly Cloudy / Windy,17,17,37
12:30:08,Mostly Cloudy / Windy,17,17,37
12:32:09,Mostly Cloudy / Windy,17,17,37
12:34:09,Mostly Cloudy / Windy,17,17,37
12:36:08,Mostly Cloudy / Windy,17,17,37
12:38:09,Mostly Cloudy / Windy,17,17,37
12:40:09,Mostly Cloudy / Windy,17,17,37
12:42:08,Mostly Cloudy / Windy,17,17,37
12:44:08,Mostly Cloudy / Windy,17,17,37
12:46:09,Mostly Cloudy / Windy,17,17,37
12:48:09,Mostly Cloudy / Windy,17,17,37
12:50:08,Mostly Cloudy / Windy,17,17,37
12:52:09,Mostly Cloudy / Windy,17,17,37
12:54:09,Mostly Cloudy / Windy,17,17,37
12:56:09,Mostly Cloudy / Windy,17,17,37
12:58:08,Mostly Cloudy / Windy,17,17,37
13:00:08,Mostly Cloudy / Windy,17,17,37
13:02:09,Mostly Cloudy / Windy,17,17,37
13:04:09,Mostly Cloudy / Windy,17,17,37
13:06:09,Mostly Cloudy / Windy,17,17,37
13:08:09,Mostly Cloudy / Windy,17,17,37
13:10:09,Mostly Cloudy / Windy,17,17,37
13:12:09,Mostly Cloudy / Windy,17,17,37
13:14:08,Partly Cloudy / Windy,17,17,35
13:16:09,Partly Cloudy / Windy,17,17,35
13:18:08,Partly Cloudy / Windy,17,17,35
13:20:08,Partly Cloudy / Windy,17,17,35
13:22:09,Partly Cloudy / Windy,17,17,35
13:24:09,Partly Cloudy / Windy,17,17,35
13:26:09,Partly Cloudy / Windy,17,17,35
13:28:08,Partly Cloudy / Windy,17,17,35
13:30:09,Partly Cloudy / Windy,17,17,35
13:32:09,Partly Cloudy / Windy,17,17,35
13:34:09,Partly Cloudy / Windy,17,17,35
13:36:09,Partly Cloudy / Windy,17,17,35
13:38:09,Partly Cloudy / Windy,17,17,35
13:40:08,Partly Cloudy / Windy,17,17,35
13:42:09,Partly Cloudy / Windy,17,17,35
13:44:09,Partly Cloudy / Windy,17,17,35
13:46:08,Partly Cloudy / Windy,17,17,35
13:48:08,Partly Cloudy / Windy,17,17,35
13:50:08,Partly Cloudy / Windy,17,17,35
13:52:09,Partly Cloudy / Windy,17,17,35
13:54:09,Partly Cloudy / Windy,17,17,35
13:56:09,Partly Cloudy / Windy,17,17,35
13:58:09,Partly Cloudy / Windy,17,17,35
14:00:09,Partly Cloudy / Windy,17,17,35
14:02:08,Partly Cloudy / Windy,17,17,35
14:04:09,Partly Cloudy / Windy,17,17,35
14:06:09,Partly Cloudy / Windy,17,17,35
14:08:08,Partly Cloudy,18,18,32
14:10:09,Partly Cloudy,18,18,32
14:12:08,Partly Cloudy,18,18,32
14:14:08,Partly Cloudy,18,18,32
14:16:09,Partly Cloudy,18,18,32
14:18:08,Partly Cloudy,18,18,32
14:20:09,Partly Cloudy,18,18,32
14:22:09,Partly Cloudy,18,18,32
14:24:09,Partly Cloudy,18,18,32
14:26:08,Partly Cloudy,18,18,32
14:28:09,Partly Cloudy,18,18,32
14:30:09,Partly Cloudy,18,18,32
14:32:09,Partly Cloudy,18,18,32
14:34:08,Partly Cloudy,18,18,32
14:36:09,Partly Cloudy,18,18,32
14:38:09,Partly Cloudy,18,18,32
14:40:08,Partly Cloudy,18,18,32
14:42:09,Partly Cloudy,18,18,32
14:44:09,Partly Cloudy,18,18,32
14:46:09,Partly Cloudy,18,18,32
14:48:08,Partly Cloudy,18,18,32
14:50:09,Partly Cloudy,18,18,32
14:52:09,Partly Cloudy,18,18,32
14:54:08,Partly Cloudy,18,18,32
14:56:08,Partly Cloudy,18,18,32
14:58:09,Partly Cloudy,18,18,32
15:00:09,Partly Cloudy,18,18,32
15:02:08,Partly Cloudy,18,18,32
15:04:09,Partly Cloudy,18,18,32
15:06:09,Partly Cloudy,18,18,32
15:08:08,Partly Cloudy,18,18,32
15:10:09,Partly Cloudy,18,18,32
15:12:09,Partly Cloudy,18,18,32
15:14:09,Partly Cloudy,18,18,32
15:16:08,Partly Cloudy,18,18,32
15:18:09,Partly Cloudy,18,18,32
15:20:09,Partly Cloudy / Windy,18,18,37
15:22:08,Partly Cloudy / Windy,18,18,37
15:24:09,Partly Cloudy / Windy,18,18,37
15:26:09,Partly Cloudy / Windy,18,18,37
15:28:08,Partly Cloudy / Windy,18,18,37
15:30:08,Partly Cloudy / Windy,18,18,37
15:32:09,Partly Cloudy / Windy,18,18,37
15:34:09,Partly Cloudy / Windy,18,18,37
15:36:08,Partly Cloudy / Windy,18,18,37
15:38:09,Partly Cloudy / Windy,18,18,37
15:40:09,Partly Cloudy / Windy,18,18,37
15:42:09,Partly Cloudy / Windy,18,18,37
15:44:09,Partly Cloudy / Windy,18,18,37
15:46:08,Partly Cloudy / Windy,18,18,37
15:48:09,Partly Cloudy / Windy,18,18,37
15:50:09,Partly Cloudy / Windy,18,18,37
15:52:08,Partly Cloudy / Windy,18,18,37
15:54:09,Partly Cloudy / Windy,18,18,37
15:56:09,Partly Cloudy / Windy,18,18,37
15:58:08,Partly Cloudy / Windy,18,18,37
16:00:08,Partly Cloudy / Windy,18,18,37
16:02:09,Partly Cloudy / Windy,18,18,37
16:04:09,Partly Cloudy / Windy,18,18,37
16:06:08,Partly Cloudy / Windy,18,18,37
16:08:09,Partly Cloudy / Windy,18,18,37
16:10:09,Partly Cloudy / Windy,18,18,37
16:12:08,Partly Cloudy / Windy,18,18,37
16:14:09,Partly Cloudy / Windy,18,18,37
16:16:09,Partly Cloudy / Windy,18,18,37
16:18:08,Partly Cloudy / Windy,18,18,37
16:20:08,Partly Cloudy / Windy,18,18,41
16:22:09,Partly Cloudy / Windy,18,18,41
16:24:09,Partly Cloudy / Windy,18,18,41
16:26:08,Partly Cloudy / Windy,18,18,41
16:28:09,Partly Cloudy / Windy,18,18,41
16:30:09,Partly Cloudy / Windy,18,18,41
16:32:08,Partly Cloudy / Windy,18,18,41
16:34:09,Partly Cloudy / Windy,18,18,41
16:36:09,Partly Cloudy / Windy,18,18,41
16:38:08,Partly Cloudy / Windy,18,18,41
16:40:09,Partly Cloudy / Windy,18,18,41
16:42:09,Partly Cloudy / Windy,18,18,41
16:44:08,Partly Cloudy / Windy,18,18,41
16:46:09,Partly Cloudy / Windy,18,18,41
16:48:09,Partly Cloudy / Windy,18,18,41
16:50:08,Partly Cloudy / Windy,18,18,41
16:52:09,Partly Cloudy / Windy,18,18,41
16:54:09,Partly Cloudy / Windy,18,18,41
16:56:08,Partly Cloudy / Windy,18,18,41
16:58:09,Partly Cloudy / Windy,18,18,41
17:00:09,Partly Cloudy / Windy,18,18,41
17:02:09,Partly Cloudy / Windy,18,18,41
17:04:09,Partly Cloudy / Windy,18,18,41
17:06:09,Partly Cloudy / Windy,18,18,41
17:08:08,Partly Cloudy / Windy,18,18,41
17:10:09,Partly Cloudy / Windy,18,18,41
17:12:09,Partly Cloudy / Windy,18,18,41
17:14:09,Partly Cloudy / Windy,17,17,41
17:16:09,Partly Cloudy / Windy,17,17,41
17:18:08,Partly Cloudy / Windy,17,17,41
17:20:09,Partly Cloudy / Windy,17,17,41
17:22:09,Partly Cloudy / Windy,17,17,41
17:24:09,Partly Cloudy / Windy,17,17,41
17:26:08,Partly Cloudy / Windy,17,17,41
17:28:08,Partly Cloudy / Windy,17,17,41
17:30:09,Partly Cloudy / Windy,17,17,41
17:32:09,Partly Cloudy / Windy,17,17,41
17:34:09,Partly Cloudy / Windy,17,17,41
17:36:08,Partly Cloudy / Windy,17,17,41
17:38:09,Partly Cloudy / Windy,17,17,41
17:40:09,Partly Cloudy / Windy,17,17,41
17:42:09,Partly Cloudy / Windy,17,17,41
17:44:08,Partly Cloudy / Windy,17,17,41
17:46:08,Partly Cloudy / Windy,17,17,41
17:48:09,Partly Cloudy / Windy,17,17,41
17:50:09,Partly Cloudy / Windy,17,17,41
17:52:09,Partly Cloudy / Windy,17,17,41
17:54:09,Partly Cloudy / Windy,17,17,41
17:56:08,Partly Cloudy / Windy,17,17,41
17:58:08,Partly Cloudy / Windy,17,17,41
18:00:09,Partly Cloudy / Windy,17,17,41
18:02:09,Partly Cloudy / Windy,17,17,41
18:04:09,Partly Cloudy / Windy,17,17,41
18:06:08,Partly Cloudy / Windy,17,17,41
18:08:09,Partly Cloudy / Windy,17,17,41
18:10:09,Partly Cloudy / Windy,17,17,41
18:12:09,Partly Cloudy / Windy,17,17,41
18:14:09,Partly Cloudy / Windy,17,17,41
18:16:09,Fair / Windy,17,17,41
18:18:09,Fair / Windy,17,17,41
18:20:09,Fair / Windy,17,17,41
18:22:09,Fair / Windy,17,17,41
18:24:09,Fair / Windy,17,17,41
18:26:09,Fair / Windy,17,17,41
18:28:09,Fair / Windy,17,17,41
18:30:09,Fair / Windy,17,17,41
18:32:09,Fair / Windy,17,17,41
18:34:09,Fair / Windy,17,17,41
18:36:09,Fair / Windy,17,17,41
18:38:09,Fair / Windy,17,17,41
18:40:09,Fair / Windy,17,17,41
18:42:08,Fair / Windy,17,17,41
18:44:09,Fair / Windy,17,17,41
18:46:09,Fair / Windy,17,17,41
18:48:09,Fair / Windy,17,17,41
18:50:09,Fair / Windy,17,17,41
18:52:08,Fair / Windy,17,17,41
18:54:09,Fair / Windy,17,17,41
18:56:09,Fair / Windy,17,17,41
18:58:09,Fair / Windy,17,17,41
19:00:09,Fair / Windy,17,17,41
19:02:08,Fair / Windy,17,17,41
19:04:08,Fair / Windy,17,17,41
19:06:09,Fair / Windy,17,17,41
19:08:09,Fair / Windy,17,17,41
19:10:08,Partly Cloudy,16,16,28
19:12:09,Partly Cloudy,16,16,28
19:14:09,Partly Cloudy,16,16,28
19:16:09,Partly Cloudy,16,16,28
19:18:09,Partly Cloudy,16,16,28
19:20:09,Partly Cloudy,16,16,28
19:22:09,Partly Cloudy,16,16,28
19:24:08,Partly Cloudy,16,16,28
19:26:08,Partly Cloudy,16,16,28
19:28:09,Partly Cloudy,16,16,28
19:30:09,Partly Cloudy,16,16,28
19:32:09,Partly Cloudy,16,16,28
19:34:08,Partly Cloudy,16,16,28
19:36:09,Partly Cloudy,16,16,28
19:38:09,Partly Cloudy,16,16,28
19:40:08,Partly Cloudy,16,16,28
19:42:09,Partly Cloudy,16,16,28
19:44:09,Partly Cloudy,16,16,28
19:46:09,Partly Cloudy,16,16,28
19:48:09,Partly Cloudy,16,16,28
19:50:08,Partly Cloudy,16,16,28
19:52:09,Partly Cloudy,16,16,28
19:54:09,Partly Cloudy,16,16,28
19:56:09,Partly Cloudy,16,16,28
19:58:08,Partly Cloudy,16,16,28
20:00:09,Partly Cloudy,16,16,28
20:02:09,Partly Cloudy,16,16,28
20:04:09,Partly Cloudy,16,16,28
20:06:09,Partly Cloudy,16,16,28
20:08:09,Partly Cloudy,16,16,28
20:10:08,Partly Cloudy,16,16,28
20:12:09,Mostly Cloudy,15,15,32
20:14:09,Mostly Cloudy,15,15,32
20:16:09,Mostly Cloudy,15,15,32
20:18:08,Mostly Cloudy,15,15,32
20:20:08,Mostly Cloudy,15,15,32
20:22:09,Mostly Cloudy,15,15,32
20:24:09,Mostly Cloudy,15,15,32
20:26:09,Mostly Cloudy,15,15,32
20:28:08,Mostly Cloudy,15,15,32
20:30:08,Mostly Cloudy,15,15,32
20:32:09,Mostly Cloudy,15,15,32
20:34:08,Mostly Cloudy,15,15,32
20:36:09,Mostly Cloudy,15,15,32
20:38:09,Mostly Cloudy,15,15,32
20:40:09,Mostly Cloudy,15,15,32
20:42:08,Mostly Cloudy,15,15,32
20:44:09,Mostly Cloudy,15,15,32
20:46:09,Mostly Cloudy,15,15,32
20:48:09,Mostly Cloudy,15,15,32
20:50:08,Mostly Cloudy,15,15,32
20:52:09,Mostly Cloudy,15,15,32
20:54:09,Mostly Cloudy,15,15,32
20:56:09,Mostly Cloudy,15,15,32
20:58:08,Mostly Cloudy,15,15,32
21:00:09,Mostly Cloudy,15,15,32
21:02:09,Mostly Cloudy,15,15,32
21:04:08,Mostly Cloudy,15,15,32
21:06:09,Mostly Cloudy,15,15,32
21:08:09,Mostly Cloudy,15,15,32
21:10:09,Mostly Cloudy,15,15,32
21:12:09,Fair,13,13,25
21:14:09,Fair,13,13,25
21:16:09,Fair,13,13,25
21:18:09,Fair,13,13,25
21:20:08,Fair,13,13,25
21:22:09,Fair,13,13,25
21:24:09,Fair,13,13,25
21:26:09,Fair,13,13,25
21:28:08,Fair,13,13,25
21:30:09,Fair,13,13,25
21:32:09,Fair,13,13,25
21:34:08,Fair,13,13,25
21:36:09,Fair,13,13,25
21:38:08,Fair,13,13,25
21:40:08,Fair,13,13,25
21:42:09,Fair,13,13,25
21:44:09,Fair,13,13,25
21:46:08,Fair,13,13,25
21:48:09,Fair,13,13,25
21:50:08,Fair,13,13,25
21:52:08,Fair,13,13,25
21:54:09,Fair,13,13,25
21:56:09,Fair,13,13,25
21:58:09,Fair,13,13,25
22:00:08,Fair,13,13,25
22:02:09,Fair,13,13,25
22:04:09,Fair,13,13,25
22:06:09,Fair,13,13,25
22:08:08,Fair,13,13,25
22:10:08,Fair,13,13,25
22:12:09,Fair,13,13,32
22:14:09,Fair,13,13,32
22:16:08,Fair,13,13,32
22:18:09,Fair,13,13,32
22:20:09,Fair,13,13,32
22:22:08,Fair,13,13,32
22:24:08,Fair,13,13,32
22:26:09,Fair,13,13,32
22:28:09,Fair,13,13,32
22:30:08,Fair,13,13,32
22:32:09,Fair,13,13,32
22:34:09,Fair,13,13,32
22:36:08,Fair,13,13,32
22:38:09,Fair,13,13,32
22:40:09,Fair,13,13,32
22:42:09,Fair,13,13,32
22:44:09,Fair,13,13,32
22:46:08,Fair,13,13,32
22:48:08,Fair,13,13,32
22:50:09,Fair,13,13,32
22:52:09,Fair,13,13,32
22:54:08,Fair,13,13,32
22:56:09,Fair,13,13,32
22:58:09,Fair,13,13,32
23:00:09,Fair,13,13,32
23:02:08,Fair,13,13,32
23:04:09,Fair,13,13,32
23:06:09,Fair,13,13,32
23:08:09,Fair,13,13,32
23:10:09,Fair,13,13,32
23:12:09,Fair,13,13,28
23:14:08,Fair,13,13,28
23:16:09,Fair,13,13,28
23:18:09,Fair,13,13,28
23:20:08,Fair,13,13,28
23:22:09,Fair,13,13,28
23:24:09,Fair,13,13,28
23:26:08,Fair,13,13,28
23:28:09,Fair,13,13,28
23:30:09,Fair,13,13,28
23:32:09,Fair,13,13,28
23:34:09,Fair,13,13,28
23:36:08,Fair,13,13,28
23:38:09,Fair,13,13,28
23:40:09,Fair,13,13,28
23:42:09,Fair,13,13,28
23:44:09,Fair,13,13,28
23:46:09,Fair,13,13,28
23:48:09,Fair,13,13,28
23:50:08,Fair,13,13,28
23:52:08,Fair,13,13,28
23:54:09,Fair,13,13,28
23:56:09,Fair,13,13,28
23:58:08,Fair,13,13,28
