Time,Weather,Temperature,Feels_Like,Wind_Speed
00:00:09,Mostly Cloudy,12,12,12
00:02:08,Mostly Cloudy,12,12,12
00:04:09,Mostly Cloudy,12,12,12
00:06:09,Mostly Cloudy,12,12,12
00:08:08,Mostly Cloudy,12,12,12
00:10:09,Mostly Cloudy,12,12,12
00:12:09,Mostly Cloudy,12,12,12
00:14:08,Mostly Cloudy,12,12,12
00:16:08,Mostly Cloudy,12,12,12
00:18:09,Mostly Cloudy,12,12,12
00:20:09,Mostly Cloudy,12,12,12
00:22:09,Mostly Cloudy,12,12,12
00:24:09,Mostly Cloudy,12,12,12
00:26:09,Mostly Cloudy,12,12,12
00:28:08,Mostly Cloudy,12,12,12
00:30:09,Mostly Cloudy,12,12,12
00:32:09,Mostly Cloudy,12,12,12
00:34:08,Mostly Cloudy,12,12,12
00:36:09,Mostly Cloudy,12,12,12
00:38:09,Mostly Cloudy,12,12,12
00:40:09,Mostly Cloudy,12,12,12
00:42:08,Mostly Cloudy,12,12,12
00:44:09,Mostly Cloudy,12,12,12
00:46:09,Mostly Cloudy,12,12,12
00:48:09,Mostly Cloudy,12,12,12
00:50:08,Mostly Cloudy,12,12,12
00:52:09,Mostly Cloudy,12,12,12
00:54:09,Mostly Cloudy,12,12,12
00:56:08,Mostly Cloudy,12,12,12
00:58:09,Mostly Cloudy,12,12,12
01:00:17,Mostly Cloudy,12,12,12
01:02:09,Mostly Cloudy,12,12,12
01:04:09,Mostly Cloudy,12,12,12
01:06:08,Mostly Cloudy,12,12,12
01:08:08,Mostly Cloudy,12,12,12
01:10:09,Mostly Cloudy,12,12,12
01:12:08,Mostly Cloudy,12,12,12
01:14:09,Mostly Cloudy,12,12,12
01:16:09,Partly Cloudy,11,11,11
01:18:09,Partly Cloudy,11,11,11
01:20:09,Partly Cloudy,11,11,11
01:22:09,Partly Cloudy,11,11,11
01:24:09,Partly Cloudy,11,11,11
01:26:09,Partly Cloudy,11,11,11
01:28:09,Partly Cloudy,11,11,11
01:30:09,Partly Cloudy,11,11,11
01:32:08,Partly Cloudy,11,11,11
01:34:09,Partly Cloudy,11,11,11
01:36:09,Partly Cloudy,11,11,11
01:38:09,Partly Cloudy,11,11,11
01:40:08,Partly Cloudy,11,11,11
01:42:09,Partly Cloudy,11,11,11
01:44:08,Partly Cloudy,11,11,11
01:46:09,Partly Cloudy,11,11,11
01:48:09,Partly Cloudy,11,11,11
01:50:08,Partly Cloudy,11,11,11
01:52:09,Partly Cloudy,11,11,11
01:54:09,Partly Cloudy,11,11,11
01:56:09,Partly Cloudy,11,11,11
01:58:09,Partly Cloudy,11,11,11
02:00:08,Partly Cloudy,11,11,11
02:02:09,Partly Cloudy,11,11,11
02:04:09,Partly Cloudy,11,11,11
02:06:09,Partly Cloudy,11,11,11
02:08:09,Partly Cloudy,11,11,11
02:10:08,Mostly Cloudy,10,10,11
02:12:09,Mostly Cloudy,10,10,11
02:14:09,Mostly Cloudy,10,10,11
02:16:09,Mostly Cloudy,10,10,11
02:18:09,Mostly Cloudy,10,10,11
02:20:09,Mostly Cloudy,10,10,11
02:22:09,Mostly Cloudy,10,10,11
02:24:08,Mostly Cloudy,10,10,11
02:26:09,Mostly Cloudy,10,10,11
02:28:09,Mostly Cloudy,10,10,11
02:30:09,Mostly Cloudy,10,10,11
02:32:08,Mostly Cloudy,10,10,11
02:34:08,Mostly Cloudy,10,10,11
02:36:09,Mostly Cloudy,10,10,11
02:38:09,Mostly Cloudy,10,10,11
02:40:09,Mostly Cloudy,10,10,11
02:42:09,Mostly Cloudy,10,10,11
02:44:09,Mostly Cloudy,10,10,11
02:46:09,Mostly Cloudy,10,10,11
02:48:09,Mostly Cloudy,10,10,11
02:50:09,Mostly Cloudy,10,10,11
02:52:09,Mostly Cloudy,10,10,11
02:54:09,Mostly Cloudy,10,10,11
02:56:09,Mostly Cloudy,10,10,11
02:58:09,Mostly Cloudy,10,10,11
03:00:09,Mostly Cloudy,10,10,11
03:02:09,Mostly Cloudy,10,10,11
03:04:09,Mostly Cloudy,10,10,11
03:06:08,Mostly Cloudy,10,10,11
03:08:09,Mostly Cloudy,10,10,11
03:10:09,Mostly Cloudy,10,10,11
03:12:09,Mostly Cloudy,10,10,11
03:14:09,Mostly Cloudy,10,10,11
03:16:09,Fair,11,11,14
03:18:09,Fair,11,11,14
03:20:09,Fair,11,11,14
03:22:08,Fair,11,11,14
03:24:09,Fair,11,11,14
03:26:09,Fair,11,11,14
03:28:08,Fair,11,11,14
03:30:08,Fair,11,11,14
03:32:09,Fair,11,11,14
03:34:09,Fair,11,11,14
03:36:08,Fair,11,11,14
03:38:09,Fair,11,11,14
03:40:09,Fair,11,11,14
03:42:09,Fair,11,11,14
03:44:08,Fair,11,11,14
03:46:09,Fair,11,11,14
03:48:09,Fair,11,11,14
03:50:08,Fair,11,11,14
03:52:09,Fair,11,11,14
03:54:09,Fair,11,11,14
03:56:09,Fair,11,11,14
03:58:08,Fair,11,11,14
04:00:08,Fair,11,11,14
04:02:09,Fair,11,11,14
04:04:09,Fair,11,11,14
04:06:08,Fair,11,11,14
04:08:09,Fair,11,11,14
04:10:09,Fair,11,11,14
04:12:08,Fair,11,11,14
04:14:09,Fair,11,11,14
04:16:09,Fair,8,7,12
04:18:08,Fair,8,7,12
04:20:09,Fair,8,7,12
04:22:09,Fair,8,7,12
04:24:08,Fair,8,7,12
04:26:09,Fair,8,7,12
04:28:09,Fair,8,7,12
04:30:08,Fair,8,7,12
04:32:09,Fair,8,7,12
04:34:09,Fair,8,7,12
04:36:08,Fair,8,7,12
04:38:08,Fair,8,7,12
04:40:09,Fair,8,7,12
04:42:09,Fair,8,7,12
04:44:08,Fair,8,7,12
04:46:09,Fair,8,7,12
04:48:09,Fair,8,7,12
04:50:08,Fair,8,7,12
04:52:09,Fair,8,7,12
04:54:09,Fair,8,7,12
04:56:09,Fair,8,7,12
04:58:08,Fair,8,7,12
05:00:09,Fair,8,7,12
05:02:09,Fair,8,7,12
05:04:09,Fair,8,7,12
05:06:09,Fair,8,7,12
05:08:09,Fair,8,7,12
05:10:08,Fair,8,7,12
05:12:09,Fair,8,7,12
05:14:09,Fair,8,7,12
05:16:09,Partly Cloudy,10,10,16
05:18:09,Partly Cloudy,10,10,16
05:20:09,Partly Cloudy,10,10,16
05:22:08,Partly Cloudy,10,10,16
05:24:09,Partly Cloudy,10,10,16
05:26:09,Partly Cloudy,10,10,16
05:28:09,Partly Cloudy,10,10,16
05:30:08,Partly Cloudy,10,10,16
05:32:08,Partly Cloudy,10,10,16
05:34:09,Partly Cloudy,10,10,16
05:36:09,Partly Cloudy,10,10,16
05:38:09,Partly Cloudy,10,10,16
05:40:08,Partly Cloudy,10,10,16
05:42:09,Partly Cloudy,10,10,16
05:44:09,Partly Cloudy,10,10,16
05:46:09,Partly Cloudy,10,10,16
05:48:09,Partly Cloudy,10,10,16
05:50:08,Partly Cloudy,10,10,16
05:52:08,Partly Cloudy,10,10,16
05:54:09,Partly Cloudy,10,10,16
05:56:09,Partly Cloudy,10,10,16
05:58:09,Partly Cloudy,10,10,16
06:00:08,Partly Cloudy,10,10,16
06:02:08,Partly Cloudy,10,10,16
06:04:09,Partly Cloudy,10,10,16
06:06:08,Partly Cloudy,10,10,16
06:08:08,Partly Cloudy,10,10,16
06:10:09,Partly Cloudy,12,12,14
06:12:09,Partly Cloudy,12,12,14
06:14:08,Partly Cloudy,12,12,14
06:16:09,Partly Cloudy,12,12,14
06:18:09,Partly Cloudy,12,12,14
06:20:09,Partly Cloudy,12,12,14
06:22:09,Partly Cloudy,12,12,14
06:24:09,Partly Cloudy,12,12,14
06:26:08,Partly Cloudy,12,12,14
06:28:09,Partly Cloudy,12,12,14
06:30:09,Partly Cloudy,12,12,14
06:32:09,Partly Cloudy,12,12,14
06:34:08,Partly Cloudy,12,12,14
06:36:08,Partly Cloudy,12,12,14
06:38:09,Partly Cloudy,12,12,14
06:40:09,Partly Cloudy,12,12,14
06:42:08,Partly Cloudy,12,12,14
06:44:09,Partly Cloudy,12,12,14
06:46:09,Partly Cloudy,12,12,14
06:48:09,Partly Cloudy,12,12,14
06:50:08,Partly Cloudy,12,12,14
06:52:08,Partly Cloudy,12,12,14
06:54:09,Partly Cloudy,12,12,14
06:56:09,Partly Cloudy,12,12,14
06:58:08,Partly Cloudy,12,12,14
07:00:09,Partly Cloudy,12,12,14
07:02:09,Partly Cloudy,12,12,14
07:04:09,Partly Cloudy,12,12,14
07:06:08,Partly Cloudy,12,12,14
07:08:09,Partly Cloudy,12,12,14
07:10:09,Mostly Cloudy,12,12,14
07:12:09,Mostly Cloudy,12,12,14
07:14:08,Mostly Cloudy,12,12,14
07:16:08,Mostly Cloudy,12,12,14
07:18:09,Mostly Cloudy,12,12,14
07:20:08,Mostly Cloudy,12,12,14
07:22:09,Mostly Cloudy,12,12,14
07:24:09,Mostly Cloudy,12,12,14
07:26:09,Mostly Cloudy,12,12,14
07:28:09,Mostly Cloudy,12,12,14
07:30:08,Mostly Cloudy,12,12,14
07:32:09,Mostly Cloudy,12,12,14
07:34:09,Mostly Cloudy,12,12,14
07:36:08,Mostly Cloudy,12,12,14
07:38:09,Mostly Cloudy,12,12,14
07:40:09,Mostly Cloudy,12,12,14
07:42:08,Mostly Cloudy,12,12,14
07:44:09,Mostly Cloudy,12,12,14
07:46:09,Mostly Cloudy,12,12,14
07:48:08,Mostly Cloudy,12,12,14
07:50:09,Mostly Cloudy,12,12,14
07:52:09,Mostly Cloudy,12,12,14
07:54:09,Mostly Cloudy,12,12,14
07:56:09,Mostly Cloudy,12,12,14
07:58:09,Mostly Cloudy,12,12,14
08:00:09,Mostly Cloudy,12,12,14
08:02:09,Mostly Cloudy,12,12,14
08:04:09,Mostly Cloudy,12,12,14
08:06:09,Mostly Cloudy,12,12,14
08:08:09,Mostly Cloudy,12,12,14
08:10:09,Mostly Cloudy,12,12,14
08:12:08,Mostly Cloudy,12,12,14
08:14:09,Mostly Cloudy,12,12,14
08:16:09,Light Rain,12,12,16
08:18:08,Light Rain,12,12,16
08:20:09,Light Rain,12,12,16
08:22:09,Light Rain,12,12,16
08:24:09,Light Rain,12,12,16
08:26:09,Light Rain,12,12,16
08:28:09,Light Rain,12,12,16
08:30:08,Light Rain,12,12,16
08:32:08,Light Rain,12,12,16
08:34:09,Light Rain,12,12,16
08:36:09,Light Rain,12,12,16
08:38:09,Light Rain,12,12,16
08:40:08,Light Rain,12,12,16
08:42:09,Light Rain,12,12,16
08:44:09,Light Rain,12,12,16
08:46:09,Light Rain,12,12,16
08:48:08,Light Rain,12,12,16
08:50:09,Light Rain,12,12,16
08:52:09,Light Rain,12,12,16
08:54:08,Light Rain,12,12,16
08:56:09,Light Rain,12,12,16
08:58:09,Light Rain,12,12,16
09:00:08,Light Rain,12,12,16
09:02:09,Light Rain,12,12,16
09:04:09,Light Rain,12,12,16
09:06:08,Light Rain,12,12,16
09:08:08,Light Rain,12,12,16
09:10:09,Partly Cloudy,13,13,16
09:12:09,Partly Cloudy,13,13,16
09:14:08,Partly Cloudy,13,13,16
09:16:09,Partly Cloudy,13,13,16
09:18:09,Partly Cloudy,13,13,16
09:20:09,Partly Cloudy,13,13,16
09:22:09,Partly Cloudy,13,13,16
09:24:08,Partly Cloudy,13,13,16
09:26:09,Partly Cloudy,13,13,16
09:28:09,Partly Cloudy,13,13,16
09:30:08,Partly Cloudy,13,13,16
09:32:09,Partly Cloudy,13,13,16
09:34:09,Partly Cloudy,13,13,16
09:36:09,Partly Cloudy,13,13,16
09:38:09,Partly Cloudy,13,13,16
09:40:08,Partly Cloudy,13,13,16
09:42:09,Partly Cloudy,13,13,16
09:44:09,Partly Cloudy,13,13,16
09:46:08,Partly Cloudy,13,13,16
09:48:08,Partly Cloudy,13,13,16
09:50:09,Partly Cloudy,13,13,16
09:52:09,Partly Cloudy,13,13,16
09:54:09,Partly Cloudy,13,13,16
09:56:08,Partly Cloudy,13,13,16
09:58:08,Partly Cloudy,13,13,16
10:00:09,Partly Cloudy,13,13,16
10:02:09,Partly Cloudy,13,13,16
10:04:08,Partly Cloudy,13,13,16
10:06:09,Partly Cloudy,13,13,16
10:08:09,Partly Cloudy,13,13,16
10:10:09,Partly Cloudy,13,13,16
10:12:09,Partly Cloudy,13,13,16
10:14:09,Partly Cloudy,13,13,16
10:16:08,Mostly Cloudy,12,12,16
10:18:09,Mostly Cloudy,12,12,16
10:20:09,Mostly Cloudy,12,12,16
10:22:09,Mostly Cloudy,12,12,16
10:24:08,Mostly Cloudy,12,12,16
10:26:09,Mostly Cloudy,12,12,16
10:28:09,Mostly Cloudy,12,12,16
10:30:08,Mostly Cloudy,12,12,16
10:32:09,Mostly Cloudy,12,12,16
10:34:09,Mostly Cloudy,12,12,16
10:36:09,Mostly Cloudy,12,12,16
10:38:08,Mostly Cloudy,12,12,16
10:40:09,Mostly Cloudy,12,12,16
10:42:09,Mostly Cloudy,12,12,16
10:44:09,Mostly Cloudy,12,12,16
10:46:09,Mostly Cloudy,12,12,16
10:48:08,Mostly Cloudy,12,12,16
10:50:09,Mostly Cloudy,12,12,16
10:52:09,Mostly Cloudy,12,12,16
10:54:08,Mostly Cloudy,12,12,16
10:56:09,Mostly Cloudy,12,12,16
10:58:09,Mostly Cloudy,12,12,16
11:00:08,Mostly Cloudy,12,12,16
11:02:09,Mostly Cloudy,12,12,16
11:04:09,Mostly Cloudy,12,12,16
11:06:08,Mostly Cloudy,12,12,16
11:08:09,Mostly Cloudy,12,12,16
11:10:09,Mostly Cloudy,12,12,16
11:12:09,Mostly Cloudy,12,12,16
11:14:08,Mostly Cloudy,12,12,16
11:16:09,Mostly Cloudy,16,16,19
11:18:09,Mostly Cloudy,16,16,19
11:20:08,Mostly Cloudy,16,16,19
11:22:09,Mostly Cloudy,16,16,19
11:24:09,Mostly Cloudy,16,16,19
11:26:08,Mostly Cloudy,16,16,19
11:28:09,Mostly Cloudy,16,16,19
11:30:09,Mostly Cloudy,16,16,19
11:32:09,Mostly Cloudy,16,16,19
11:34:09,Mostly Cloudy,16,16,19
11:36:08,Mostly Cloudy,16,16,19
11:38:08,Mostly Cloudy,16,16,19
11:40:09,Mostly Cloudy,16,16,19
11:42:09,Mostly Cloudy,16,16,19
11:44:09,Mostly Cloudy,16,16,19
11:46:09,Mostly Cloudy,16,16,19
11:48:08,Mostly Cloudy,16,16,19
11:50:09,Mostly Cloudy,16,16,19
11:52:09,Mostly Cloudy,16,16,19
11:54:08,Mostly Cloudy,16,16,19
11:56:09,Mostly Cloudy,16,16,19
11:58:09,Mostly Cloudy,16,16,19
12:00:09,Mostly Cloudy,16,16,19
12:02:08,Mostly Cloudy,16,16,19
12:04:09,Mostly Cloudy,16,16,19
12:06:09,Mostly Cloudy,16,16,19
12:08:08,Mostly Cloudy,16,16,19
12:10:09,Mostly Cloudy,16,16,19
12:12:09,Mostly Cloudy,16,16,19
12:14:08,Mostly Cloudy,16,16,19
12:16:08,Mostly Cloudy,15,15,16
12:18:09,Mostly Cloudy,15,15,16
12:20:08,Mostly Cloudy,15,15,16
12:22:09,Mostly Cloudy,15,15,16
12:24:09,Mostly Cloudy,15,15,16
12:26:09,Mostly Cloudy,15,15,16
12:28:08,Mostly Cloudy,15,15,16
12:30:09,Mostly Cloudy,15,15,16
12:32:09,Mostly Cloudy,15,15,16
12:34:09,Mostly Cloudy,15,15,16
12:36:09,Mostly Cloudy,15,15,16
12:38:09,Mostly Cloudy,15,15,16
12:40:09,Mostly Cloudy,15,15,16
12:42:08,Mostly Cloudy,15,15,16
12:44:09,Mostly Cloudy,15,15,16
12:46:09,Mostly Cloudy,15,15,16
12:48:08,Mostly Cloudy,15,15,16
12:50:08,Mostly Cloudy,15,15,16
12:52:09,Mostly Cloudy,15,15,16
12:54:09,Mostly Cloudy,15,15,16
12:56:08,Mostly Cloudy,15,15,16
12:58:09,Mostly Cloudy,15,15,16
13:00:09,Mostly Cloudy,15,15,16
13:02:08,Mostly Cloudy,15,15,16
13:04:09,Mostly Cloudy,15,15,16
13:06:09,Mostly Cloudy,15,15,16
13:08:09,Mostly Cloudy,15,15,16
13:10:09,Mostly Cloudy,15,15,14
13:12:09,Mostly Cloudy,15,15,14
13:14:08,Mostly Cloudy,15,15,14
13:16:08,Mostly Cloudy,15,15,14
13:18:09,Mostly Cloudy,15,15,14
13:20:08,Mostly Cloudy,15,15,14
13:22:09,Mostly Cloudy,15,15,14
13:24:09,Mostly Cloudy,15,15,14
13:26:08,Mostly Cloudy,15,15,14
13:28:09,Mostly Cloudy,15,15,14
13:30:09,Mostly Cloudy,15,15,14
13:32:09,Mostly Cloudy,15,15,14
13:34:08,Mostly Cloudy,15,15,14
13:36:09,Mostly Cloudy,15,15,14
13:38:09,Mostly Cloudy,15,15,14
13:40:09,Mostly Cloudy,15,15,14
13:42:09,Mostly Cloudy,15,15,14
13:44:09,Mostly Cloudy,15,15,14
13:46:09,Mostly Cloudy,15,15,14
13:48:08,Mostly Cloudy,15,15,14
13:50:08,Mostly Cloudy,15,15,14
13:52:09,Mostly Cloudy,15,15,14
13:54:09,Mostly Cloudy,15,15,14
13:56:09,Mostly Cloudy,15,15,14
13:58:08,Mostly Cloudy,15,15,14
14:00:09,Mostly Cloudy,15,15,14
14:02:09,Mostly Cloudy,15,15,14
14:04:09,Mostly Cloudy,15,15,14
14:06:08,Mostly Cloudy,15,15,14
14:08:09,Mostly Cloudy,15,15,14
14:10:09,Mostly Cloudy,16,16,16
14:12:08,Mostly Cloudy,16,16,16
14:14:09,Mostly Cloudy,16,16,16
14:16:09,Mostly Cloudy,16,16,16
14:18:09,Mostly Cloudy,16,16,16
14:20:09,Mostly Cloudy,16,16,16
14:22:09,Mostly Cloudy,16,16,16
14:24:08,Mostly Cloudy,16,16,16
14:26:09,Mostly Cloudy,16,16,16
14:28:09,Mostly Cloudy,16,16,16
14:30:09,Mostly Cloudy,16,16,16
14:32:09,Mostly Cloudy,16,16,16
14:34:09,Mostly Cloudy,16,16,16
14:36:09,Mostly Cloudy,16,16,16
14:38:09,Mostly Cloudy,16,16,16
14:40:08,Mostly Cloudy,16,16,16
14:42:09,Mostly Cloudy,16,16,16
14:44:09,Mostly Cloudy,16,16,16
14:46:09,Mostly Cloudy,16,16,16
14:48:09,Mostly Cloudy,16,16,16
14:50:08,Mostly Cloudy,16,16,16
14:52:09,Mostly Cloudy,16,16,16
14:54:09,Mostly Cloudy,16,16,16
14:56:09,Mostly Cloudy,16,16,16
14:58:08,Mostly Cloudy,16,16,16
15:00:09,Mostly Cloudy,16,16,16
15:02:09,Mostly Cloudy,16,16,16
15:04:08,Mostly Cloudy,16,16,16
15:06:09,Mostly Cloudy,16,16,16
15:08:09,Mostly Cloudy,16,16,16
15:10:09,Mostly Cloudy,16,16,16
15:12:08,Mostly Cloudy,16,16,16
15:14:09,Mostly Cloudy,16,16,16
15:16:09,Mostly Cloudy,15,15,9
15:18:08,Mostly Cloudy,15,15,9
15:20:09,Mostly Cloudy,15,15,9
15:22:09,Mostly Cloudy,15,15,9
15:24:09,Mostly Cloudy,15,15,9
15:26:09,Mostly Cloudy,15,15,9
15:28:09,Mostly Cloudy,15,15,9
15:30:08,Mostly Cloudy,15,15,9
15:32:08,Mostly Cloudy,15,15,9
15:34:09,Mostly Cloudy,15,15,9
15:36:09,Mostly Cloudy,15,15,9
15:38:09,Mostly Cloudy,15,15,9
15:40:09,Mostly Cloudy,15,15,9
15:42:08,Mostly Cloudy,15,15,9
15:44:09,Mostly Cloudy,15,15,9
15:46:09,Mostly Cloudy,15,15,9
15:48:09,Mostly Cloudy,15,15,9
15:50:08,Mostly Cloudy,15,15,9
15:52:09,Mostly Cloudy,15,15,9
15:54:08,Mostly Cloudy,15,15,9
15:56:09,Mostly Cloudy,15,15,9
15:58:09,Mostly Cloudy,15,15,9
16:00:08,Mostly Cloudy,15,15,9
16:02:09,Mostly Cloudy,15,15,9
16:04:09,Mostly Cloudy,15,15,9
16:06:08,Mostly Cloudy,15,15,9
16:08:09,Mostly Cloudy,15,15,9
16:10:09,Mostly Cloudy,15,15,9
16:12:08,Mostly Cloudy,15,15,9
16:14:08,Mostly Cloudy,15,15,9
16:16:09,Partly Cloudy,17,17,14
16:18:08,Partly Cloudy,17,17,14
16:20:09,Partly Cloudy,17,17,14
16:22:09,Partly Cloudy,17,17,14
16:24:09,Partly Cloudy,17,17,14
16:26:08,Partly Cloudy,17,17,14
16:28:09,Partly Cloudy,17,17,14
16:30:09,Partly Cloudy,17,17,14
16:32:09,Partly Cloudy,17,17,14
16:34:08,Partly Cloudy,17,17,14
16:36:09,Partly Cloudy,17,17,14
16:38:09,Partly Cloudy,17,17,14
16:40:09,Partly Cloudy,17,17,14
16:42:09,Partly Cloudy,17,17,14
16:44:09,Partly Cloudy,17,17,14
16:46:09,Partly Cloudy,17,17,14
16:48:08,Partly Cloudy,17,17,14
16:50:08,Partly Cloudy,17,17,14
16:52:09,Partly Cloudy,17,17,14
16:54:09,Partly Cloudy,17,17,14
16:56:08,Partly Cloudy,17,17,14
16:58:09,Partly Cloudy,17,17,14
17:00:09,Partly Cloudy,17,17,14
17:02:09,Partly Cloudy,17,17,14
17:04:08,Partly Cloudy,17,17,14
17:06:09,Partly Cloudy,17,17,14
17:08:09,Partly Cloudy,17,17,14
17:10:09,Partly Cloudy,17,17,14
17:12:08,Partly Cloudy,17,17,14
17:14:09,Partly Cloudy,17,17,14
17:16:09,Mostly Cloudy,15,15,12
17:18:09,Mostly Cloudy,15,15,12
17:20:08,Mostly Cloudy,15,15,12
17:22:09,Mostly Cloudy,15,15,12
17:24:09,Mostly Cloudy,15,15,12
17:26:08,Mostly Cloudy,15,15,12
17:28:09,Mostly Cloudy,15,15,12
17:30:08,Mostly Cloudy,15,15,12
17:32:09,Mostly Cloudy,15,15,12
17:34:09,Mostly Cloudy,15,15,12
17:36:09,Mostly Cloudy,15,15,12
17:38:08,Mostly Cloudy,15,15,12
17:40:09,Mostly Cloudy,15,15,12
17:42:09,Mostly Cloudy,15,15,12
17:44:08,Mostly Cloudy,15,15,12
17:46:09,Mostly Cloudy,15,15,12
17:48:09,Mostly Cloudy,15,15,12
17:50:08,Mostly Cloudy,15,15,12
17:52:08,Mostly Cloudy,15,15,12
17:54:09,Mostly Cloudy,15,15,12
17:56:09,Mostly Cloudy,15,15,12
17:58:09,Mostly Cloudy,15,15,12
18:00:09,Mostly Cloudy,15,15,12
18:02:09,Mostly Cloudy,15,15,12
18:04:09,Mostly Cloudy,15,15,12
18:06:08,Mostly Cloudy,15,15,12
18:08:08,Mostly Cloudy,15,15,12
18:10:09,Mostly Cloudy,13,13,8
18:12:09,Mostly Cloudy,13,13,8
18:14:08,Mostly Cloudy,13,13,8
18:16:08,Mostly Cloudy,13,13,8
18:18:09,Mostly Cloudy,13,13,8
18:20:09,Mostly Cloudy,13,13,8
18:22:09,Mostly Cloudy,13,13,8
18:24:08,Mostly Cloudy,13,13,8
18:26:09,Mostly Cloudy,13,13,8
18:28:09,Mostly Cloudy,13,13,8
18:30:08,Mostly Cloudy,13,13,8
18:32:09,Mostly Cloudy,13,13,8
18:34:09,Mostly Cloudy,13,13,8
18:36:08,Mostly Cloudy,13,13,8
18:38:09,Mostly Cloudy,13,13,8
18:40:09,Mostly Cloudy,13,13,8
18:42:08,Mostly Cloudy,13,13,8
18:44:09,Mostly Cloudy,13,13,8
18:46:09,Mostly Cloudy,13,13,8
18:48:08,Mostly Cloudy,13,13,8
18:50:09,Mostly Cloudy,13,13,8
18:52:09,Mostly Cloudy,13,13,8
18:54:09,Mostly Cloudy,13,13,8
18:56:09,Mostly Cloudy,13,13,8
18:58:09,Mostly Cloudy,13,13,8
19:00:08,Mostly Cloudy,13,13,8
19:02:09,Mostly Cloudy,13,13,8
19:04:09,Mostly Cloudy,13,13,8
19:06:08,Mostly Cloudy,13,13,8
19:08:09,Mostly Cloudy,13,13,8
19:10:09,Mostly Cloudy,13,13,9
19:12:08,Mostly Cloudy,13,13,9
19:14:09,Mostly Cloudy,13,13,9
19:16:09,Mostly Cloudy,13,13,9
19:18:09,Mostly Cloudy,13,13,9
19:20:09,Mostly Cloudy,13,13,9
19:22:09,Mostly Cloudy,13,13,9
19:24:09,Mostly Cloudy,13,13,9
19:26:08,Mostly Cloudy,13,13,9
19:28:09,Mostly Cloudy,13,13,9
19:30:09,Mostly Cloudy,13,13,9
19:32:09,Mostly Cloudy,13,13,9
19:34:09,Mostly Cloudy,13,13,9
19:36:09,Mostly Cloudy,13,13,9
19:38:09,Mostly Cloudy,13,13,9
19:40:09,Mostly Cloudy,13,13,9
19:42:08,Mostly Cloudy,13,13,9
19:44:09,Mostly Cloudy,13,13,9
19:46:09,Mostly Cloudy,13,13,9
19:48:08,Mostly Cloudy,13,13,9
19:50:08,Mostly Cloudy,13,13,9
19:52:09,Mostly Cloudy,13,13,9
19:54:09,Mostly Cloudy,13,13,9
19:56:08,Mostly Cloudy,13,13,9
19:58:09,Mostly Cloudy,13,13,9
20:00:08,Mostly Cloudy,13,13,9
20:02:09,Mostly Cloudy,13,13,9
20:04:09,Mostly Cloudy,13,13,9
20:06:08,Mostly Cloudy,13,13,9
20:08:09,Mostly Cloudy,13,13,9
20:10:09,Partly Cloudy,12,12,8
20:12:08,Partly Cloudy,12,12,8
20:14:08,Partly Cloudy,12,12,8
20:16:09,Partly Cloudy,12,12,8
20:18:09,Partly Cloudy,12,12,8
20:20:09,Partly Cloudy,12,12,8
20:22:09,Partly Cloudy,12,12,8
20:24:09,Partly Cloudy,12,12,8
20:26:09,Partly Cloudy,12,12,8
20:28:09,Partly Cloudy,12,12,8
20:30:08,Partly Cloudy,12,12,8
20:32:09,Partly Cloudy,12,12,8
20:34:09,Partly Cloudy,12,12,8
20:36:08,Partly Cloudy,12,12,8
20:38:09,Partly Cloudy,12,12,8
20:40:09,Partly Cloudy,12,12,8
20:42:08,Partly Cloudy,12,12,8
20:44:08,Partly Cloudy,12,12,8
20:46:09,Partly Cloudy,12,12,8
20:48:09,Partly Cloudy,12,12,8
20:50:08,Partly Cloudy,12,12,8
20:52:09,Partly Cloudy,12,12,8
20:54:09,Partly Cloudy,12,12,8
20:56:09,Partly Cloudy,12,12,8
20:58:09,Partly Cloudy,12,12,8
21:00:09,Partly Cloudy,12,12,8
21:02:08,Partly Cloudy,12,12,8
21:04:09,Partly Cloudy,12,12,8
21:06:09,Partly Cloudy,12,12,8
21:08:09,Partly Cloudy,12,12,8
21:10:08,Partly Cloudy,12,12,8
21:12:09,Partly Cloudy,12,12,8
21:14:09,Partly Cloudy,12,12,8
21:16:08,Fair,11,11,11
21:18:09,Fair,11,11,11
21:20:09,Fair,11,11,11
21:22:08,Fair,11,11,11
21:24:09,Fair,11,11,11
21:26:09,Fair,11,11,11
21:28:09,Fair,11,11,11
21:30:09,Fair,11,11,11
21:32:09,Fair,11,11,11
21:34:09,Fair,11,11,11
21:36:08,Fair,11,11,11
21:38:09,Fair,11,11,11
21:40:09,Fair,11,11,11
21:42:08,Fair,11,11,11
21:44:08,Fair,11,11,11
21:46:09,Fair,11,11,11
21:48:09,Fair,11,11,11
21:50:09,Fair,11,11,11
21:52:09,Fair,11,11,11
21:54:08,Fair,11,11,11
21:56:09,Fair,11,11,11
21:58:09,Fair,11,11,11
22:00:09,Fair,11,11,11
22:02:08,Fair,11,11,11
22:04:09,Fair,11,11,11
22:06:09,Fair,11,11,11
22:08:09,Fair,11,11,11
22:10:08,Fair,11,11,11
22:12:09,Fair,11,11,11
22:14:09,Fair,11,11,11
22:16:09,Fair,8,7,12
22:18:09,Fair,8,7,12
22:20:09,Fair,8,7,12
22:22:08,Fair,8,7,12
22:24:08,Fair,8,7,12
22:26:09,Fair,8,7,12
22:28:09,Fair,8,7,12
22:30:09,Fair,8,7,12
22:32:09,Fair,8,7,12
22:34:09,Fair,8,7,12
22:36:09,Fair,8,7,12
22:38:09,Fair,8,7,12
22:40:10,Fair,8,7,12
22:42:09,Fair,8,7,12
22:44:09,Fair,8,7,12
22:46:09,Fair,8,7,12
22:48:09,Fair,8,7,12
22:50:09,Fair,8,7,12
22:52:08,Fair,8,7,12
22:54:09,Fair,8,7,12
22:56:09,Fair,8,7,12
22:58:08,Fair,8,7,12
23:00:09,Fair,8,7,12
23:02:09,Fair,8,7,12
23:04:08,Fair,8,7,12
23:06:09,Fair,8,7,12
23:08:09,Fair,8,7,12
23:10:09,Fair,8,7,11
23:12:09,Fair,8,7,11
23:14:09,Fair,8,7,11
23:16:09,Fair,8,7,11
23:18:08,Fair,8,7,11
23:20:09,Fair,8,7,11
23:22:09,Fair,8,7,11
23:24:09,Fair,8,7,11
23:26:08,Fair,8,7,11
23:28:09,Fair,8,7,11
23:30:09,Fair,8,7,11
23:32:09,Fair,8,7,11
23:34:08,Fair,8,7,11
23:36:09,Fair,8,7,11
23:38:09,Fair,8,7,11
23:40:09,Fair,8,7,11
23:42:08,Fair,8,7,11
23:44:09,Fair,8,7,11
23:46:09,Fair,8,7,11
23:48:08,Fair,8,7,11
23:50:09,Fair,8,7,11
23:52:09,Fair,8,7,11
23:54:09,Fair,8,7,11
23:56:08,Fair,8,7,11
23:58:09,Fair,8,7,11
