Time,Weather,Temperature,Feels_Like,Wind_Speed
00:00:09,Mostly Cloudy,8,8,4
00:02:08,Mostly Cloudy,8,8,4
00:04:08,Mostly Cloudy,8,8,4
00:06:09,Mostly Cloudy,8,8,4
00:08:09,Mostly Cloudy,8,8,4
00:10:08,Mostly Cloudy,8,8,4
00:12:09,Mostly Cloudy,8,8,4
00:14:08,Mostly Cloudy,8,8,4
00:16:09,Mostly Cloudy,8,8,4
00:18:08,Mostly Cloudy,7,7,4
00:20:09,Mostly Cloudy,7,7,4
00:22:08,Mostly Cloudy,7,7,4
00:24:09,Mostly Cloudy,7,7,4
00:26:09,Mostly Cloudy,7,7,4
00:28:09,Mostly Cloudy,7,7,4
00:30:08,Mostly Cloudy,7,7,4
00:32:09,Mostly Cloudy,7,7,4
00:34:09,Mostly Cloudy,7,7,4
00:36:09,Mostly Cloudy,7,7,4
00:38:08,Mostly Cloudy,7,7,4
00:40:08,Mostly Cloudy,7,7,4
00:42:09,Mostly Cloudy,7,7,4
00:44:09,Mostly Cloudy,7,7,4
00:46:09,Mostly Cloudy,7,7,4
00:48:08,Mostly Cloudy,7,7,4
00:50:08,Mostly Cloudy,7,7,4
00:52:09,Mostly Cloudy,7,7,4
00:54:09,Mostly Cloudy,7,7,4
00:56:09,Mostly Cloudy,7,7,4
00:58:09,Mostly Cloudy,7,7,4
01:00:17,Mostly Cloudy,7,7,4
01:02:09,Mostly Cloudy,7,7,4
01:04:09,Mostly Cloudy,7,7,4
01:06:09,Mostly Cloudy,7,7,4
01:08:08,Mostly Cloudy,7,7,4
01:10:09,Mostly Cloudy,7,7,4
01:12:09,Mostly Cloudy,7,7,4
01:14:08,Mostly Cloudy,7,7,4
01:16:08,Mostly Cloudy,8,7,8
01:18:09,Mostly Cloudy,8,7,8
01:20:09,Mostly Cloudy,8,7,8
01:22:08,Mostly Cloudy,8,7,8
01:24:08,Mostly Cloudy,8,7,8
01:26:09,Mostly Cloudy,8,7,8
01:28:09,Mostly Cloudy,8,7,8
01:30:09,Mostly Cloudy,8,7,8
01:32:08,Mostly Cloudy,8,7,8
01:34:09,Mostly Cloudy,8,7,8
01:36:09,Mostly Cloudy,8,7,8
01:38:08,Mostly Cloudy,8,7,8
01:40:08,Mostly Cloudy,8,7,8
01:42:09,Mostly Cloudy,8,7,8
01:44:09,Mostly Cloudy,8,7,8
01:46:09,Mostly Cloudy,8,7,8
01:48:09,Mostly Cloudy,8,7,8
01:50:08,Mostly Cloudy,8,7,8
01:52:09,Mostly Cloudy,8,7,8
01:54:09,Mostly Cloudy,8,7,8
01:56:09,Mostly Cloudy,8,7,8
01:58:08,Mostly Cloudy,8,7,8
02:00:09,Mostly Cloudy,8,7,8
02:02:09,Mostly Cloudy,8,7,8
02:04:09,Mostly Cloudy,8,7,8
02:06:08,Mostly Cloudy,8,7,8
02:08:08,Mostly Cloudy,8,7,8
02:10:09,Mostly Cloudy,8,7,8
02:12:09,Mostly Cloudy,8,7,8
02:14:08,Mostly Cloudy,7,6,8
02:16:09,Mostly Cloudy,7,6,8
02:18:09,Mostly Cloudy,7,6,8
02:20:08,Mostly Cloudy,7,6,8
02:22:09,Mostly Cloudy,7,6,8
02:24:09,Mostly Cloudy,7,6,8
02:26:09,Mostly Cloudy,7,6,8
02:28:09,Mostly Cloudy,7,6,8
02:30:08,Mostly Cloudy,7,6,8
02:32:09,Mostly Cloudy,7,6,8
02:34:09,Mostly Cloudy,7,6,8
02:36:08,Mostly Cloudy,7,6,8
02:38:09,Mostly Cloudy,7,6,8
02:40:09,Mostly Cloudy,7,6,8
02:42:09,Mostly Cloudy,7,6,8
02:44:08,Mostly Cloudy,7,6,8
02:46:09,Mostly Cloudy,7,6,8
02:48:09,Mostly Cloudy,7,6,8
02:50:08,Mostly Cloudy,7,6,8
02:52:08,Mostly Cloudy,7,6,8
02:54:09,Mostly Cloudy,7,6,8
02:56:09,Mostly Cloudy,7,6,8
02:58:09,Mostly Cloudy,7,6,8
03:00:08,Mostly Cloudy,7,6,8
03:02:09,Mostly Cloudy,7,6,8
03:04:09,Mostly Cloudy,7,6,8
03:06:09,Mostly Cloudy,7,6,8
03:08:08,Mostly Cloudy,7,6,8
03:10:08,Mostly Cloudy,7,6,8
03:12:09,Mostly Cloudy,7,7,4
03:14:09,Mostly Cloudy,7,7,4
03:16:08,Mostly Cloudy,7,7,4
03:18:09,Mostly Cloudy,7,7,4
03:20:09,Mostly Cloudy,7,7,4
03:22:09,Mostly Cloudy,7,7,4
03:24:09,Mostly Cloudy,7,7,4
03:26:09,Mostly Cloudy,7,7,4
03:28:08,Mostly Cloudy,7,7,4
03:30:09,Mostly Cloudy,7,7,4
03:32:09,Mostly Cloudy,7,7,4
03:34:09,Mostly Cloudy,7,7,4
03:36:08,Mostly Cloudy,7,7,4
03:38:09,Mostly Cloudy,7,7,4
03:40:09,Mostly Cloudy,7,7,4
03:42:08,Mostly Cloudy,7,7,4
03:44:08,Mostly Cloudy,7,7,4
03:46:09,Mostly Cloudy,7,7,4
03:48:09,Mostly Cloudy,7,7,4
03:50:08,Mostly Cloudy,7,7,4
03:52:09,Mostly Cloudy,7,7,4
03:54:09,Mostly Cloudy,7,7,4
03:56:09,Mostly Cloudy,7,7,4
03:58:08,Mostly Cloudy,7,7,4
04:00:08,Mostly Cloudy,7,7,4
04:02:09,Mostly Cloudy,7,7,4
04:04:09,Mostly Cloudy,7,7,4
04:06:08,Mostly Cloudy,7,7,4
04:08:09,Mostly Cloudy,7,7,4
04:10:09,Mostly Cloudy,7,7,4
04:12:09,Mostly Cloudy,7,7,4
04:14:08,Mostly Cloudy,7,7,4
04:16:08,Mostly Cloudy,7,7,4
04:18:09,Mostly Cloudy,7,7,4
04:20:08,Mostly Cloudy,7,7,4
04:22:09,Mostly Cloudy,7,7,4
04:24:09,Mostly Cloudy,7,7,4
04:26:09,Mostly Cloudy,7,7,4
04:28:09,Mostly Cloudy,7,7,4
04:30:08,Mostly Cloudy,7,7,4
04:32:09,Mostly Cloudy,7,7,4
04:34:09,Mostly Cloudy,7,7,4
04:36:09,Mostly Cloudy,7,7,4
04:38:08,Mostly Cloudy,7,7,4
04:40:08,Mostly Cloudy,7,7,4
04:42:09,Mostly Cloudy,7,7,4
04:44:09,Mostly Cloudy,7,7,4
04:46:08,Mostly Cloudy,7,7,4
04:48:08,Mostly Cloudy,7,7,4
04:50:09,Mostly Cloudy,7,7,4
04:52:09,Mostly Cloudy,7,7,4
04:54:08,Mostly Cloudy,7,7,4
04:56:08,Mostly Cloudy,7,7,4
04:58:09,Mostly Cloudy,7,7,4
05:00:09,Mostly Cloudy,7,7,4
05:02:09,Mostly Cloudy,7,7,4
05:04:09,Mostly Cloudy,7,7,4
05:06:08,Mostly Cloudy,7,7,4
05:08:09,Mostly Cloudy,7,7,4
05:10:09,Mostly Cloudy,7,7,4
05:12:08,Mostly Cloudy,7,7,3
05:14:09,Mostly Cloudy,7,7,3
05:16:09,Mostly Cloudy,7,7,3
05:18:08,Mostly Cloudy,7,7,3
05:20:09,Mostly Cloudy,7,7,3
05:22:09,Mostly Cloudy,7,7,3
05:24:08,Mostly Cloudy,7,7,3
05:26:08,Mostly Cloudy,7,7,3
05:28:09,Mostly Cloudy,7,7,3
05:30:09,Mostly Cloudy,7,7,3
05:32:08,Mostly Cloudy,7,7,3
05:34:09,Mostly Cloudy,7,7,3
05:36:09,Mostly Cloudy,7,7,3
05:38:08,Mostly Cloudy,7,7,3
05:40:09,Mostly Cloudy,7,7,3
05:42:09,Mostly Cloudy,7,7,3
05:44:09,Mostly Cloudy,7,7,3
05:46:08,Mostly Cloudy,7,7,3
05:48:08,Mostly Cloudy,7,7,3
05:50:08,Mostly Cloudy,7,7,3
05:52:09,Mostly Cloudy,7,7,3
05:54:09,Mostly Cloudy,7,7,3
05:56:09,Mostly Cloudy,7,7,3
05:58:08,Mostly Cloudy,7,7,3
06:00:08,Mostly Cloudy,7,7,3
06:02:09,Mostly Cloudy,7,7,3
06:04:08,Mostly Cloudy,7,7,3
06:06:09,Mostly Cloudy,7,7,3
06:08:09,Mostly Cloudy,7,7,3
06:10:08,Mostly Cloudy,7,7,3
06:12:08,Mostly Cloudy,7,5,9
06:14:09,Mostly Cloudy,7,5,9
06:16:09,Mostly Cloudy,7,5,9
06:18:08,Mostly Cloudy,7,5,9
06:20:08,Mostly Cloudy,7,5,9
06:22:09,Mostly Cloudy,7,5,9
06:24:09,Mostly Cloudy,7,5,9
06:26:09,Mostly Cloudy,7,5,9
06:28:09,Mostly Cloudy,7,5,9
06:30:09,Mostly Cloudy,7,5,9
06:32:08,Mostly Cloudy,7,5,9
06:34:09,Mostly Cloudy,7,5,9
06:36:09,Mostly Cloudy,7,5,9
06:38:08,Mostly Cloudy,7,5,9
06:40:08,Mostly Cloudy,7,5,9
06:42:09,Mostly Cloudy,7,5,9
06:44:09,Mostly Cloudy,7,5,9
06:46:09,Mostly Cloudy,7,5,9
06:48:08,Mostly Cloudy,7,5,9
06:50:09,Mostly Cloudy,7,5,9
06:52:09,Mostly Cloudy,7,5,9
06:54:09,Mostly Cloudy,7,5,9
06:56:08,Mostly Cloudy,7,5,9
06:58:08,Mostly Cloudy,7,5,9
07:00:09,Mostly Cloudy,7,5,9
07:02:09,Mostly Cloudy,7,5,9
07:04:08,Mostly Cloudy,7,5,9
07:06:08,Mostly Cloudy,7,5,9
07:08:09,Mostly Cloudy,7,5,9
07:10:09,Mostly Cloudy,7,5,9
07:12:09,Mostly Cloudy,7,7,4
07:14:08,Mostly Cloudy,7,7,4
07:16:09,Mostly Cloudy,7,7,4
07:18:09,Mostly Cloudy,7,7,4
07:20:09,Mostly Cloudy,7,7,4
07:22:08,Mostly Cloudy,7,7,4
07:24:08,Mostly Cloudy,7,7,4
07:26:09,Mostly Cloudy,7,7,4
07:28:09,Mostly Cloudy,7,7,4
07:30:09,Mostly Cloudy,7,7,4
07:32:08,Mostly Cloudy,7,7,4
07:34:09,Mostly Cloudy,7,7,4
07:36:09,Mostly Cloudy,7,7,4
07:38:08,Mostly Cloudy,7,7,4
07:40:08,Mostly Cloudy,7,7,4
07:42:08,Mostly Cloudy,7,7,4
07:44:09,Mostly Cloudy,7,7,4
07:46:08,Mostly Cloudy,7,7,4
07:48:09,Mostly Cloudy,7,7,4
07:50:08,Mostly Cloudy,7,7,4
07:52:09,Mostly Cloudy,7,7,4
07:54:09,Mostly Cloudy,7,7,4
07:56:08,Mostly Cloudy,7,7,4
07:58:08,Mostly Cloudy,7,7,4
08:00:09,Mostly Cloudy,7,7,4
08:02:09,Mostly Cloudy,7,7,4
08:04:08,Mostly Cloudy,7,7,4
08:06:09,Mostly Cloudy,7,7,4
08:08:09,Mostly Cloudy,7,7,4
08:10:09,Mostly Cloudy,7,7,4
08:12:08,Mostly Cloudy,7,7,4
08:14:09,Mostly Cloudy,7,7,4
08:16:09,Mostly Cloudy,7,7,4
08:18:08,Mostly Cloudy,7,7,4
08:20:09,Mostly Cloudy,7,7,4
08:22:09,Mostly Cloudy,7,7,4
08:24:09,Mostly Cloudy,7,7,4
08:26:09,Mostly Cloudy,7,7,4
08:28:08,Mostly Cloudy,7,7,4
08:30:08,Mostly Cloudy,7,7,4
08:32:09,Mostly Cloudy,7,7,4
08:34:08,Mostly Cloudy,7,7,4
08:36:08,Mostly Cloudy,7,7,4
08:38:09,Mostly Cloudy,7,7,4
08:40:09,Mostly Cloudy,7,7,4
08:42:08,Mostly Cloudy,7,6,8
08:44:09,Mostly Cloudy,7,6,8
08:46:09,Mostly Cloudy,7,6,8
08:48:08,Mostly Cloudy,7,6,8
08:50:09,Mostly Cloudy,7,6,8
08:52:09,Mostly Cloudy,7,6,8
08:54:08,Mostly Cloudy,7,6,8
08:56:08,Mostly Cloudy,7,6,8
08:58:08,Mostly Cloudy,7,6,8
09:00:09,Mostly Cloudy,7,6,8
09:02:08,Mostly Cloudy,7,6,8
09:04:08,Mostly Cloudy,7,6,8
09:06:09,Mostly Cloudy,7,6,8
09:08:09,Mostly Cloudy,7,6,8
09:10:09,Mostly Cloudy,7,6,8
09:12:08,Mostly Cloudy,7,6,9
09:14:09,Mostly Cloudy,7,6,9
09:16:09,Mostly Cloudy,7,6,9
09:18:08,Mostly Cloudy,7,6,9
09:20:09,Mostly Cloudy,7,6,9
09:22:09,Mostly Cloudy,7,6,9
09:24:09,Mostly Cloudy,7,6,9
09:26:09,Mostly Cloudy,7,6,9
09:28:09,Mostly Cloudy,7,6,9
09:30:09,Mostly Cloudy,7,6,9
09:32:08,Mostly Cloudy,7,6,9
09:34:09,Mostly Cloudy,7,6,9
09:36:09,Mostly Cloudy,7,6,9
09:38:08,Mostly Cloudy,7,6,9
09:40:08,Mostly Cloudy,7,6,9
09:42:09,Mostly Cloudy,7,6,9
09:44:09,Mostly Cloudy,7,6,9
09:46:09,Mostly Cloudy,7,6,9
09:48:08,Mostly Cloudy,8,7,9
09:50:08,Mostly Cloudy,8,7,9
09:52:09,Mostly Cloudy,8,7,9
09:54:09,Mostly Cloudy,8,7,9
09:56:09,Mostly Cloudy,8,7,9
09:58:09,Mostly Cloudy,8,7,9
10:00:09,Mostly Cloudy,8,7,9
10:02:09,Mostly Cloudy,8,7,9
10:04:09,Mostly Cloudy,8,7,9
10:06:08,Mostly Cloudy,8,7,9
10:08:09,Mostly Cloudy,8,7,9
10:10:09,Mostly Cloudy,8,7,9
10:12:09,Mostly Cloudy,8,7,9
10:14:08,Mostly Cloudy,8,7,9
10:16:09,Mostly Cloudy,8,7,9
10:18:08,Mostly Cloudy,8,7,9
10:20:08,Mostly Cloudy,8,7,9
10:22:09,Mostly Cloudy,8,7,9
10:24:09,Mostly Cloudy,8,7,9
10:26:09,Mostly Cloudy,8,7,9
10:28:08,Mostly Cloudy,8,7,9
10:30:09,Mostly Cloudy,8,7,9
10:32:09,Mostly Cloudy,8,7,9
10:34:09,Mostly Cloudy,8,7,9
10:36:09,Mostly Cloudy,8,7,9
10:38:09,Mostly Cloudy,8,7,9
10:40:09,Mostly Cloudy,8,7,9
10:42:08,Mostly Cloudy,8,7,12
10:44:09,Mostly Cloudy,8,7,12
10:46:09,Mostly Cloudy,8,7,12
10:48:08,Mostly Cloudy,8,7,12
10:50:08,Mostly Cloudy,8,7,12
10:52:08,Mostly Cloudy,8,7,12
10:54:09,Mostly Cloudy,8,7,12
10:56:09,Mostly Cloudy,8,7,12
10:58:09,Mostly Cloudy,8,7,12
11:00:09,Mostly Cloudy,8,7,12
11:02:09,Mostly Cloudy,8,7,12
11:04:08,Mostly Cloudy,8,7,12
11:06:08,Mostly Cloudy,8,7,12
11:08:09,Mostly Cloudy,8,7,12
11:10:09,Mostly Cloudy,8,7,12
11:12:09,Mostly Cloudy,8,7,12
11:14:08,Mostly Cloudy,8,7,12
11:16:09,Mostly Cloudy,8,7,12
11:18:09,Mostly Cloudy,8,7,12
11:20:08,Mostly Cloudy,8,7,12
11:22:09,Mostly Cloudy,8,7,12
11:24:09,Mostly Cloudy,8,7,12
11:26:09,Mostly Cloudy,8,7,12
11:28:08,Mostly Cloudy,8,7,12
11:30:08,Mostly Cloudy,8,7,12
11:32:09,Mostly Cloudy,8,7,12
11:34:09,Mostly Cloudy,8,7,12
11:36:09,Mostly Cloudy,8,7,12
11:38:08,Mostly Cloudy,8,7,12
11:40:09,Mostly Cloudy,8,7,12
11:42:08,Mostly Cloudy,8,7,12
11:44:09,Mostly Cloudy,8,7,12
11:46:09,Mostly Cloudy,8,7,12
11:48:09,Mostly Cloudy,8,7,12
11:50:09,Mostly Cloudy,8,7,12
11:52:09,Mostly Cloudy,8,7,12
11:54:09,Mostly Cloudy,8,7,12
11:56:08,Mostly Cloudy,8,7,12
11:58:09,Mostly Cloudy,8,7,12
12:00:09,Mostly Cloudy,8,7,12
12:02:09,Mostly Cloudy,8,7,12
12:04:08,Mostly Cloudy,8,7,12
12:06:09,Mostly Cloudy,8,7,12
12:08:09,Mostly Cloudy,8,7,12
12:10:09,Mostly Cloudy,8,7,12
12:12:08,Mostly Cloudy,8,7,12
12:14:09,Mostly Cloudy,8,7,12
12:16:09,Mostly Cloudy,8,7,12
12:18:08,Mostly Cloudy,8,7,12
12:20:09,Mostly Cloudy,8,7,12
12:22:09,Mostly Cloudy,8,7,12
12:24:08,Mostly Cloudy,8,7,12
12:26:09,Mostly Cloudy,8,7,12
12:28:09,Mostly Cloudy,8,7,12
12:30:09,Mostly Cloudy,8,7,12
12:32:08,Mostly Cloudy,8,7,12
12:34:09,Mostly Cloudy,8,7,12
12:36:09,Mostly Cloudy,8,7,12
12:38:09,Mostly Cloudy,8,7,12
12:40:08,Mostly Cloudy,8,7,12
12:42:08,Mostly Cloudy,10,10,14
12:44:09,Mostly Cloudy,10,10,14
12:46:09,Mostly Cloudy,10,10,14
12:48:08,Mostly Cloudy,10,10,14
12:50:09,Mostly Cloudy,10,10,14
12:52:09,Mostly Cloudy,10,10,14
12:54:08,Mostly Cloudy,10,10,14
12:56:09,Mostly Cloudy,10,10,14
12:58:09,Mostly Cloudy,10,10,14
13:00:08,Mostly Cloudy,10,10,14
13:02:09,Mostly Cloudy,10,10,14
13:04:09,Mostly Cloudy,10,10,14
13:06:08,Mostly Cloudy,10,10,14
13:08:09,Mostly Cloudy,10,10,14
13:10:09,Mostly Cloudy,8,6,14
13:12:09,Mostly Cloudy,8,6,14
13:14:08,Mostly Cloudy,8,6,14
13:16:08,Mostly Cloudy,8,6,14
13:18:09,Mostly Cloudy,8,6,14
13:20:08,Mostly Cloudy,8,6,14
13:22:08,Mostly Cloudy,8,6,14
13:24:09,Mostly Cloudy,8,6,14
13:26:09,Mostly Cloudy,8,6,14
13:28:08,Mostly Cloudy,8,6,14
13:30:09,Mostly Cloudy,8,6,14
13:32:09,Mostly Cloudy,8,6,14
13:34:09,Mostly Cloudy,8,6,14
13:36:08,Mostly Cloudy,8,6,14
13:38:09,Mostly Cloudy,8,6,14
13:40:09,Mostly Cloudy,10,10,14
13:42:09,Mostly Cloudy,10,10,14
13:44:08,Mostly Cloudy,10,10,14
13:46:09,Mostly Cloudy,10,10,14
13:48:08,Mostly Cloudy,10,10,14
13:50:08,Mostly Cloudy,10,10,14
13:52:09,Mostly Cloudy,10,10,14
13:54:09,Mostly Cloudy,10,10,14
13:56:08,Mostly Cloudy,10,10,14
13:58:09,Mostly Cloudy,10,10,14
14:00:09,Mostly Cloudy,10,10,14
14:02:09,Mostly Cloudy,10,10,14
14:04:08,Mostly Cloudy,10,10,14
14:06:09,Mostly Cloudy,10,10,14
14:08:09,Mostly Cloudy,10,10,14
14:10:09,Mostly Cloudy,10,10,14
14:12:08,Mostly Cloudy,10,10,14
14:14:09,Mostly Cloudy,10,10,14
14:16:09,Mostly Cloudy,10,10,14
14:18:09,Mostly Cloudy,10,10,14
14:20:09,Mostly Cloudy,10,10,14
14:22:09,Mostly Cloudy,10,10,14
14:24:08,Mostly Cloudy,10,10,14
14:26:09,Mostly Cloudy,10,10,14
14:28:09,Mostly Cloudy,10,10,14
14:30:09,Mostly Cloudy,10,10,14
14:32:09,Mostly Cloudy,10,10,14
14:34:09,Mostly Cloudy,10,10,14
14:36:09,Mostly Cloudy,10,10,14
14:38:08,Mostly Cloudy,10,10,14
14:40:08,Mostly Cloudy,10,10,14
14:42:09,Mostly Cloudy,10,10,14
14:44:09,Mostly Cloudy,10,10,14
14:46:09,Mostly Cloudy,10,10,16
14:48:08,Mostly Cloudy,10,10,16
14:50:08,Mostly Cloudy,10,10,16
14:52:09,Mostly Cloudy,10,10,16
14:54:09,Mostly Cloudy,10,10,16
14:56:09,Mostly Cloudy,10,10,16
14:58:08,Mostly Cloudy,10,10,16
15:00:09,Mostly Cloudy,10,10,16
15:02:09,Mostly Cloudy,10,10,16
15:04:09,Mostly Cloudy,10,10,16
15:06:08,Mostly Cloudy,10,10,16
15:08:09,Mostly Cloudy,10,10,16
15:10:09,Mostly Cloudy,10,10,14
15:12:09,Mostly Cloudy,10,10,14
15:14:09,Mostly Cloudy,10,10,14
15:16:08,Mostly Cloudy,10,10,14
15:18:09,Mostly Cloudy,10,10,14
15:20:09,Mostly Cloudy,10,10,14
15:22:08,Mostly Cloudy,10,10,14
15:24:08,Mostly Cloudy,10,10,14
15:26:09,Mostly Cloudy,10,10,14
15:28:09,Mostly Cloudy,10,10,14
15:30:08,Mostly Cloudy,10,10,14
15:32:09,Mostly Cloudy,10,10,14
15:34:09,Mostly Cloudy,10,10,14
15:36:08,Mostly Cloudy,10,10,14
15:38:08,Mostly Cloudy,10,10,14
15:40:09,Mostly Cloudy,10,10,14
15:42:09,Mostly Cloudy,10,10,14
15:44:09,Mostly Cloudy,10,10,14
15:46:08,Mostly Cloudy,10,10,14
15:48:09,Mostly Cloudy,10,10,14
15:50:09,Mostly Cloudy,10,10,14
15:52:08,Mostly Cloudy,10,10,14
15:54:09,Mostly Cloudy,10,10,14
15:56:09,Mostly Cloudy,10,10,14
15:58:08,Mostly Cloudy,10,10,14
16:00:09,Mostly Cloudy,10,10,14
16:02:09,Mostly Cloudy,10,10,14
16:04:08,Mostly Cloudy,10,10,14
16:06:09,Mostly Cloudy,10,10,14
16:08:08,Mostly Cloudy,10,10,14
16:10:08,Mostly Cloudy,10,10,14
16:12:09,Mostly Cloudy,10,10,14
16:14:09,Mostly Cloudy,10,10,14
16:16:09,Mostly Cloudy,10,10,14
16:18:08,Mostly Cloudy,10,10,14
16:20:09,Mostly Cloudy,10,10,14
16:22:09,Mostly Cloudy,10,10,14
16:24:08,Mostly Cloudy,10,10,14
16:26:09,Mostly Cloudy,10,10,14
16:28:09,Mostly Cloudy,10,10,14
16:30:08,Mostly Cloudy,10,10,14
16:32:09,Mostly Cloudy,10,10,14
16:34:08,Mostly Cloudy,10,10,14
16:36:08,Mostly Cloudy,10,10,14
16:38:09,Mostly Cloudy,10,10,14
16:40:08,Mostly Cloudy,10,10,14
16:42:09,Mostly Cloudy,10,10,14
16:44:09,Mostly Cloudy,10,10,14
16:46:08,Mostly Cloudy,10,10,14
16:48:09,Mostly Cloudy,10,10,14
16:50:09,Mostly Cloudy,10,10,14
16:52:08,Mostly Cloudy,10,10,14
16:54:09,Mostly Cloudy,10,10,14
16:56:09,Mostly Cloudy,10,10,14
16:58:09,Mostly Cloudy,10,10,14
17:00:08,Mostly Cloudy,10,10,14
17:02:08,Mostly Cloudy,10,10,14
17:04:09,Mostly Cloudy,10,10,14
17:06:09,Mostly Cloudy,10,10,14
17:08:09,Mostly Cloudy,10,10,14
17:10:08,Mostly Cloudy,10,10,14
17:12:08,Mostly Cloudy,10,10,14
17:14:09,Mostly Cloudy,10,10,14
17:16:09,Mostly Cloudy,10,10,14
17:18:09,Mostly Cloudy,10,10,14
17:20:09,Mostly Cloudy,10,10,14
17:22:09,Mostly Cloudy,10,10,14
17:24:08,Mostly Cloudy,10,10,14
17:26:09,Mostly Cloudy,10,10,14
17:28:09,Mostly Cloudy,10,10,14
17:30:08,Mostly Cloudy,10,10,14
17:32:09,Mostly Cloudy,10,10,14
17:34:09,Mostly Cloudy,10,10,14
17:36:09,Mostly Cloudy,10,10,14
17:38:08,Mostly Cloudy,10,10,14
17:40:09,Mostly Cloudy,10,10,14
17:42:09,Mostly Cloudy,10,10,14
17:44:08,Mostly Cloudy,10,10,14
17:46:09,Mostly Cloudy,10,10,14
17:48:09,Mostly Cloudy,10,10,14
17:50:08,Mostly Cloudy,10,10,14
17:52:09,Mostly Cloudy,10,10,14
17:54:09,Mostly Cloudy,10,10,14
17:56:08,Mostly Cloudy,10,10,14
17:58:09,Mostly Cloudy,10,10,14
18:00:09,Mostly Cloudy,10,10,14
18:02:08,Mostly Cloudy,10,10,14
18:04:08,Mostly Cloudy,10,10,14
18:06:09,Mostly Cloudy,10,10,14
18:08:09,Mostly Cloudy,10,10,14
18:10:09,Mostly Cloudy,8,7,11
18:12:08,Mostly Cloudy,8,7,11
18:14:09,Mostly Cloudy,8,7,11
18:16:09,Mostly Cloudy,8,7,11
18:18:09,Mostly Cloudy,8,7,11
18:20:09,Mostly Cloudy,8,7,11
18:22:09,Mostly Cloudy,8,7,11
18:24:08,Mostly Cloudy,8,7,11
18:26:08,Mostly Cloudy,8,7,11
18:28:08,Mostly Cloudy,8,7,11
18:30:09,Mostly Cloudy,8,7,11
18:32:09,Mostly Cloudy,8,7,11
18:34:08,Mostly Cloudy,8,7,11
18:36:08,Mostly Cloudy,8,7,11
18:38:09,Mostly Cloudy,8,7,11
18:40:09,Mostly Cloudy,8,7,11
18:42:08,Mostly Cloudy,8,7,11
18:44:08,Mostly Cloudy,8,7,11
18:46:09,Mostly Cloudy,8,7,11
18:48:08,Mostly Cloudy,8,7,11
18:50:08,Mostly Cloudy,8,7,11
18:52:09,Mostly Cloudy,8,7,11
18:54:09,Mostly Cloudy,8,7,11
18:56:09,Mostly Cloudy,8,7,11
18:58:09,Mostly Cloudy,8,7,11
19:00:08,Mostly Cloudy,8,7,11
19:02:09,Mostly Cloudy,8,7,11
19:04:09,Mostly Cloudy,8,7,11
19:06:09,Mostly Cloudy,8,7,11
19:08:08,Mostly Cloudy,8,7,11
19:10:09,Mostly Cloudy,8,7,11
19:12:09,Mostly Cloudy,8,7,11
19:14:09,Mostly Cloudy,8,7,11
19:16:09,Mostly Cloudy,8,7,11
19:18:08,Mostly Cloudy,8,7,11
19:20:09,Mostly Cloudy,8,7,11
19:22:09,Mostly Cloudy,8,7,11
19:24:09,Mostly Cloudy,8,7,11
19:26:09,Mostly Cloudy,8,7,11
19:28:09,Mostly Cloudy,8,7,11
19:30:08,Mostly Cloudy,8,7,11
19:32:08,Mostly Cloudy,8,7,11
19:34:08,Mostly Cloudy,8,7,11
19:36:08,Mostly Cloudy,8,7,11
19:38:09,Mostly Cloudy,8,7,11
19:40:09,Mostly Cloudy,8,7,11
19:42:08,Mostly Cloudy,8,7,11
19:44:08,Mostly Cloudy,8,7,11
19:46:09,Mostly Cloudy,8,7,11
19:48:09,Mostly Cloudy,8,7,11
19:50:08,Mostly Cloudy,8,7,11
19:52:09,Mostly Cloudy,8,7,11
19:54:09,Mostly Cloudy,8,7,11
19:56:08,Mostly Cloudy,8,7,11
19:58:09,Mostly Cloudy,8,7,11
20:00:09,Mostly Cloudy,8,7,11
20:02:09,Mostly Cloudy,8,7,11
20:04:08,Mostly Cloudy,8,7,11
20:06:09,Mostly Cloudy,8,7,11
20:08:09,Mostly Cloudy,8,7,11
20:10:08,Mostly Cloudy,8,7,11
20:12:09,Mostly Cloudy,8,7,11
20:14:09,Mostly Cloudy,7,7,4
20:16:08,Mostly Cloudy,7,7,4
20:18:09,Mostly Cloudy,7,7,4
20:20:09,Mostly Cloudy,7,7,4
20:22:08,Mostly Cloudy,7,7,4
20:24:09,Mostly Cloudy,7,7,4
20:26:09,Mostly Cloudy,7,7,4
20:28:08,Mostly Cloudy,7,7,4
20:30:08,Mostly Cloudy,7,7,4
20:32:09,Mostly Cloudy,7,7,4
20:34:08,Mostly Cloudy,7,7,4
20:36:08,Mostly Cloudy,7,7,4
20:38:08,Mostly Cloudy,7,7,4
20:40:09,Mostly Cloudy,7,7,4
20:42:08,Mostly Cloudy,7,7,4
20:44:08,Mostly Cloudy,7,7,4
20:46:09,Mostly Cloudy,7,7,4
20:48:09,Mostly Cloudy,7,7,4
20:50:08,Mostly Cloudy,7,7,4
20:52:09,Mostly Cloudy,7,7,4
20:54:09,Mostly Cloudy,7,7,4
20:56:08,Mostly Cloudy,7,7,4
20:58:09,Mostly Cloudy,7,7,4
21:00:09,Mostly Cloudy,7,7,4
21:02:09,Mostly Cloudy,7,7,4
21:04:09,Mostly Cloudy,7,7,4
21:06:08,Mostly Cloudy,7,7,4
21:08:09,Mostly Cloudy,7,7,4
21:10:09,Mostly Cloudy,7,7,4
21:12:08,Mostly Cloudy,7,7,4
21:14:09,Mostly Cloudy,7,7,4
21:16:09,Mostly Cloudy,7,7,4
21:18:09,Mostly Cloudy,7,7,4
21:20:09,Mostly Cloudy,7,6,8
21:22:09,Mostly Cloudy,7,6,8
21:24:09,Mostly Cloudy,7,6,8
21:26:09,Mostly Cloudy,7,6,8
21:28:09,Mostly Cloudy,7,6,8
21:30:08,Mostly Cloudy,7,6,8
21:32:09,Mostly Cloudy,7,6,8
21:34:09,Mostly Cloudy,7,6,8
21:36:09,Mostly Cloudy,7,6,8
21:38:08,Mostly Cloudy,7,6,8
21:40:09,Mostly Cloudy,7,6,8
21:42:09,Mostly Cloudy,7,6,8
21:44:08,Mostly Cloudy,7,6,8
21:46:09,Mostly Cloudy,7,6,8
21:48:09,Mostly Cloudy,7,6,8
21:50:09,Mostly Cloudy,7,6,8
21:52:09,Mostly Cloudy,7,6,8
21:54:09,Mostly Cloudy,7,6,8
21:56:09,Mostly Cloudy,7,6,8
21:58:08,Mostly Cloudy,7,6,8
22:00:09,Mostly Cloudy,7,6,8
22:02:09,Mostly Cloudy,7,6,8
22:04:08,Mostly Cloudy,7,6,8
22:06:09,Mostly Cloudy,7,6,8
22:08:08,Mostly Cloudy,7,6,8
22:10:09,Mostly Cloudy,7,6,8
22:12:09,Mostly Cloudy,7,6,8
22:14:09,Mostly Cloudy,7,6,8
22:16:09,Mostly Cloudy,7,6,8
22:18:08,Mostly Cloudy,7,6,8
22:20:09,Mostly Cloudy,7,7,4
22:22:08,Mostly Cloudy,7,7,4
22:24:08,Mostly Cloudy,7,7,4
22:26:09,Mostly Cloudy,7,7,4
22:28:09,Mostly Cloudy,7,7,4
22:30:08,Mostly Cloudy,7,7,4
22:32:09,Mostly Cloudy,7,7,4
22:34:09,Mostly Cloudy,7,7,4
22:36:09,Mostly Cloudy,7,7,4
22:38:09,Mostly Cloudy,7,7,4
22:40:09,Mostly Cloudy,7,7,4
22:42:09,Mostly Cloudy,7,7,4
22:44:08,Mostly Cloudy,7,7,4
22:46:09,Mostly Cloudy,7,7,4
22:48:09,Mostly Cloudy,7,7,4
22:50:09,Mostly Cloudy,7,7,4
22:52:08,Mostly Cloudy,7,7,4
22:54:09,Mostly Cloudy,7,7,4
22:56:09,Mostly Cloudy,7,7,4
22:58:08,Mostly Cloudy,7,7,4
23:00:09,Mostly Cloudy,7,7,4
23:02:09,Mostly Cloudy,7,7,4
23:04:08,Mostly Cloudy,7,7,4
23:06:09,Mostly Cloudy,7,7,4
23:08:09,Mostly Cloudy,7,7,4
23:10:08,Mostly Cloudy,7,7,4
23:12:08,Mostly Cloudy,7,7,4
23:14:09,Mostly Cloudy,7,7,4
23:16:09,Mostly Cloudy,7,7,4
23:18:09,Mostly Cloudy,7,7,4
23:20:09,Mostly Cloudy,7,7,4
23:22:08,Mostly Cloudy,7,7,4
23:24:09,Mostly Cloudy,7,7,4
23:26:09,Mostly Cloudy,7,7,4
23:28:08,Mostly Cloudy,7,7,4
23:30:08,Mostly Cloudy,7,7,4
23:32:09,Mostly Cloudy,7,7,4
23:34:09,Mostly Cloudy,7,7,4
23:36:08,Mostly Cloudy,7,7,4
23:38:08,Mostly Cloudy,7,7,4
23:40:09,Mostly Cloudy,7,7,4
23:42:09,Mostly Cloudy,7,7,4
23:44:08,Mostly Cloudy,7,7,4
23:46:09,Mostly Cloudy,7,7,4
23:48:09,Mostly Cloudy,7,7,4
23:50:09,Mostly Cloudy,7,7,4
23:52:08,Mostly Cloudy,7,7,4
23:54:09,Mostly Cloudy,7,7,4
23:56:09,Mostly Cloudy,7,7,4
23:58:09,Mostly Cloudy,7,7,4
